Command line invocation:
    /Applications/Xcode.app/Contents/Developer/usr/bin/xcodebuild -project FolioMobile.xcodeproj -scheme FolioMobile -configuration Release -destination "generic/platform=iOS Simulator" -derivedDataPath /Users/tianli/Library/Caches/sim-lane/platform-measure/sim-lane-build.e6982c0791732bfce73b18268bda234214598f596023b7e4fb5e4d72f08f88e6/sim-lane-build.ixvqzr98/dd CODE_SIGNING_ALLOWED=NO build

Build settings from command line:
    CODE_SIGNING_ALLOWED = NO

ComputePackagePrebuildTargetDependencyGraph

Prepare packages

CreateBuildRequest

SendProjectDescription

CreateBuildOperation

ComputeTargetDependencyGraph
note: Building targets in dependency order
note: Target dependency graph (1 target)
    Target 'FolioMobile' in project 'FolioMobile' (no dependencies)

GatherProvisioningInputs

CreateBuildDescription

ExecuteExternalTool /Applications/Xcode.app/Contents/Developer/Toolchains/XcodeDefault.xctoolchain/usr/bin/clang -v -E -dM -isysroot /Applications/Xcode.app/Contents/Developer/Platforms/iPhoneSimulator.platform/Developer/SDKs/iPhoneSimulator27.0.sdk -x c -c /dev/null

ExecuteExternalTool /Applications/Xcode.app/Contents/Developer/usr/bin/actool --print-asset-tag-combinations --output-format xml1 /Users/tianli/Library/Caches/sim-lane/platform-measure/sim-lane-build.e6982c0791732bfce73b18268bda234214598f596023b7e4fb5e4d72f08f88e6/sim-lane-build.ixvqzr98/src/ios/01-源程序/Resources/Assets.xcassets

ExecuteExternalTool /Applications/Xcode.app/Contents/Developer/usr/bin/actool --version --output-format xml1

ExecuteExternalTool /Applications/Xcode.app/Contents/Developer/Toolchains/XcodeDefault.xctoolchain/usr/bin/swiftc --version

ExecuteExternalTool /Applications/Xcode.app/Contents/Developer/Toolchains/XcodeDefault.xctoolchain/usr/bin/ld -version_details

Build description signature: 45633662dd2697690644431ff5ac0431
Build description path: /Users/tianli/Library/Caches/sim-lane/platform-measure/sim-lane-build.e6982c0791732bfce73b18268bda234214598f596023b7e4fb5e4d72f08f88e6/sim-lane-build.ixvqzr98/dd/Build/Intermediates.noindex/XCBuildData/45633662dd2697690644431ff5ac0431.xcbuilddata
CreateBuildDirectory /Users/tianli/Library/Caches/sim-lane/platform-measure/sim-lane-build.e6982c0791732bfce73b18268bda234214598f596023b7e4fb5e4d72f08f88e6/sim-lane-build.ixvqzr98/dd/ModuleCache.noindex
    cd /Users/tianli/Library/Caches/sim-lane/platform-measure/sim-lane-build.e6982c0791732bfce73b18268bda234214598f596023b7e4fb5e4d72f08f88e6/sim-lane-build.ixvqzr98/src/ios/01-源程序/FolioMobile.xcodeproj
    builtin-create-build-directory /Users/tianli/Library/Caches/sim-lane/platform-measure/sim-lane-build.e6982c0791732bfce73b18268bda234214598f596023b7e4fb5e4d72f08f88e6/sim-lane-build.ixvqzr98/dd/ModuleCache.noindex

CreateBuildDirectory /Users/tianli/Library/Caches/sim-lane/platform-measure/sim-lane-build.e6982c0791732bfce73b18268bda234214598f596023b7e4fb5e4d72f08f88e6/sim-lane-build.ixvqzr98/dd/SDKExplicitPrecompiledModules
    cd /Users/tianli/Library/Caches/sim-lane/platform-measure/sim-lane-build.e6982c0791732bfce73b18268bda234214598f596023b7e4fb5e4d72f08f88e6/sim-lane-build.ixvqzr98/src/ios/01-源程序/FolioMobile.xcodeproj
    builtin-create-build-directory /Users/tianli/Library/Caches/sim-lane/platform-measure/sim-lane-build.e6982c0791732bfce73b18268bda234214598f596023b7e4fb5e4d72f08f88e6/sim-lane-build.ixvqzr98/dd/SDKExplicitPrecompiledModules

CreateBuildDirectory /Users/tianli/Library/Caches/sim-lane/platform-measure/sim-lane-build.e6982c0791732bfce73b18268bda234214598f596023b7e4fb5e4d72f08f88e6/sim-lane-build.ixvqzr98/dd/CompilationCache.noindex
    cd /Users/tianli/Library/Caches/sim-lane/platform-measure/sim-lane-build.e6982c0791732bfce73b18268bda234214598f596023b7e4fb5e4d72f08f88e6/sim-lane-build.ixvqzr98/src/ios/01-源程序/FolioMobile.xcodeproj
    builtin-create-build-directory /Users/tianli/Library/Caches/sim-lane/platform-measure/sim-lane-build.e6982c0791732bfce73b18268bda234214598f596023b7e4fb5e4d72f08f88e6/sim-lane-build.ixvqzr98/dd/CompilationCache.noindex

CreateBuildDirectory /Users/tianli/Library/Caches/sim-lane/platform-measure/sim-lane-build.e6982c0791732bfce73b18268bda234214598f596023b7e4fb5e4d72f08f88e6/sim-lane-build.ixvqzr98/dd/Build/Products
    cd /Users/tianli/Library/Caches/sim-lane/platform-measure/sim-lane-build.e6982c0791732bfce73b18268bda234214598f596023b7e4fb5e4d72f08f88e6/sim-lane-build.ixvqzr98/src/ios/01-源程序/FolioMobile.xcodeproj
    builtin-create-build-directory /Users/tianli/Library/Caches/sim-lane/platform-measure/sim-lane-build.e6982c0791732bfce73b18268bda234214598f596023b7e4fb5e4d72f08f88e6/sim-lane-build.ixvqzr98/dd/Build/Products

CreateBuildDirectory /Users/tianli/Library/Caches/sim-lane/platform-measure/sim-lane-build.e6982c0791732bfce73b18268bda234214598f596023b7e4fb5e4d72f08f88e6/sim-lane-build.ixvqzr98/dd/Build/Intermediates.noindex
    cd /Users/tianli/Library/Caches/sim-lane/platform-measure/sim-lane-build.e6982c0791732bfce73b18268bda234214598f596023b7e4fb5e4d72f08f88e6/sim-lane-build.ixvqzr98/src/ios/01-源程序/FolioMobile.xcodeproj
    builtin-create-build-directory /Users/tianli/Library/Caches/sim-lane/platform-measure/sim-lane-build.e6982c0791732bfce73b18268bda234214598f596023b7e4fb5e4d72f08f88e6/sim-lane-build.ixvqzr98/dd/Build/Intermediates.noindex

ClangStatCache /Applications/Xcode.app/Contents/Developer/Toolchains/XcodeDefault.xctoolchain/usr/bin/clang-stat-cache /Applications/Xcode.app/Contents/Developer/Platforms/iPhoneSimulator.platform/Developer/SDKs/iPhoneSimulator27.0.sdk /Users/tianli/Library/Caches/sim-lane/platform-measure/sim-lane-build.e6982c0791732bfce73b18268bda234214598f596023b7e4fb5e4d72f08f88e6/sim-lane-build.ixvqzr98/dd/SDKStatCaches.noindex/iphonesimulator27.0-24A430-8dc58220667be655e1bcc261a7455254.sdkstatcache
    cd /Users/tianli/Library/Caches/sim-lane/platform-measure/sim-lane-build.e6982c0791732bfce73b18268bda234214598f596023b7e4fb5e4d72f08f88e6/sim-lane-build.ixvqzr98/src/ios/01-源程序/FolioMobile.xcodeproj
    /Applications/Xcode.app/Contents/Developer/Toolchains/XcodeDefault.xctoolchain/usr/bin/clang-stat-cache /Applications/Xcode.app/Contents/Developer/Platforms/iPhoneSimulator.platform/Developer/SDKs/iPhoneSimulator27.0.sdk -o /Users/tianli/Library/Caches/sim-lane/platform-measure/sim-lane-build.e6982c0791732bfce73b18268bda234214598f596023b7e4fb5e4d72f08f88e6/sim-lane-build.ixvqzr98/dd/SDKStatCaches.noindex/iphonesimulator27.0-24A430-8dc58220667be655e1bcc261a7455254.sdkstatcache

CreateBuildDirectory /Users/tianli/Library/Caches/sim-lane/platform-measure/sim-lane-build.e6982c0791732bfce73b18268bda234214598f596023b7e4fb5e4d72f08f88e6/sim-lane-build.ixvqzr98/dd/Build/Products/Release-iphonesimulator
    cd /Users/tianli/Library/Caches/sim-lane/platform-measure/sim-lane-build.e6982c0791732bfce73b18268bda234214598f596023b7e4fb5e4d72f08f88e6/sim-lane-build.ixvqzr98/src/ios/01-源程序/FolioMobile.xcodeproj
    builtin-create-build-directory /Users/tianli/Library/Caches/sim-lane/platform-measure/sim-lane-build.e6982c0791732bfce73b18268bda234214598f596023b7e4fb5e4d72f08f88e6/sim-lane-build.ixvqzr98/dd/Build/Products/Release-iphonesimulator

CreateBuildDirectory /Users/tianli/Library/Caches/sim-lane/platform-measure/sim-lane-build.e6982c0791732bfce73b18268bda234214598f596023b7e4fb5e4d72f08f88e6/sim-lane-build.ixvqzr98/dd/Build/Intermediates.noindex/SwiftExplicitPrecompiledModules
    cd /Users/tianli/Library/Caches/sim-lane/platform-measure/sim-lane-build.e6982c0791732bfce73b18268bda234214598f596023b7e4fb5e4d72f08f88e6/sim-lane-build.ixvqzr98/src/ios/01-源程序/FolioMobile.xcodeproj
    builtin-create-build-directory /Users/tianli/Library/Caches/sim-lane/platform-measure/sim-lane-build.e6982c0791732bfce73b18268bda234214598f596023b7e4fb5e4d72f08f88e6/sim-lane-build.ixvqzr98/dd/Build/Intermediates.noindex/SwiftExplicitPrecompiledModules

CreateBuildDirectory /Users/tianli/Library/Caches/sim-lane/platform-measure/sim-lane-build.e6982c0791732bfce73b18268bda234214598f596023b7e4fb5e4d72f08f88e6/sim-lane-build.ixvqzr98/dd/Build/Intermediates.noindex/PrecompiledHeaders
    cd /Users/tianli/Library/Caches/sim-lane/platform-measure/sim-lane-build.e6982c0791732bfce73b18268bda234214598f596023b7e4fb5e4d72f08f88e6/sim-lane-build.ixvqzr98/src/ios/01-源程序/FolioMobile.xcodeproj
    builtin-create-build-directory /Users/tianli/Library/Caches/sim-lane/platform-measure/sim-lane-build.e6982c0791732bfce73b18268bda234214598f596023b7e4fb5e4d72f08f88e6/sim-lane-build.ixvqzr98/dd/Build/Intermediates.noindex/PrecompiledHeaders

CreateBuildDirectory /Users/tianli/Library/Caches/sim-lane/platform-measure/sim-lane-build.e6982c0791732bfce73b18268bda234214598f596023b7e4fb5e4d72f08f88e6/sim-lane-build.ixvqzr98/dd/Build/Intermediates.noindex/ExplicitPrecompiledModules
    cd /Users/tianli/Library/Caches/sim-lane/platform-measure/sim-lane-build.e6982c0791732bfce73b18268bda234214598f596023b7e4fb5e4d72f08f88e6/sim-lane-build.ixvqzr98/src/ios/01-源程序/FolioMobile.xcodeproj
    builtin-create-build-directory /Users/tianli/Library/Caches/sim-lane/platform-measure/sim-lane-build.e6982c0791732bfce73b18268bda234214598f596023b7e4fb5e4d72f08f88e6/sim-lane-build.ixvqzr98/dd/Build/Intermediates.noindex/ExplicitPrecompiledModules

CreateBuildDirectory /Users/tianli/Library/Caches/sim-lane/platform-measure/sim-lane-build.e6982c0791732bfce73b18268bda234214598f596023b7e4fb5e4d72f08f88e6/sim-lane-build.ixvqzr98/dd/Build/Intermediates.noindex/EagerLinkingTBDs/Release-iphonesimulator
    cd /Users/tianli/Library/Caches/sim-lane/platform-measure/sim-lane-build.e6982c0791732bfce73b18268bda234214598f596023b7e4fb5e4d72f08f88e6/sim-lane-build.ixvqzr98/src/ios/01-源程序/FolioMobile.xcodeproj
    builtin-create-build-directory /Users/tianli/Library/Caches/sim-lane/platform-measure/sim-lane-build.e6982c0791732bfce73b18268bda234214598f596023b7e4fb5e4d72f08f88e6/sim-lane-build.ixvqzr98/dd/Build/Intermediates.noindex/EagerLinkingTBDs/Release-iphonesimulator

WriteAuxiliaryFile /Users/tianli/Library/Caches/sim-lane/platform-measure/sim-lane-build.e6982c0791732bfce73b18268bda234214598f596023b7e4fb5e4d72f08f88e6/sim-lane-build.ixvqzr98/dd/Build/Intermediates.noindex/FolioMobile.build/Release-iphonesimulator/FolioMobile-a00ff7f6f0435e63d009741a81bfe0b4-VFS-iphonesimulator/all-product-headers.yaml
    cd /Users/tianli/Library/Caches/sim-lane/platform-measure/sim-lane-build.e6982c0791732bfce73b18268bda234214598f596023b7e4fb5e4d72f08f88e6/sim-lane-build.ixvqzr98/src/ios/01-源程序/FolioMobile.xcodeproj
    write-file /Users/tianli/Library/Caches/sim-lane/platform-measure/sim-lane-build.e6982c0791732bfce73b18268bda234214598f596023b7e4fb5e4d72f08f88e6/sim-lane-build.ixvqzr98/dd/Build/Intermediates.noindex/FolioMobile.build/Release-iphonesimulator/FolioMobile-a00ff7f6f0435e63d009741a81bfe0b4-VFS-iphonesimulator/all-product-headers.yaml

WriteAuxiliaryFile /Users/tianli/Library/Caches/sim-lane/platform-measure/sim-lane-build.e6982c0791732bfce73b18268bda234214598f596023b7e4fb5e4d72f08f88e6/sim-lane-build.ixvqzr98/dd/Build/Intermediates.noindex/FolioMobile.build/Release-iphonesimulator/FolioMobile.build/Objects-normal/x86_64/FolioMobile_const_extract_protocols.json (in target 'FolioMobile' from project 'FolioMobile')
    cd /Users/tianli/Library/Caches/sim-lane/platform-measure/sim-lane-build.e6982c0791732bfce73b18268bda234214598f596023b7e4fb5e4d72f08f88e6/sim-lane-build.ixvqzr98/src/ios/01-源程序
    write-file /Users/tianli/Library/Caches/sim-lane/platform-measure/sim-lane-build.e6982c0791732bfce73b18268bda234214598f596023b7e4fb5e4d72f08f88e6/sim-lane-build.ixvqzr98/dd/Build/Intermediates.noindex/FolioMobile.build/Release-iphonesimulator/FolioMobile.build/Objects-normal/x86_64/FolioMobile_const_extract_protocols.json

WriteAuxiliaryFile /Users/tianli/Library/Caches/sim-lane/platform-measure/sim-lane-build.e6982c0791732bfce73b18268bda234214598f596023b7e4fb5e4d72f08f88e6/sim-lane-build.ixvqzr98/dd/Build/Intermediates.noindex/FolioMobile.build/Release-iphonesimulator/FolioMobile.build/Objects-normal/x86_64/FolioMobile-OutputFileMap.json (in target 'FolioMobile' from project 'FolioMobile')
    cd /Users/tianli/Library/Caches/sim-lane/platform-measure/sim-lane-build.e6982c0791732bfce73b18268bda234214598f596023b7e4fb5e4d72f08f88e6/sim-lane-build.ixvqzr98/src/ios/01-源程序
    write-file /Users/tianli/Library/Caches/sim-lane/platform-measure/sim-lane-build.e6982c0791732bfce73b18268bda234214598f596023b7e4fb5e4d72f08f88e6/sim-lane-build.ixvqzr98/dd/Build/Intermediates.noindex/FolioMobile.build/Release-iphonesimulator/FolioMobile.build/Objects-normal/x86_64/FolioMobile-OutputFileMap.json

WriteAuxiliaryFile /Users/tianli/Library/Caches/sim-lane/platform-measure/sim-lane-build.e6982c0791732bfce73b18268bda234214598f596023b7e4fb5e4d72f08f88e6/sim-lane-build.ixvqzr98/dd/Build/Intermediates.noindex/FolioMobile.build/Release-iphonesimulator/FolioMobile.build/Objects-normal/x86_64/Folio.SwiftFileList (in target 'FolioMobile' from project 'FolioMobile')
    cd /Users/tianli/Library/Caches/sim-lane/platform-measure/sim-lane-build.e6982c0791732bfce73b18268bda234214598f596023b7e4fb5e4d72f08f88e6/sim-lane-build.ixvqzr98/src/ios/01-源程序
    write-file /Users/tianli/Library/Caches/sim-lane/platform-measure/sim-lane-build.e6982c0791732bfce73b18268bda234214598f596023b7e4fb5e4d72f08f88e6/sim-lane-build.ixvqzr98/dd/Build/Intermediates.noindex/FolioMobile.build/Release-iphonesimulator/FolioMobile.build/Objects-normal/x86_64/Folio.SwiftFileList

WriteAuxiliaryFile /Users/tianli/Library/Caches/sim-lane/platform-measure/sim-lane-build.e6982c0791732bfce73b18268bda234214598f596023b7e4fb5e4d72f08f88e6/sim-lane-build.ixvqzr98/dd/Build/Intermediates.noindex/FolioMobile.build/Release-iphonesimulator/FolioMobile.build/Objects-normal/x86_64/Folio.SwiftConstValuesFileList (in target 'FolioMobile' from project 'FolioMobile')
    cd /Users/tianli/Library/Caches/sim-lane/platform-measure/sim-lane-build.e6982c0791732bfce73b18268bda234214598f596023b7e4fb5e4d72f08f88e6/sim-lane-build.ixvqzr98/src/ios/01-源程序
    write-file /Users/tianli/Library/Caches/sim-lane/platform-measure/sim-lane-build.e6982c0791732bfce73b18268bda234214598f596023b7e4fb5e4d72f08f88e6/sim-lane-build.ixvqzr98/dd/Build/Intermediates.noindex/FolioMobile.build/Release-iphonesimulator/FolioMobile.build/Objects-normal/x86_64/Folio.SwiftConstValuesFileList

WriteAuxiliaryFile /Users/tianli/Library/Caches/sim-lane/platform-measure/sim-lane-build.e6982c0791732bfce73b18268bda234214598f596023b7e4fb5e4d72f08f88e6/sim-lane-build.ixvqzr98/dd/Build/Intermediates.noindex/FolioMobile.build/Release-iphonesimulator/FolioMobile.build/Objects-normal/x86_64/Folio.LinkFileList (in target 'FolioMobile' from project 'FolioMobile')
    cd /Users/tianli/Library/Caches/sim-lane/platform-measure/sim-lane-build.e6982c0791732bfce73b18268bda234214598f596023b7e4fb5e4d72f08f88e6/sim-lane-build.ixvqzr98/src/ios/01-源程序
    write-file /Users/tianli/Library/Caches/sim-lane/platform-measure/sim-lane-build.e6982c0791732bfce73b18268bda234214598f596023b7e4fb5e4d72f08f88e6/sim-lane-build.ixvqzr98/dd/Build/Intermediates.noindex/FolioMobile.build/Release-iphonesimulator/FolioMobile.build/Objects-normal/x86_64/Folio.LinkFileList

WriteAuxiliaryFile /Users/tianli/Library/Caches/sim-lane/platform-measure/sim-lane-build.e6982c0791732bfce73b18268bda234214598f596023b7e4fb5e4d72f08f88e6/sim-lane-build.ixvqzr98/dd/Build/Intermediates.noindex/FolioMobile.build/Release-iphonesimulator/FolioMobile.build/Objects-normal/arm64/FolioMobile_const_extract_protocols.json (in target 'FolioMobile' from project 'FolioMobile')
    cd /Users/tianli/Library/Caches/sim-lane/platform-measure/sim-lane-build.e6982c0791732bfce73b18268bda234214598f596023b7e4fb5e4d72f08f88e6/sim-lane-build.ixvqzr98/src/ios/01-源程序
    write-file /Users/tianli/Library/Caches/sim-lane/platform-measure/sim-lane-build.e6982c0791732bfce73b18268bda234214598f596023b7e4fb5e4d72f08f88e6/sim-lane-build.ixvqzr98/dd/Build/Intermediates.noindex/FolioMobile.build/Release-iphonesimulator/FolioMobile.build/Objects-normal/arm64/FolioMobile_const_extract_protocols.json

WriteAuxiliaryFile /Users/tianli/Library/Caches/sim-lane/platform-measure/sim-lane-build.e6982c0791732bfce73b18268bda234214598f596023b7e4fb5e4d72f08f88e6/sim-lane-build.ixvqzr98/dd/Build/Intermediates.noindex/FolioMobile.build/Release-iphonesimulator/FolioMobile.build/Objects-normal/arm64/FolioMobile-OutputFileMap.json (in target 'FolioMobile' from project 'FolioMobile')
    cd /Users/tianli/Library/Caches/sim-lane/platform-measure/sim-lane-build.e6982c0791732bfce73b18268bda234214598f596023b7e4fb5e4d72f08f88e6/sim-lane-build.ixvqzr98/src/ios/01-源程序
    write-file /Users/tianli/Library/Caches/sim-lane/platform-measure/sim-lane-build.e6982c0791732bfce73b18268bda234214598f596023b7e4fb5e4d72f08f88e6/sim-lane-build.ixvqzr98/dd/Build/Intermediates.noindex/FolioMobile.build/Release-iphonesimulator/FolioMobile.build/Objects-normal/arm64/FolioMobile-OutputFileMap.json

WriteAuxiliaryFile /Users/tianli/Library/Caches/sim-lane/platform-measure/sim-lane-build.e6982c0791732bfce73b18268bda234214598f596023b7e4fb5e4d72f08f88e6/sim-lane-build.ixvqzr98/dd/Build/Intermediates.noindex/FolioMobile.build/Release-iphonesimulator/FolioMobile.build/Objects-normal/arm64/Folio.SwiftFileList (in target 'FolioMobile' from project 'FolioMobile')
    cd /Users/tianli/Library/Caches/sim-lane/platform-measure/sim-lane-build.e6982c0791732bfce73b18268bda234214598f596023b7e4fb5e4d72f08f88e6/sim-lane-build.ixvqzr98/src/ios/01-源程序
    write-file /Users/tianli/Library/Caches/sim-lane/platform-measure/sim-lane-build.e6982c0791732bfce73b18268bda234214598f596023b7e4fb5e4d72f08f88e6/sim-lane-build.ixvqzr98/dd/Build/Intermediates.noindex/FolioMobile.build/Release-iphonesimulator/FolioMobile.build/Objects-normal/arm64/Folio.SwiftFileList

WriteAuxiliaryFile /Users/tianli/Library/Caches/sim-lane/platform-measure/sim-lane-build.e6982c0791732bfce73b18268bda234214598f596023b7e4fb5e4d72f08f88e6/sim-lane-build.ixvqzr98/dd/Build/Intermediates.noindex/FolioMobile.build/Release-iphonesimulator/FolioMobile.build/Objects-normal/arm64/Folio.SwiftConstValuesFileList (in target 'FolioMobile' from project 'FolioMobile')
    cd /Users/tianli/Library/Caches/sim-lane/platform-measure/sim-lane-build.e6982c0791732bfce73b18268bda234214598f596023b7e4fb5e4d72f08f88e6/sim-lane-build.ixvqzr98/src/ios/01-源程序
    write-file /Users/tianli/Library/Caches/sim-lane/platform-measure/sim-lane-build.e6982c0791732bfce73b18268bda234214598f596023b7e4fb5e4d72f08f88e6/sim-lane-build.ixvqzr98/dd/Build/Intermediates.noindex/FolioMobile.build/Release-iphonesimulator/FolioMobile.build/Objects-normal/arm64/Folio.SwiftConstValuesFileList

WriteAuxiliaryFile /Users/tianli/Library/Caches/sim-lane/platform-measure/sim-lane-build.e6982c0791732bfce73b18268bda234214598f596023b7e4fb5e4d72f08f88e6/sim-lane-build.ixvqzr98/dd/Build/Intermediates.noindex/FolioMobile.build/Release-iphonesimulator/FolioMobile.build/Objects-normal/arm64/Folio.LinkFileList (in target 'FolioMobile' from project 'FolioMobile')
    cd /Users/tianli/Library/Caches/sim-lane/platform-measure/sim-lane-build.e6982c0791732bfce73b18268bda234214598f596023b7e4fb5e4d72f08f88e6/sim-lane-build.ixvqzr98/src/ios/01-源程序
    write-file /Users/tianli/Library/Caches/sim-lane/platform-measure/sim-lane-build.e6982c0791732bfce73b18268bda234214598f596023b7e4fb5e4d72f08f88e6/sim-lane-build.ixvqzr98/dd/Build/Intermediates.noindex/FolioMobile.build/Release-iphonesimulator/FolioMobile.build/Objects-normal/arm64/Folio.LinkFileList

WriteAuxiliaryFile /Users/tianli/Library/Caches/sim-lane/platform-measure/sim-lane-build.e6982c0791732bfce73b18268bda234214598f596023b7e4fb5e4d72f08f88e6/sim-lane-build.ixvqzr98/dd/Build/Intermediates.noindex/FolioMobile.build/Release-iphonesimulator/FolioMobile.build/Folio.hmap (in target 'FolioMobile' from project 'FolioMobile')
    cd /Users/tianli/Library/Caches/sim-lane/platform-measure/sim-lane-build.e6982c0791732bfce73b18268bda234214598f596023b7e4fb5e4d72f08f88e6/sim-lane-build.ixvqzr98/src/ios/01-源程序
    write-file /Users/tianli/Library/Caches/sim-lane/platform-measure/sim-lane-build.e6982c0791732bfce73b18268bda234214598f596023b7e4fb5e4d72f08f88e6/sim-lane-build.ixvqzr98/dd/Build/Intermediates.noindex/FolioMobile.build/Release-iphonesimulator/FolioMobile.build/Folio.hmap

WriteAuxiliaryFile /Users/tianli/Library/Caches/sim-lane/platform-measure/sim-lane-build.e6982c0791732bfce73b18268bda234214598f596023b7e4fb5e4d72f08f88e6/sim-lane-build.ixvqzr98/dd/Build/Intermediates.noindex/FolioMobile.build/Release-iphonesimulator/FolioMobile.build/Folio.DependencyStaticMetadataFileList (in target 'FolioMobile' from project 'FolioMobile')
    cd /Users/tianli/Library/Caches/sim-lane/platform-measure/sim-lane-build.e6982c0791732bfce73b18268bda234214598f596023b7e4fb5e4d72f08f88e6/sim-lane-build.ixvqzr98/src/ios/01-源程序
    write-file /Users/tianli/Library/Caches/sim-lane/platform-measure/sim-lane-build.e6982c0791732bfce73b18268bda234214598f596023b7e4fb5e4d72f08f88e6/sim-lane-build.ixvqzr98/dd/Build/Intermediates.noindex/FolioMobile.build/Release-iphonesimulator/FolioMobile.build/Folio.DependencyStaticMetadataFileList

WriteAuxiliaryFile /Users/tianli/Library/Caches/sim-lane/platform-measure/sim-lane-build.e6982c0791732bfce73b18268bda234214598f596023b7e4fb5e4d72f08f88e6/sim-lane-build.ixvqzr98/dd/Build/Intermediates.noindex/FolioMobile.build/Release-iphonesimulator/FolioMobile.build/Folio.DependencyMetadataFileList (in target 'FolioMobile' from project 'FolioMobile')
    cd /Users/tianli/Library/Caches/sim-lane/platform-measure/sim-lane-build.e6982c0791732bfce73b18268bda234214598f596023b7e4fb5e4d72f08f88e6/sim-lane-build.ixvqzr98/src/ios/01-源程序
    write-file /Users/tianli/Library/Caches/sim-lane/platform-measure/sim-lane-build.e6982c0791732bfce73b18268bda234214598f596023b7e4fb5e4d72f08f88e6/sim-lane-build.ixvqzr98/dd/Build/Intermediates.noindex/FolioMobile.build/Release-iphonesimulator/FolioMobile.build/Folio.DependencyMetadataFileList

WriteAuxiliaryFile /Users/tianli/Library/Caches/sim-lane/platform-measure/sim-lane-build.e6982c0791732bfce73b18268bda234214598f596023b7e4fb5e4d72f08f88e6/sim-lane-build.ixvqzr98/dd/Build/Intermediates.noindex/FolioMobile.build/Release-iphonesimulator/FolioMobile.build/Folio-project-headers.hmap (in target 'FolioMobile' from project 'FolioMobile')
    cd /Users/tianli/Library/Caches/sim-lane/platform-measure/sim-lane-build.e6982c0791732bfce73b18268bda234214598f596023b7e4fb5e4d72f08f88e6/sim-lane-build.ixvqzr98/src/ios/01-源程序
    write-file /Users/tianli/Library/Caches/sim-lane/platform-measure/sim-lane-build.e6982c0791732bfce73b18268bda234214598f596023b7e4fb5e4d72f08f88e6/sim-lane-build.ixvqzr98/dd/Build/Intermediates.noindex/FolioMobile.build/Release-iphonesimulator/FolioMobile.build/Folio-project-headers.hmap

WriteAuxiliaryFile /Users/tianli/Library/Caches/sim-lane/platform-measure/sim-lane-build.e6982c0791732bfce73b18268bda234214598f596023b7e4fb5e4d72f08f88e6/sim-lane-build.ixvqzr98/dd/Build/Intermediates.noindex/FolioMobile.build/Release-iphonesimulator/FolioMobile.build/Folio-own-target-headers.hmap (in target 'FolioMobile' from project 'FolioMobile')
    cd /Users/tianli/Library/Caches/sim-lane/platform-measure/sim-lane-build.e6982c0791732bfce73b18268bda234214598f596023b7e4fb5e4d72f08f88e6/sim-lane-build.ixvqzr98/src/ios/01-源程序
    write-file /Users/tianli/Library/Caches/sim-lane/platform-measure/sim-lane-build.e6982c0791732bfce73b18268bda234214598f596023b7e4fb5e4d72f08f88e6/sim-lane-build.ixvqzr98/dd/Build/Intermediates.noindex/FolioMobile.build/Release-iphonesimulator/FolioMobile.build/Folio-own-target-headers.hmap

WriteAuxiliaryFile /Users/tianli/Library/Caches/sim-lane/platform-measure/sim-lane-build.e6982c0791732bfce73b18268bda234214598f596023b7e4fb5e4d72f08f88e6/sim-lane-build.ixvqzr98/dd/Build/Intermediates.noindex/FolioMobile.build/Release-iphonesimulator/FolioMobile.build/Folio-generated-files.hmap (in target 'FolioMobile' from project 'FolioMobile')
    cd /Users/tianli/Library/Caches/sim-lane/platform-measure/sim-lane-build.e6982c0791732bfce73b18268bda234214598f596023b7e4fb5e4d72f08f88e6/sim-lane-build.ixvqzr98/src/ios/01-源程序
    write-file /Users/tianli/Library/Caches/sim-lane/platform-measure/sim-lane-build.e6982c0791732bfce73b18268bda234214598f596023b7e4fb5e4d72f08f88e6/sim-lane-build.ixvqzr98/dd/Build/Intermediates.noindex/FolioMobile.build/Release-iphonesimulator/FolioMobile.build/Folio-generated-files.hmap

WriteAuxiliaryFile /Users/tianli/Library/Caches/sim-lane/platform-measure/sim-lane-build.e6982c0791732bfce73b18268bda234214598f596023b7e4fb5e4d72f08f88e6/sim-lane-build.ixvqzr98/dd/Build/Intermediates.noindex/FolioMobile.build/Release-iphonesimulator/FolioMobile.build/Folio-all-target-headers.hmap (in target 'FolioMobile' from project 'FolioMobile')
    cd /Users/tianli/Library/Caches/sim-lane/platform-measure/sim-lane-build.e6982c0791732bfce73b18268bda234214598f596023b7e4fb5e4d72f08f88e6/sim-lane-build.ixvqzr98/src/ios/01-源程序
    write-file /Users/tianli/Library/Caches/sim-lane/platform-measure/sim-lane-build.e6982c0791732bfce73b18268bda234214598f596023b7e4fb5e4d72f08f88e6/sim-lane-build.ixvqzr98/dd/Build/Intermediates.noindex/FolioMobile.build/Release-iphonesimulator/FolioMobile.build/Folio-all-target-headers.hmap

WriteAuxiliaryFile /Users/tianli/Library/Caches/sim-lane/platform-measure/sim-lane-build.e6982c0791732bfce73b18268bda234214598f596023b7e4fb5e4d72f08f88e6/sim-lane-build.ixvqzr98/dd/Build/Intermediates.noindex/FolioMobile.build/Release-iphonesimulator/FolioMobile.build/Folio-all-non-framework-target-headers.hmap (in target 'FolioMobile' from project 'FolioMobile')
    cd /Users/tianli/Library/Caches/sim-lane/platform-measure/sim-lane-build.e6982c0791732bfce73b18268bda234214598f596023b7e4fb5e4d72f08f88e6/sim-lane-build.ixvqzr98/src/ios/01-源程序
    write-file /Users/tianli/Library/Caches/sim-lane/platform-measure/sim-lane-build.e6982c0791732bfce73b18268bda234214598f596023b7e4fb5e4d72f08f88e6/sim-lane-build.ixvqzr98/dd/Build/Intermediates.noindex/FolioMobile.build/Release-iphonesimulator/FolioMobile.build/Folio-all-non-framework-target-headers.hmap

MkDir /Users/tianli/Library/Caches/sim-lane/platform-measure/sim-lane-build.e6982c0791732bfce73b18268bda234214598f596023b7e4fb5e4d72f08f88e6/sim-lane-build.ixvqzr98/dd/Build/Products/Release-iphonesimulator/Folio.app (in target 'FolioMobile' from project 'FolioMobile')
    cd /Users/tianli/Library/Caches/sim-lane/platform-measure/sim-lane-build.e6982c0791732bfce73b18268bda234214598f596023b7e4fb5e4d72f08f88e6/sim-lane-build.ixvqzr98/src/ios/01-源程序
    /bin/mkdir -p /Users/tianli/Library/Caches/sim-lane/platform-measure/sim-lane-build.e6982c0791732bfce73b18268bda234214598f596023b7e4fb5e4d72f08f88e6/sim-lane-build.ixvqzr98/dd/Build/Products/Release-iphonesimulator/Folio.app

MkDir /Users/tianli/Library/Caches/sim-lane/platform-measure/sim-lane-build.e6982c0791732bfce73b18268bda234214598f596023b7e4fb5e4d72f08f88e6/sim-lane-build.ixvqzr98/dd/Build/Intermediates.noindex/FolioMobile.build/Release-iphonesimulator/FolioMobile.build/assetcatalog_output/thinned (in target 'FolioMobile' from project 'FolioMobile')
    cd /Users/tianli/Library/Caches/sim-lane/platform-measure/sim-lane-build.e6982c0791732bfce73b18268bda234214598f596023b7e4fb5e4d72f08f88e6/sim-lane-build.ixvqzr98/src/ios/01-源程序
    /bin/mkdir -p /Users/tianli/Library/Caches/sim-lane/platform-measure/sim-lane-build.e6982c0791732bfce73b18268bda234214598f596023b7e4fb5e4d72f08f88e6/sim-lane-build.ixvqzr98/dd/Build/Intermediates.noindex/FolioMobile.build/Release-iphonesimulator/FolioMobile.build/assetcatalog_output/thinned

MkDir /Users/tianli/Library/Caches/sim-lane/platform-measure/sim-lane-build.e6982c0791732bfce73b18268bda234214598f596023b7e4fb5e4d72f08f88e6/sim-lane-build.ixvqzr98/dd/Build/Intermediates.noindex/FolioMobile.build/Release-iphonesimulator/FolioMobile.build/assetcatalog_output/unthinned (in target 'FolioMobile' from project 'FolioMobile')
    cd /Users/tianli/Library/Caches/sim-lane/platform-measure/sim-lane-build.e6982c0791732bfce73b18268bda234214598f596023b7e4fb5e4d72f08f88e6/sim-lane-build.ixvqzr98/src/ios/01-源程序
    /bin/mkdir -p /Users/tianli/Library/Caches/sim-lane/platform-measure/sim-lane-build.e6982c0791732bfce73b18268bda234214598f596023b7e4fb5e4d72f08f88e6/sim-lane-build.ixvqzr98/dd/Build/Intermediates.noindex/FolioMobile.build/Release-iphonesimulator/FolioMobile.build/assetcatalog_output/unthinned

CpResource /Users/tianli/Library/Caches/sim-lane/platform-measure/sim-lane-build.e6982c0791732bfce73b18268bda234214598f596023b7e4fb5e4d72f08f88e6/sim-lane-build.ixvqzr98/dd/Build/Products/Release-iphonesimulator/Folio.app/demo.md /Users/tianli/Library/Caches/sim-lane/platform-measure/sim-lane-build.e6982c0791732bfce73b18268bda234214598f596023b7e4fb5e4d72f08f88e6/sim-lane-build.ixvqzr98/src/ios/01-源程序/Fixtures/demo.md (in target 'FolioMobile' from project 'FolioMobile')
    cd /Users/tianli/Library/Caches/sim-lane/platform-measure/sim-lane-build.e6982c0791732bfce73b18268bda234214598f596023b7e4fb5e4d72f08f88e6/sim-lane-build.ixvqzr98/src/ios/01-源程序
    builtin-copy -exclude .DS_Store -exclude CVS -exclude .svn -exclude .git -exclude .hg -resolve-src-symlinks /Users/tianli/Library/Caches/sim-lane/platform-measure/sim-lane-build.e6982c0791732bfce73b18268bda234214598f596023b7e4fb5e4d72f08f88e6/sim-lane-build.ixvqzr98/src/ios/01-源程序/Fixtures/demo.md /Users/tianli/Library/Caches/sim-lane/platform-measure/sim-lane-build.e6982c0791732bfce73b18268bda234214598f596023b7e4fb5e4d72f08f88e6/sim-lane-build.ixvqzr98/dd/Build/Products/Release-iphonesimulator/Folio.app

GenerateAssetSymbols /Users/tianli/Library/Caches/sim-lane/platform-measure/sim-lane-build.e6982c0791732bfce73b18268bda234214598f596023b7e4fb5e4d72f08f88e6/sim-lane-build.ixvqzr98/src/ios/01-源程序/Resources/Assets.xcassets (in target 'FolioMobile' from project 'FolioMobile')
    cd /Users/tianli/Library/Caches/sim-lane/platform-measure/sim-lane-build.e6982c0791732bfce73b18268bda234214598f596023b7e4fb5e4d72f08f88e6/sim-lane-build.ixvqzr98/src/ios/01-源程序
    /Applications/Xcode.app/Contents/Developer/usr/bin/actool /Users/tianli/Library/Caches/sim-lane/platform-measure/sim-lane-build.e6982c0791732bfce73b18268bda234214598f596023b7e4fb5e4d72f08f88e6/sim-lane-build.ixvqzr98/src/ios/01-源程序/Resources/Assets.xcassets --compile /Users/tianli/Library/Caches/sim-lane/platform-measure/sim-lane-build.e6982c0791732bfce73b18268bda234214598f596023b7e4fb5e4d72f08f88e6/sim-lane-build.ixvqzr98/dd/Build/Products/Release-iphonesimulator/Folio.app --output-format human-readable-text --notices --warnings --export-dependency-info /Users/tianli/Library/Caches/sim-lane/platform-measure/sim-lane-build.e6982c0791732bfce73b18268bda234214598f596023b7e4fb5e4d72f08f88e6/sim-lane-build.ixvqzr98/dd/Build/Intermediates.noindex/FolioMobile.build/Release-iphonesimulator/FolioMobile.build/assetcatalog_dependencies --output-partial-info-plist /Users/tianli/Library/Caches/sim-lane/platform-measure/sim-lane-build.e6982c0791732bfce73b18268bda234214598f596023b7e4fb5e4d72f08f88e6/sim-lane-build.ixvqzr98/dd/Build/Intermediates.noindex/FolioMobile.build/Release-iphonesimulator/FolioMobile.build/assetcatalog_generated_info.plist --app-icon AppIcon --compress-pngs --enable-on-demand-resources YES --development-region en --target-device iphone --target-device ipad --minimum-deployment-target 18.0 --platform iphonesimulator --bundle-identifier cyou.tianli.TLMarkdown.mobile --generate-swift-asset-symbol-extensions NO --generate-swift-asset-symbols /Users/tianli/Library/Caches/sim-lane/platform-measure/sim-lane-build.e6982c0791732bfce73b18268bda234214598f596023b7e4fb5e4d72f08f88e6/sim-lane-build.ixvqzr98/dd/Build/Intermediates.noindex/FolioMobile.build/Release-iphonesimulator/FolioMobile.build/DerivedSources/GeneratedAssetSymbols.swift --generate-objc-asset-symbols /Users/tianli/Library/Caches/sim-lane/platform-measure/sim-lane-build.e6982c0791732bfce73b18268bda234214598f596023b7e4fb5e4d72f08f88e6/sim-lane-build.ixvqzr98/dd/Build/Intermediates.noindex/FolioMobile.build/Release-iphonesimulator/FolioMobile.build/DerivedSources/GeneratedAssetSymbols.h --generate-asset-symbol-index /Users/tianli/Library/Caches/sim-lane/platform-measure/sim-lane-build.e6982c0791732bfce73b18268bda234214598f596023b7e4fb5e4d72f08f88e6/sim-lane-build.ixvqzr98/dd/Build/Intermediates.noindex/FolioMobile.build/Release-iphonesimulator/FolioMobile.build/DerivedSources/GeneratedAssetSymbols-Index.plist
/* com.apple.actool.compilation-results */
/Users/tianli/Library/Caches/sim-lane/platform-measure/sim-lane-build.e6982c0791732bfce73b18268bda234214598f596023b7e4fb5e4d72f08f88e6/sim-lane-build.ixvqzr98/dd/Build/Intermediates.noindex/FolioMobile.build/Release-iphonesimulator/FolioMobile.build/DerivedSources/GeneratedAssetSymbols-Index.plist
/Users/tianli/Library/Caches/sim-lane/platform-measure/sim-lane-build.e6982c0791732bfce73b18268bda234214598f596023b7e4fb5e4d72f08f88e6/sim-lane-build.ixvqzr98/dd/Build/Intermediates.noindex/FolioMobile.build/Release-iphonesimulator/FolioMobile.build/DerivedSources/GeneratedAssetSymbols.h
/Users/tianli/Library/Caches/sim-lane/platform-measure/sim-lane-build.e6982c0791732bfce73b18268bda234214598f596023b7e4fb5e4d72f08f88e6/sim-lane-build.ixvqzr98/dd/Build/Intermediates.noindex/FolioMobile.build/Release-iphonesimulator/FolioMobile.build/DerivedSources/GeneratedAssetSymbols.swift


CpResource /Users/tianli/Library/Caches/sim-lane/platform-measure/sim-lane-build.e6982c0791732bfce73b18268bda234214598f596023b7e4fb5e4d72f08f88e6/sim-lane-build.ixvqzr98/dd/Build/Products/Release-iphonesimulator/Folio.app/THIRD-PARTY-NOTICES.txt /Users/tianli/Library/Caches/sim-lane/platform-measure/sim-lane-build.e6982c0791732bfce73b18268bda234214598f596023b7e4fb5e4d72f08f88e6/sim-lane-build.ixvqzr98/src/Resources/THIRD-PARTY-NOTICES.txt (in target 'FolioMobile' from project 'FolioMobile')
    cd /Users/tianli/Library/Caches/sim-lane/platform-measure/sim-lane-build.e6982c0791732bfce73b18268bda234214598f596023b7e4fb5e4d72f08f88e6/sim-lane-build.ixvqzr98/src/ios/01-源程序
    builtin-copy -exclude .DS_Store -exclude CVS -exclude .svn -exclude .git -exclude .hg -resolve-src-symlinks /Users/tianli/Library/Caches/sim-lane/platform-measure/sim-lane-build.e6982c0791732bfce73b18268bda234214598f596023b7e4fb5e4d72f08f88e6/sim-lane-build.ixvqzr98/src/Resources/THIRD-PARTY-NOTICES.txt /Users/tianli/Library/Caches/sim-lane/platform-measure/sim-lane-build.e6982c0791732bfce73b18268bda234214598f596023b7e4fb5e4d72f08f88e6/sim-lane-build.ixvqzr98/dd/Build/Products/Release-iphonesimulator/Folio.app

CpResource /Users/tianli/Library/Caches/sim-lane/platform-measure/sim-lane-build.e6982c0791732bfce73b18268bda234214598f596023b7e4fb5e4d72f08f88e6/sim-lane-build.ixvqzr98/dd/Build/Products/Release-iphonesimulator/Folio.app/PrivacyInfo.xcprivacy /Users/tianli/Library/Caches/sim-lane/platform-measure/sim-lane-build.e6982c0791732bfce73b18268bda234214598f596023b7e4fb5e4d72f08f88e6/sim-lane-build.ixvqzr98/src/ios/01-源程序/Resources/PrivacyInfo.xcprivacy (in target 'FolioMobile' from project 'FolioMobile')
    cd /Users/tianli/Library/Caches/sim-lane/platform-measure/sim-lane-build.e6982c0791732bfce73b18268bda234214598f596023b7e4fb5e4d72f08f88e6/sim-lane-build.ixvqzr98/src/ios/01-源程序
    builtin-copy -exclude .DS_Store -exclude CVS -exclude .svn -exclude .git -exclude .hg -resolve-src-symlinks /Users/tianli/Library/Caches/sim-lane/platform-measure/sim-lane-build.e6982c0791732bfce73b18268bda234214598f596023b7e4fb5e4d72f08f88e6/sim-lane-build.ixvqzr98/src/ios/01-源程序/Resources/PrivacyInfo.xcprivacy /Users/tianli/Library/Caches/sim-lane/platform-measure/sim-lane-build.e6982c0791732bfce73b18268bda234214598f596023b7e4fb5e4d72f08f88e6/sim-lane-build.ixvqzr98/dd/Build/Products/Release-iphonesimulator/Folio.app

CpResource /Users/tianli/Library/Caches/sim-lane/platform-measure/sim-lane-build.e6982c0791732bfce73b18268bda234214598f596023b7e4fb5e4d72f08f88e6/sim-lane-build.ixvqzr98/dd/Build/Products/Release-iphonesimulator/Folio.app/Editor /Users/tianli/Library/Caches/sim-lane/platform-measure/sim-lane-build.e6982c0791732bfce73b18268bda234214598f596023b7e4fb5e4d72f08f88e6/sim-lane-build.ixvqzr98/src/Resources/Editor (in target 'FolioMobile' from project 'FolioMobile')
    cd /Users/tianli/Library/Caches/sim-lane/platform-measure/sim-lane-build.e6982c0791732bfce73b18268bda234214598f596023b7e4fb5e4d72f08f88e6/sim-lane-build.ixvqzr98/src/ios/01-源程序
    builtin-copy -exclude .DS_Store -exclude CVS -exclude .svn -exclude .git -exclude .hg -resolve-src-symlinks /Users/tianli/Library/Caches/sim-lane/platform-measure/sim-lane-build.e6982c0791732bfce73b18268bda234214598f596023b7e4fb5e4d72f08f88e6/sim-lane-build.ixvqzr98/src/Resources/Editor /Users/tianli/Library/Caches/sim-lane/platform-measure/sim-lane-build.e6982c0791732bfce73b18268bda234214598f596023b7e4fb5e4d72f08f88e6/sim-lane-build.ixvqzr98/dd/Build/Products/Release-iphonesimulator/Folio.app

CompileAssetCatalogVariant thinned /Users/tianli/Library/Caches/sim-lane/platform-measure/sim-lane-build.e6982c0791732bfce73b18268bda234214598f596023b7e4fb5e4d72f08f88e6/sim-lane-build.ixvqzr98/dd/Build/Products/Release-iphonesimulator/Folio.app /Users/tianli/Library/Caches/sim-lane/platform-measure/sim-lane-build.e6982c0791732bfce73b18268bda234214598f596023b7e4fb5e4d72f08f88e6/sim-lane-build.ixvqzr98/src/ios/01-源程序/Resources/Assets.xcassets (in target 'FolioMobile' from project 'FolioMobile')
    cd /Users/tianli/Library/Caches/sim-lane/platform-measure/sim-lane-build.e6982c0791732bfce73b18268bda234214598f596023b7e4fb5e4d72f08f88e6/sim-lane-build.ixvqzr98/src/ios/01-源程序
    /Applications/Xcode.app/Contents/Developer/usr/bin/actool /Users/tianli/Library/Caches/sim-lane/platform-measure/sim-lane-build.e6982c0791732bfce73b18268bda234214598f596023b7e4fb5e4d72f08f88e6/sim-lane-build.ixvqzr98/src/ios/01-源程序/Resources/Assets.xcassets --compile /Users/tianli/Library/Caches/sim-lane/platform-measure/sim-lane-build.e6982c0791732bfce73b18268bda234214598f596023b7e4fb5e4d72f08f88e6/sim-lane-build.ixvqzr98/dd/Build/Intermediates.noindex/FolioMobile.build/Release-iphonesimulator/FolioMobile.build/assetcatalog_output/thinned --output-format human-readable-text --notices --warnings --export-dependency-info /Users/tianli/Library/Caches/sim-lane/platform-measure/sim-lane-build.e6982c0791732bfce73b18268bda234214598f596023b7e4fb5e4d72f08f88e6/sim-lane-build.ixvqzr98/dd/Build/Intermediates.noindex/FolioMobile.build/Release-iphonesimulator/FolioMobile.build/assetcatalog_dependencies_thinned --output-partial-info-plist /Users/tianli/Library/Caches/sim-lane/platform-measure/sim-lane-build.e6982c0791732bfce73b18268bda234214598f596023b7e4fb5e4d72f08f88e6/sim-lane-build.ixvqzr98/dd/Build/Intermediates.noindex/FolioMobile.build/Release-iphonesimulator/FolioMobile.build/assetcatalog_generated_info.plist_thinned --app-icon AppIcon --compress-pngs --enable-on-demand-resources YES --development-region en --target-device iphone --target-device ipad --minimum-deployment-target 18.0 --platform iphonesimulator
/* com.apple.actool.compilation-results */
/Users/tianli/Library/Caches/sim-lane/platform-measure/sim-lane-build.e6982c0791732bfce73b18268bda234214598f596023b7e4fb5e4d72f08f88e6/sim-lane-build.ixvqzr98/dd/Build/Intermediates.noindex/FolioMobile.build/Release-iphonesimulator/FolioMobile.build/assetcatalog_generated_info.plist_thinned
/Users/tianli/Library/Caches/sim-lane/platform-measure/sim-lane-build.e6982c0791732bfce73b18268bda234214598f596023b7e4fb5e4d72f08f88e6/sim-lane-build.ixvqzr98/dd/Build/Intermediates.noindex/FolioMobile.build/Release-iphonesimulator/FolioMobile.build/assetcatalog_output/thinned/AppIcon60x60@2x.png
/Users/tianli/Library/Caches/sim-lane/platform-measure/sim-lane-build.e6982c0791732bfce73b18268bda234214598f596023b7e4fb5e4d72f08f88e6/sim-lane-build.ixvqzr98/dd/Build/Intermediates.noindex/FolioMobile.build/Release-iphonesimulator/FolioMobile.build/assetcatalog_output/thinned/AppIcon76x76@2x~ipad.png
/Users/tianli/Library/Caches/sim-lane/platform-measure/sim-lane-build.e6982c0791732bfce73b18268bda234214598f596023b7e4fb5e4d72f08f88e6/sim-lane-build.ixvqzr98/dd/Build/Intermediates.noindex/FolioMobile.build/Release-iphonesimulator/FolioMobile.build/assetcatalog_output/thinned/Assets.car


SwiftDriver FolioMobile normal x86_64 com.apple.xcode.tools.swift.compiler (in target 'FolioMobile' from project 'FolioMobile')
    cd /Users/tianli/Library/Caches/sim-lane/platform-measure/sim-lane-build.e6982c0791732bfce73b18268bda234214598f596023b7e4fb5e4d72f08f88e6/sim-lane-build.ixvqzr98/src/ios/01-源程序
    builtin-SwiftDriver -- /Applications/Xcode.app/Contents/Developer/Toolchains/XcodeDefault.xctoolchain/usr/bin/swiftc -module-name Folio -O -whole-module-optimization @/Users/tianli/Library/Caches/sim-lane/platform-measure/sim-lane-build.e6982c0791732bfce73b18268bda234214598f596023b7e4fb5e4d72f08f88e6/sim-lane-build.ixvqzr98/dd/Build/Intermediates.noindex/FolioMobile.build/Release-iphonesimulator/FolioMobile.build/Objects-normal/x86_64/Folio.SwiftFileList -enable-bare-slash-regex -enable-experimental-feature DebugDescriptionMacro -sdk /Applications/Xcode.app/Contents/Developer/Platforms/iPhoneSimulator.platform/Developer/SDKs/iPhoneSimulator27.0.sdk -target x86_64-apple-ios18.0-simulator -g -module-cache-path /Users/tianli/Library/Caches/sim-lane/platform-measure/sim-lane-build.e6982c0791732bfce73b18268bda234214598f596023b7e4fb5e4d72f08f88e6/sim-lane-build.ixvqzr98/dd/ModuleCache.noindex -Xfrontend -serialize-debugging-options -swift-version 5 -I /Users/tianli/Library/Caches/sim-lane/platform-measure/sim-lane-build.e6982c0791732bfce73b18268bda234214598f596023b7e4fb5e4d72f08f88e6/sim-lane-build.ixvqzr98/dd/Build/Products/Release-iphonesimulator -F /Users/tianli/Library/Caches/sim-lane/platform-measure/sim-lane-build.e6982c0791732bfce73b18268bda234214598f596023b7e4fb5e4d72f08f88e6/sim-lane-build.ixvqzr98/dd/Build/Products/Release-iphonesimulator -c -num-threads 10 -Xcc -ivfsstatcache -Xcc /Users/tianli/Library/Caches/sim-lane/platform-measure/sim-lane-build.e6982c0791732bfce73b18268bda234214598f596023b7e4fb5e4d72f08f88e6/sim-lane-build.ixvqzr98/dd/SDKStatCaches.noindex/iphonesimulator27.0-24A430-8dc58220667be655e1bcc261a7455254.sdkstatcache -output-file-map /Users/tianli/Library/Caches/sim-lane/platform-measure/sim-lane-build.e6982c0791732bfce73b18268bda234214598f596023b7e4fb5e4d72f08f88e6/sim-lane-build.ixvqzr98/dd/Build/Intermediates.noindex/FolioMobile.build/Release-iphonesimulator/FolioMobile.build/Objects-normal/x86_64/FolioMobile-OutputFileMap.json -save-temps -no-color-diagnostics -explicit-module-build -module-cache-path /Users/tianli/Library/Caches/sim-lane/platform-measure/sim-lane-build.e6982c0791732bfce73b18268bda234214598f596023b7e4fb5e4d72f08f88e6/sim-lane-build.ixvqzr98/dd/Build/Intermediates.noindex/SwiftExplicitPrecompiledModules -clang-scanner-module-cache-path /Users/tianli/Library/Caches/sim-lane/platform-measure/sim-lane-build.e6982c0791732bfce73b18268bda234214598f596023b7e4fb5e4d72f08f88e6/sim-lane-build.ixvqzr98/dd/ModuleCache.noindex -sdk-module-cache-path /Users/tianli/Library/Caches/sim-lane/platform-measure/sim-lane-build.e6982c0791732bfce73b18268bda234214598f596023b7e4fb5e4d72f08f88e6/sim-lane-build.ixvqzr98/dd/SDKExplicitPrecompiledModules -emit-dependencies -emit-module -emit-module-path /Users/tianli/Library/Caches/sim-lane/platform-measure/sim-lane-build.e6982c0791732bfce73b18268bda234214598f596023b7e4fb5e4d72f08f88e6/sim-lane-build.ixvqzr98/dd/Build/Intermediates.noindex/FolioMobile.build/Release-iphonesimulator/FolioMobile.build/Objects-normal/x86_64/Folio.swiftmodule -serialize-diagnostics -dependency-scan-serialize-diagnostics-path /Users/tianli/Library/Caches/sim-lane/platform-measure/sim-lane-build.e6982c0791732bfce73b18268bda234214598f596023b7e4fb5e4d72f08f88e6/sim-lane-build.ixvqzr98/dd/Build/Intermediates.noindex/FolioMobile.build/Release-iphonesimulator/FolioMobile.build/Objects-normal/x86_64/Folio-dependency-scan.dia -validate-clang-modules-once -clang-build-session-file /Users/tianli/Library/Caches/sim-lane/platform-measure/sim-lane-build.e6982c0791732bfce73b18268bda234214598f596023b7e4fb5e4d72f08f88e6/sim-lane-build.ixvqzr98/dd/ModuleCache.noindex/Session.modulevalidation -Xcc -fmodules-prune-interval\=86400 -Xcc -fmodules-prune-after\=345600 -emit-const-values -const-gather-protocols-list /Users/tianli/Library/Caches/sim-lane/platform-measure/sim-lane-build.e6982c0791732bfce73b18268bda234214598f596023b7e4fb5e4d72f08f88e6/sim-lane-build.ixvqzr98/dd/Build/Intermediates.noindex/FolioMobile.build/Release-iphonesimulator/FolioMobile.build/Objects-normal/x86_64/FolioMobile_const_extract_protocols.json -Xcc -iquote -Xcc /Users/tianli/Library/Caches/sim-lane/platform-measure/sim-lane-build.e6982c0791732bfce73b18268bda234214598f596023b7e4fb5e4d72f08f88e6/sim-lane-build.ixvqzr98/dd/Build/Intermediates.noindex/FolioMobile.build/Release-iphonesimulator/FolioMobile.build/Folio-generated-files.hmap -Xcc -I/Users/tianli/Library/Caches/sim-lane/platform-measure/sim-lane-build.e6982c0791732bfce73b18268bda234214598f596023b7e4fb5e4d72f08f88e6/sim-lane-build.ixvqzr98/dd/Build/Intermediates.noindex/FolioMobile.build/Release-iphonesimulator/FolioMobile.build/Folio-own-target-headers.hmap -Xcc -I/Users/tianli/Library/Caches/sim-lane/platform-measure/sim-lane-build.e6982c0791732bfce73b18268bda234214598f596023b7e4fb5e4d72f08f88e6/sim-lane-build.ixvqzr98/dd/Build/Intermediates.noindex/FolioMobile.build/Release-iphonesimulator/FolioMobile.build/Folio-all-target-headers.hmap -Xcc -iquote -Xcc /Users/tianli/Library/Caches/sim-lane/platform-measure/sim-lane-build.e6982c0791732bfce73b18268bda234214598f596023b7e4fb5e4d72f08f88e6/sim-lane-build.ixvqzr98/dd/Build/Intermediates.noindex/FolioMobile.build/Release-iphonesimulator/FolioMobile.build/Folio-project-headers.hmap -Xcc -I/Users/tianli/Library/Caches/sim-lane/platform-measure/sim-lane-build.e6982c0791732bfce73b18268bda234214598f596023b7e4fb5e4d72f08f88e6/sim-lane-build.ixvqzr98/dd/Build/Products/Release-iphonesimulator/include -Xcc -I/Users/tianli/Library/Caches/sim-lane/platform-measure/sim-lane-build.e6982c0791732bfce73b18268bda234214598f596023b7e4fb5e4d72f08f88e6/sim-lane-build.ixvqzr98/dd/Build/Intermediates.noindex/FolioMobile.build/Release-iphonesimulator/FolioMobile.build/DerivedSources-normal/x86_64 -Xcc -I/Users/tianli/Library/Caches/sim-lane/platform-measure/sim-lane-build.e6982c0791732bfce73b18268bda234214598f596023b7e4fb5e4d72f08f88e6/sim-lane-build.ixvqzr98/dd/Build/Intermediates.noindex/FolioMobile.build/Release-iphonesimulator/FolioMobile.build/DerivedSources/x86_64 -Xcc -I/Users/tianli/Library/Caches/sim-lane/platform-measure/sim-lane-build.e6982c0791732bfce73b18268bda234214598f596023b7e4fb5e4d72f08f88e6/sim-lane-build.ixvqzr98/dd/Build/Intermediates.noindex/FolioMobile.build/Release-iphonesimulator/FolioMobile.build/DerivedSources -emit-objc-header -emit-objc-header-path /Users/tianli/Library/Caches/sim-lane/platform-measure/sim-lane-build.e6982c0791732bfce73b18268bda234214598f596023b7e4fb5e4d72f08f88e6/sim-lane-build.ixvqzr98/dd/Build/Intermediates.noindex/FolioMobile.build/Release-iphonesimulator/FolioMobile.build/Objects-normal/x86_64/Folio-Swift.h -working-directory /Users/tianli/Library/Caches/sim-lane/platform-measure/sim-lane-build.e6982c0791732bfce73b18268bda234214598f596023b7e4fb5e4d72f08f88e6/sim-lane-build.ixvqzr98/src/ios/01-源程序 -no-emit-module-separately-wmo

SwiftDriver FolioMobile normal arm64 com.apple.xcode.tools.swift.compiler (in target 'FolioMobile' from project 'FolioMobile')
    cd /Users/tianli/Library/Caches/sim-lane/platform-measure/sim-lane-build.e6982c0791732bfce73b18268bda234214598f596023b7e4fb5e4d72f08f88e6/sim-lane-build.ixvqzr98/src/ios/01-源程序
    builtin-SwiftDriver -- /Applications/Xcode.app/Contents/Developer/Toolchains/XcodeDefault.xctoolchain/usr/bin/swiftc -module-name Folio -O -whole-module-optimization @/Users/tianli/Library/Caches/sim-lane/platform-measure/sim-lane-build.e6982c0791732bfce73b18268bda234214598f596023b7e4fb5e4d72f08f88e6/sim-lane-build.ixvqzr98/dd/Build/Intermediates.noindex/FolioMobile.build/Release-iphonesimulator/FolioMobile.build/Objects-normal/arm64/Folio.SwiftFileList -enable-bare-slash-regex -enable-experimental-feature DebugDescriptionMacro -sdk /Applications/Xcode.app/Contents/Developer/Platforms/iPhoneSimulator.platform/Developer/SDKs/iPhoneSimulator27.0.sdk -target arm64-apple-ios18.0-simulator -g -module-cache-path /Users/tianli/Library/Caches/sim-lane/platform-measure/sim-lane-build.e6982c0791732bfce73b18268bda234214598f596023b7e4fb5e4d72f08f88e6/sim-lane-build.ixvqzr98/dd/ModuleCache.noindex -Xfrontend -serialize-debugging-options -swift-version 5 -I /Users/tianli/Library/Caches/sim-lane/platform-measure/sim-lane-build.e6982c0791732bfce73b18268bda234214598f596023b7e4fb5e4d72f08f88e6/sim-lane-build.ixvqzr98/dd/Build/Products/Release-iphonesimulator -F /Users/tianli/Library/Caches/sim-lane/platform-measure/sim-lane-build.e6982c0791732bfce73b18268bda234214598f596023b7e4fb5e4d72f08f88e6/sim-lane-build.ixvqzr98/dd/Build/Products/Release-iphonesimulator -c -num-threads 10 -Xcc -ivfsstatcache -Xcc /Users/tianli/Library/Caches/sim-lane/platform-measure/sim-lane-build.e6982c0791732bfce73b18268bda234214598f596023b7e4fb5e4d72f08f88e6/sim-lane-build.ixvqzr98/dd/SDKStatCaches.noindex/iphonesimulator27.0-24A430-8dc58220667be655e1bcc261a7455254.sdkstatcache -output-file-map /Users/tianli/Library/Caches/sim-lane/platform-measure/sim-lane-build.e6982c0791732bfce73b18268bda234214598f596023b7e4fb5e4d72f08f88e6/sim-lane-build.ixvqzr98/dd/Build/Intermediates.noindex/FolioMobile.build/Release-iphonesimulator/FolioMobile.build/Objects-normal/arm64/FolioMobile-OutputFileMap.json -save-temps -no-color-diagnostics -explicit-module-build -module-cache-path /Users/tianli/Library/Caches/sim-lane/platform-measure/sim-lane-build.e6982c0791732bfce73b18268bda234214598f596023b7e4fb5e4d72f08f88e6/sim-lane-build.ixvqzr98/dd/Build/Intermediates.noindex/SwiftExplicitPrecompiledModules -clang-scanner-module-cache-path /Users/tianli/Library/Caches/sim-lane/platform-measure/sim-lane-build.e6982c0791732bfce73b18268bda234214598f596023b7e4fb5e4d72f08f88e6/sim-lane-build.ixvqzr98/dd/ModuleCache.noindex -sdk-module-cache-path /Users/tianli/Library/Caches/sim-lane/platform-measure/sim-lane-build.e6982c0791732bfce73b18268bda234214598f596023b7e4fb5e4d72f08f88e6/sim-lane-build.ixvqzr98/dd/SDKExplicitPrecompiledModules -emit-dependencies -emit-module -emit-module-path /Users/tianli/Library/Caches/sim-lane/platform-measure/sim-lane-build.e6982c0791732bfce73b18268bda234214598f596023b7e4fb5e4d72f08f88e6/sim-lane-build.ixvqzr98/dd/Build/Intermediates.noindex/FolioMobile.build/Release-iphonesimulator/FolioMobile.build/Objects-normal/arm64/Folio.swiftmodule -serialize-diagnostics -dependency-scan-serialize-diagnostics-path /Users/tianli/Library/Caches/sim-lane/platform-measure/sim-lane-build.e6982c0791732bfce73b18268bda234214598f596023b7e4fb5e4d72f08f88e6/sim-lane-build.ixvqzr98/dd/Build/Intermediates.noindex/FolioMobile.build/Release-iphonesimulator/FolioMobile.build/Objects-normal/arm64/Folio-dependency-scan.dia -validate-clang-modules-once -clang-build-session-file /Users/tianli/Library/Caches/sim-lane/platform-measure/sim-lane-build.e6982c0791732bfce73b18268bda234214598f596023b7e4fb5e4d72f08f88e6/sim-lane-build.ixvqzr98/dd/ModuleCache.noindex/Session.modulevalidation -Xcc -fmodules-prune-interval\=86400 -Xcc -fmodules-prune-after\=345600 -emit-const-values -const-gather-protocols-list /Users/tianli/Library/Caches/sim-lane/platform-measure/sim-lane-build.e6982c0791732bfce73b18268bda234214598f596023b7e4fb5e4d72f08f88e6/sim-lane-build.ixvqzr98/dd/Build/Intermediates.noindex/FolioMobile.build/Release-iphonesimulator/FolioMobile.build/Objects-normal/arm64/FolioMobile_const_extract_protocols.json -Xcc -iquote -Xcc /Users/tianli/Library/Caches/sim-lane/platform-measure/sim-lane-build.e6982c0791732bfce73b18268bda234214598f596023b7e4fb5e4d72f08f88e6/sim-lane-build.ixvqzr98/dd/Build/Intermediates.noindex/FolioMobile.build/Release-iphonesimulator/FolioMobile.build/Folio-generated-files.hmap -Xcc -I/Users/tianli/Library/Caches/sim-lane/platform-measure/sim-lane-build.e6982c0791732bfce73b18268bda234214598f596023b7e4fb5e4d72f08f88e6/sim-lane-build.ixvqzr98/dd/Build/Intermediates.noindex/FolioMobile.build/Release-iphonesimulator/FolioMobile.build/Folio-own-target-headers.hmap -Xcc -I/Users/tianli/Library/Caches/sim-lane/platform-measure/sim-lane-build.e6982c0791732bfce73b18268bda234214598f596023b7e4fb5e4d72f08f88e6/sim-lane-build.ixvqzr98/dd/Build/Intermediates.noindex/FolioMobile.build/Release-iphonesimulator/FolioMobile.build/Folio-all-target-headers.hmap -Xcc -iquote -Xcc /Users/tianli/Library/Caches/sim-lane/platform-measure/sim-lane-build.e6982c0791732bfce73b18268bda234214598f596023b7e4fb5e4d72f08f88e6/sim-lane-build.ixvqzr98/dd/Build/Intermediates.noindex/FolioMobile.build/Release-iphonesimulator/FolioMobile.build/Folio-project-headers.hmap -Xcc -I/Users/tianli/Library/Caches/sim-lane/platform-measure/sim-lane-build.e6982c0791732bfce73b18268bda234214598f596023b7e4fb5e4d72f08f88e6/sim-lane-build.ixvqzr98/dd/Build/Products/Release-iphonesimulator/include -Xcc -I/Users/tianli/Library/Caches/sim-lane/platform-measure/sim-lane-build.e6982c0791732bfce73b18268bda234214598f596023b7e4fb5e4d72f08f88e6/sim-lane-build.ixvqzr98/dd/Build/Intermediates.noindex/FolioMobile.build/Release-iphonesimulator/FolioMobile.build/DerivedSources-normal/arm64 -Xcc -I/Users/tianli/Library/Caches/sim-lane/platform-measure/sim-lane-build.e6982c0791732bfce73b18268bda234214598f596023b7e4fb5e4d72f08f88e6/sim-lane-build.ixvqzr98/dd/Build/Intermediates.noindex/FolioMobile.build/Release-iphonesimulator/FolioMobile.build/DerivedSources/arm64 -Xcc -I/Users/tianli/Library/Caches/sim-lane/platform-measure/sim-lane-build.e6982c0791732bfce73b18268bda234214598f596023b7e4fb5e4d72f08f88e6/sim-lane-build.ixvqzr98/dd/Build/Intermediates.noindex/FolioMobile.build/Release-iphonesimulator/FolioMobile.build/DerivedSources -emit-objc-header -emit-objc-header-path /Users/tianli/Library/Caches/sim-lane/platform-measure/sim-lane-build.e6982c0791732bfce73b18268bda234214598f596023b7e4fb5e4d72f08f88e6/sim-lane-build.ixvqzr98/dd/Build/Intermediates.noindex/FolioMobile.build/Release-iphonesimulator/FolioMobile.build/Objects-normal/arm64/Folio-Swift.h -working-directory /Users/tianli/Library/Caches/sim-lane/platform-measure/sim-lane-build.e6982c0791732bfce73b18268bda234214598f596023b7e4fb5e4d72f08f88e6/sim-lane-build.ixvqzr98/src/ios/01-源程序 -no-emit-module-separately-wmo

LinkAssetCatalog /Users/tianli/Library/Caches/sim-lane/platform-measure/sim-lane-build.e6982c0791732bfce73b18268bda234214598f596023b7e4fb5e4d72f08f88e6/sim-lane-build.ixvqzr98/src/ios/01-源程序/Resources/Assets.xcassets (in target 'FolioMobile' from project 'FolioMobile')
    cd /Users/tianli/Library/Caches/sim-lane/platform-measure/sim-lane-build.e6982c0791732bfce73b18268bda234214598f596023b7e4fb5e4d72f08f88e6/sim-lane-build.ixvqzr98/src/ios/01-源程序
    builtin-linkAssetCatalog --thinned /Users/tianli/Library/Caches/sim-lane/platform-measure/sim-lane-build.e6982c0791732bfce73b18268bda234214598f596023b7e4fb5e4d72f08f88e6/sim-lane-build.ixvqzr98/dd/Build/Intermediates.noindex/FolioMobile.build/Release-iphonesimulator/FolioMobile.build/assetcatalog_output/thinned --thinned-dependencies /Users/tianli/Library/Caches/sim-lane/platform-measure/sim-lane-build.e6982c0791732bfce73b18268bda234214598f596023b7e4fb5e4d72f08f88e6/sim-lane-build.ixvqzr98/dd/Build/Intermediates.noindex/FolioMobile.build/Release-iphonesimulator/FolioMobile.build/assetcatalog_dependencies_thinned --thinned-info-plist-content /Users/tianli/Library/Caches/sim-lane/platform-measure/sim-lane-build.e6982c0791732bfce73b18268bda234214598f596023b7e4fb5e4d72f08f88e6/sim-lane-build.ixvqzr98/dd/Build/Intermediates.noindex/FolioMobile.build/Release-iphonesimulator/FolioMobile.build/assetcatalog_generated_info.plist_thinned --unthinned /Users/tianli/Library/Caches/sim-lane/platform-measure/sim-lane-build.e6982c0791732bfce73b18268bda234214598f596023b7e4fb5e4d72f08f88e6/sim-lane-build.ixvqzr98/dd/Build/Intermediates.noindex/FolioMobile.build/Release-iphonesimulator/FolioMobile.build/assetcatalog_output/unthinned --unthinned-dependencies /Users/tianli/Library/Caches/sim-lane/platform-measure/sim-lane-build.e6982c0791732bfce73b18268bda234214598f596023b7e4fb5e4d72f08f88e6/sim-lane-build.ixvqzr98/dd/Build/Intermediates.noindex/FolioMobile.build/Release-iphonesimulator/FolioMobile.build/assetcatalog_dependencies_unthinned --unthinned-info-plist-content /Users/tianli/Library/Caches/sim-lane/platform-measure/sim-lane-build.e6982c0791732bfce73b18268bda234214598f596023b7e4fb5e4d72f08f88e6/sim-lane-build.ixvqzr98/dd/Build/Intermediates.noindex/FolioMobile.build/Release-iphonesimulator/FolioMobile.build/assetcatalog_generated_info.plist_unthinned --output /Users/tianli/Library/Caches/sim-lane/platform-measure/sim-lane-build.e6982c0791732bfce73b18268bda234214598f596023b7e4fb5e4d72f08f88e6/sim-lane-build.ixvqzr98/dd/Build/Products/Release-iphonesimulator/Folio.app --plist-output /Users/tianli/Library/Caches/sim-lane/platform-measure/sim-lane-build.e6982c0791732bfce73b18268bda234214598f596023b7e4fb5e4d72f08f88e6/sim-lane-build.ixvqzr98/dd/Build/Intermediates.noindex/FolioMobile.build/Release-iphonesimulator/FolioMobile.build/assetcatalog_generated_info.plist
note: Emplaced /Users/tianli/Library/Caches/sim-lane/platform-measure/sim-lane-build.e6982c0791732bfce73b18268bda234214598f596023b7e4fb5e4d72f08f88e6/sim-lane-build.ixvqzr98/dd/Build/Products/Release-iphonesimulator/Folio.app/AppIcon60x60@2x.png (in target 'FolioMobile' from project 'FolioMobile')
note: Emplaced /Users/tianli/Library/Caches/sim-lane/platform-measure/sim-lane-build.e6982c0791732bfce73b18268bda234214598f596023b7e4fb5e4d72f08f88e6/sim-lane-build.ixvqzr98/dd/Build/Products/Release-iphonesimulator/Folio.app/Assets.car (in target 'FolioMobile' from project 'FolioMobile')
note: Emplaced /Users/tianli/Library/Caches/sim-lane/platform-measure/sim-lane-build.e6982c0791732bfce73b18268bda234214598f596023b7e4fb5e4d72f08f88e6/sim-lane-build.ixvqzr98/dd/Build/Products/Release-iphonesimulator/Folio.app/AppIcon76x76@2x~ipad.png (in target 'FolioMobile' from project 'FolioMobile')

ProcessInfoPlistFile /Users/tianli/Library/Caches/sim-lane/platform-measure/sim-lane-build.e6982c0791732bfce73b18268bda234214598f596023b7e4fb5e4d72f08f88e6/sim-lane-build.ixvqzr98/dd/Build/Products/Release-iphonesimulator/Folio.app/Info.plist /Users/tianli/Library/Caches/sim-lane/platform-measure/sim-lane-build.e6982c0791732bfce73b18268bda234214598f596023b7e4fb5e4d72f08f88e6/sim-lane-build.ixvqzr98/src/ios/01-源程序/Generated/FolioMobile-Info.plist (in target 'FolioMobile' from project 'FolioMobile')
    cd /Users/tianli/Library/Caches/sim-lane/platform-measure/sim-lane-build.e6982c0791732bfce73b18268bda234214598f596023b7e4fb5e4d72f08f88e6/sim-lane-build.ixvqzr98/src/ios/01-源程序
    builtin-infoPlistUtility /Users/tianli/Library/Caches/sim-lane/platform-measure/sim-lane-build.e6982c0791732bfce73b18268bda234214598f596023b7e4fb5e4d72f08f88e6/sim-lane-build.ixvqzr98/src/ios/01-源程序/Generated/FolioMobile-Info.plist -producttype com.apple.product-type.application -genpkginfo /Users/tianli/Library/Caches/sim-lane/platform-measure/sim-lane-build.e6982c0791732bfce73b18268bda234214598f596023b7e4fb5e4d72f08f88e6/sim-lane-build.ixvqzr98/dd/Build/Products/Release-iphonesimulator/Folio.app/PkgInfo -expandbuildsettings -format binary -platform iphonesimulator -additionalcontentfile /Users/tianli/Library/Caches/sim-lane/platform-measure/sim-lane-build.e6982c0791732bfce73b18268bda234214598f596023b7e4fb5e4d72f08f88e6/sim-lane-build.ixvqzr98/dd/Build/Intermediates.noindex/FolioMobile.build/Release-iphonesimulator/FolioMobile.build/assetcatalog_generated_info.plist -o /Users/tianli/Library/Caches/sim-lane/platform-measure/sim-lane-build.e6982c0791732bfce73b18268bda234214598f596023b7e4fb5e4d72f08f88e6/sim-lane-build.ixvqzr98/dd/Build/Products/Release-iphonesimulator/Folio.app/Info.plist

SwiftDriver\ Compilation FolioMobile normal x86_64 com.apple.xcode.tools.swift.compiler (in target 'FolioMobile' from project 'FolioMobile')
    cd /Users/tianli/Library/Caches/sim-lane/platform-measure/sim-lane-build.e6982c0791732bfce73b18268bda234214598f596023b7e4fb5e4d72f08f88e6/sim-lane-build.ixvqzr98/src/ios/01-源程序
    builtin-Swift-Compilation -- /Applications/Xcode.app/Contents/Developer/Toolchains/XcodeDefault.xctoolchain/usr/bin/swiftc -module-name Folio -O -whole-module-optimization @/Users/tianli/Library/Caches/sim-lane/platform-measure/sim-lane-build.e6982c0791732bfce73b18268bda234214598f596023b7e4fb5e4d72f08f88e6/sim-lane-build.ixvqzr98/dd/Build/Intermediates.noindex/FolioMobile.build/Release-iphonesimulator/FolioMobile.build/Objects-normal/x86_64/Folio.SwiftFileList -enable-bare-slash-regex -enable-experimental-feature DebugDescriptionMacro -sdk /Applications/Xcode.app/Contents/Developer/Platforms/iPhoneSimulator.platform/Developer/SDKs/iPhoneSimulator27.0.sdk -target x86_64-apple-ios18.0-simulator -g -module-cache-path /Users/tianli/Library/Caches/sim-lane/platform-measure/sim-lane-build.e6982c0791732bfce73b18268bda234214598f596023b7e4fb5e4d72f08f88e6/sim-lane-build.ixvqzr98/dd/ModuleCache.noindex -Xfrontend -serialize-debugging-options -swift-version 5 -I /Users/tianli/Library/Caches/sim-lane/platform-measure/sim-lane-build.e6982c0791732bfce73b18268bda234214598f596023b7e4fb5e4d72f08f88e6/sim-lane-build.ixvqzr98/dd/Build/Products/Release-iphonesimulator -F /Users/tianli/Library/Caches/sim-lane/platform-measure/sim-lane-build.e6982c0791732bfce73b18268bda234214598f596023b7e4fb5e4d72f08f88e6/sim-lane-build.ixvqzr98/dd/Build/Products/Release-iphonesimulator -c -num-threads 10 -Xcc -ivfsstatcache -Xcc /Users/tianli/Library/Caches/sim-lane/platform-measure/sim-lane-build.e6982c0791732bfce73b18268bda234214598f596023b7e4fb5e4d72f08f88e6/sim-lane-build.ixvqzr98/dd/SDKStatCaches.noindex/iphonesimulator27.0-24A430-8dc58220667be655e1bcc261a7455254.sdkstatcache -output-file-map /Users/tianli/Library/Caches/sim-lane/platform-measure/sim-lane-build.e6982c0791732bfce73b18268bda234214598f596023b7e4fb5e4d72f08f88e6/sim-lane-build.ixvqzr98/dd/Build/Intermediates.noindex/FolioMobile.build/Release-iphonesimulator/FolioMobile.build/Objects-normal/x86_64/FolioMobile-OutputFileMap.json -save-temps -no-color-diagnostics -explicit-module-build -module-cache-path /Users/tianli/Library/Caches/sim-lane/platform-measure/sim-lane-build.e6982c0791732bfce73b18268bda234214598f596023b7e4fb5e4d72f08f88e6/sim-lane-build.ixvqzr98/dd/Build/Intermediates.noindex/SwiftExplicitPrecompiledModules -clang-scanner-module-cache-path /Users/tianli/Library/Caches/sim-lane/platform-measure/sim-lane-build.e6982c0791732bfce73b18268bda234214598f596023b7e4fb5e4d72f08f88e6/sim-lane-build.ixvqzr98/dd/ModuleCache.noindex -sdk-module-cache-path /Users/tianli/Library/Caches/sim-lane/platform-measure/sim-lane-build.e6982c0791732bfce73b18268bda234214598f596023b7e4fb5e4d72f08f88e6/sim-lane-build.ixvqzr98/dd/SDKExplicitPrecompiledModules -emit-dependencies -emit-module -emit-module-path /Users/tianli/Library/Caches/sim-lane/platform-measure/sim-lane-build.e6982c0791732bfce73b18268bda234214598f596023b7e4fb5e4d72f08f88e6/sim-lane-build.ixvqzr98/dd/Build/Intermediates.noindex/FolioMobile.build/Release-iphonesimulator/FolioMobile.build/Objects-normal/x86_64/Folio.swiftmodule -serialize-diagnostics -dependency-scan-serialize-diagnostics-path /Users/tianli/Library/Caches/sim-lane/platform-measure/sim-lane-build.e6982c0791732bfce73b18268bda234214598f596023b7e4fb5e4d72f08f88e6/sim-lane-build.ixvqzr98/dd/Build/Intermediates.noindex/FolioMobile.build/Release-iphonesimulator/FolioMobile.build/Objects-normal/x86_64/Folio-dependency-scan.dia -validate-clang-modules-once -clang-build-session-file /Users/tianli/Library/Caches/sim-lane/platform-measure/sim-lane-build.e6982c0791732bfce73b18268bda234214598f596023b7e4fb5e4d72f08f88e6/sim-lane-build.ixvqzr98/dd/ModuleCache.noindex/Session.modulevalidation -Xcc -fmodules-prune-interval\=86400 -Xcc -fmodules-prune-after\=345600 -emit-const-values -const-gather-protocols-list /Users/tianli/Library/Caches/sim-lane/platform-measure/sim-lane-build.e6982c0791732bfce73b18268bda234214598f596023b7e4fb5e4d72f08f88e6/sim-lane-build.ixvqzr98/dd/Build/Intermediates.noindex/FolioMobile.build/Release-iphonesimulator/FolioMobile.build/Objects-normal/x86_64/FolioMobile_const_extract_protocols.json -Xcc -iquote -Xcc /Users/tianli/Library/Caches/sim-lane/platform-measure/sim-lane-build.e6982c0791732bfce73b18268bda234214598f596023b7e4fb5e4d72f08f88e6/sim-lane-build.ixvqzr98/dd/Build/Intermediates.noindex/FolioMobile.build/Release-iphonesimulator/FolioMobile.build/Folio-generated-files.hmap -Xcc -I/Users/tianli/Library/Caches/sim-lane/platform-measure/sim-lane-build.e6982c0791732bfce73b18268bda234214598f596023b7e4fb5e4d72f08f88e6/sim-lane-build.ixvqzr98/dd/Build/Intermediates.noindex/FolioMobile.build/Release-iphonesimulator/FolioMobile.build/Folio-own-target-headers.hmap -Xcc -I/Users/tianli/Library/Caches/sim-lane/platform-measure/sim-lane-build.e6982c0791732bfce73b18268bda234214598f596023b7e4fb5e4d72f08f88e6/sim-lane-build.ixvqzr98/dd/Build/Intermediates.noindex/FolioMobile.build/Release-iphonesimulator/FolioMobile.build/Folio-all-target-headers.hmap -Xcc -iquote -Xcc /Users/tianli/Library/Caches/sim-lane/platform-measure/sim-lane-build.e6982c0791732bfce73b18268bda234214598f596023b7e4fb5e4d72f08f88e6/sim-lane-build.ixvqzr98/dd/Build/Intermediates.noindex/FolioMobile.build/Release-iphonesimulator/FolioMobile.build/Folio-project-headers.hmap -Xcc -I/Users/tianli/Library/Caches/sim-lane/platform-measure/sim-lane-build.e6982c0791732bfce73b18268bda234214598f596023b7e4fb5e4d72f08f88e6/sim-lane-build.ixvqzr98/dd/Build/Products/Release-iphonesimulator/include -Xcc -I/Users/tianli/Library/Caches/sim-lane/platform-measure/sim-lane-build.e6982c0791732bfce73b18268bda234214598f596023b7e4fb5e4d72f08f88e6/sim-lane-build.ixvqzr98/dd/Build/Intermediates.noindex/FolioMobile.build/Release-iphonesimulator/FolioMobile.build/DerivedSources-normal/x86_64 -Xcc -I/Users/tianli/Library/Caches/sim-lane/platform-measure/sim-lane-build.e6982c0791732bfce73b18268bda234214598f596023b7e4fb5e4d72f08f88e6/sim-lane-build.ixvqzr98/dd/Build/Intermediates.noindex/FolioMobile.build/Release-iphonesimulator/FolioMobile.build/DerivedSources/x86_64 -Xcc -I/Users/tianli/Library/Caches/sim-lane/platform-measure/sim-lane-build.e6982c0791732bfce73b18268bda234214598f596023b7e4fb5e4d72f08f88e6/sim-lane-build.ixvqzr98/dd/Build/Intermediates.noindex/FolioMobile.build/Release-iphonesimulator/FolioMobile.build/DerivedSources -emit-objc-header -emit-objc-header-path /Users/tianli/Library/Caches/sim-lane/platform-measure/sim-lane-build.e6982c0791732bfce73b18268bda234214598f596023b7e4fb5e4d72f08f88e6/sim-lane-build.ixvqzr98/dd/Build/Intermediates.noindex/FolioMobile.build/Release-iphonesimulator/FolioMobile.build/Objects-normal/x86_64/Folio-Swift.h -working-directory /Users/tianli/Library/Caches/sim-lane/platform-measure/sim-lane-build.e6982c0791732bfce73b18268bda234214598f596023b7e4fb5e4d72f08f88e6/sim-lane-build.ixvqzr98/src/ios/01-源程序 -no-emit-module-separately-wmo

SwiftDriver\ Compilation FolioMobile normal arm64 com.apple.xcode.tools.swift.compiler (in target 'FolioMobile' from project 'FolioMobile')
    cd /Users/tianli/Library/Caches/sim-lane/platform-measure/sim-lane-build.e6982c0791732bfce73b18268bda234214598f596023b7e4fb5e4d72f08f88e6/sim-lane-build.ixvqzr98/src/ios/01-源程序
    builtin-Swift-Compilation -- /Applications/Xcode.app/Contents/Developer/Toolchains/XcodeDefault.xctoolchain/usr/bin/swiftc -module-name Folio -O -whole-module-optimization @/Users/tianli/Library/Caches/sim-lane/platform-measure/sim-lane-build.e6982c0791732bfce73b18268bda234214598f596023b7e4fb5e4d72f08f88e6/sim-lane-build.ixvqzr98/dd/Build/Intermediates.noindex/FolioMobile.build/Release-iphonesimulator/FolioMobile.build/Objects-normal/arm64/Folio.SwiftFileList -enable-bare-slash-regex -enable-experimental-feature DebugDescriptionMacro -sdk /Applications/Xcode.app/Contents/Developer/Platforms/iPhoneSimulator.platform/Developer/SDKs/iPhoneSimulator27.0.sdk -target arm64-apple-ios18.0-simulator -g -module-cache-path /Users/tianli/Library/Caches/sim-lane/platform-measure/sim-lane-build.e6982c0791732bfce73b18268bda234214598f596023b7e4fb5e4d72f08f88e6/sim-lane-build.ixvqzr98/dd/ModuleCache.noindex -Xfrontend -serialize-debugging-options -swift-version 5 -I /Users/tianli/Library/Caches/sim-lane/platform-measure/sim-lane-build.e6982c0791732bfce73b18268bda234214598f596023b7e4fb5e4d72f08f88e6/sim-lane-build.ixvqzr98/dd/Build/Products/Release-iphonesimulator -F /Users/tianli/Library/Caches/sim-lane/platform-measure/sim-lane-build.e6982c0791732bfce73b18268bda234214598f596023b7e4fb5e4d72f08f88e6/sim-lane-build.ixvqzr98/dd/Build/Products/Release-iphonesimulator -c -num-threads 10 -Xcc -ivfsstatcache -Xcc /Users/tianli/Library/Caches/sim-lane/platform-measure/sim-lane-build.e6982c0791732bfce73b18268bda234214598f596023b7e4fb5e4d72f08f88e6/sim-lane-build.ixvqzr98/dd/SDKStatCaches.noindex/iphonesimulator27.0-24A430-8dc58220667be655e1bcc261a7455254.sdkstatcache -output-file-map /Users/tianli/Library/Caches/sim-lane/platform-measure/sim-lane-build.e6982c0791732bfce73b18268bda234214598f596023b7e4fb5e4d72f08f88e6/sim-lane-build.ixvqzr98/dd/Build/Intermediates.noindex/FolioMobile.build/Release-iphonesimulator/FolioMobile.build/Objects-normal/arm64/FolioMobile-OutputFileMap.json -save-temps -no-color-diagnostics -explicit-module-build -module-cache-path /Users/tianli/Library/Caches/sim-lane/platform-measure/sim-lane-build.e6982c0791732bfce73b18268bda234214598f596023b7e4fb5e4d72f08f88e6/sim-lane-build.ixvqzr98/dd/Build/Intermediates.noindex/SwiftExplicitPrecompiledModules -clang-scanner-module-cache-path /Users/tianli/Library/Caches/sim-lane/platform-measure/sim-lane-build.e6982c0791732bfce73b18268bda234214598f596023b7e4fb5e4d72f08f88e6/sim-lane-build.ixvqzr98/dd/ModuleCache.noindex -sdk-module-cache-path /Users/tianli/Library/Caches/sim-lane/platform-measure/sim-lane-build.e6982c0791732bfce73b18268bda234214598f596023b7e4fb5e4d72f08f88e6/sim-lane-build.ixvqzr98/dd/SDKExplicitPrecompiledModules -emit-dependencies -emit-module -emit-module-path /Users/tianli/Library/Caches/sim-lane/platform-measure/sim-lane-build.e6982c0791732bfce73b18268bda234214598f596023b7e4fb5e4d72f08f88e6/sim-lane-build.ixvqzr98/dd/Build/Intermediates.noindex/FolioMobile.build/Release-iphonesimulator/FolioMobile.build/Objects-normal/arm64/Folio.swiftmodule -serialize-diagnostics -dependency-scan-serialize-diagnostics-path /Users/tianli/Library/Caches/sim-lane/platform-measure/sim-lane-build.e6982c0791732bfce73b18268bda234214598f596023b7e4fb5e4d72f08f88e6/sim-lane-build.ixvqzr98/dd/Build/Intermediates.noindex/FolioMobile.build/Release-iphonesimulator/FolioMobile.build/Objects-normal/arm64/Folio-dependency-scan.dia -validate-clang-modules-once -clang-build-session-file /Users/tianli/Library/Caches/sim-lane/platform-measure/sim-lane-build.e6982c0791732bfce73b18268bda234214598f596023b7e4fb5e4d72f08f88e6/sim-lane-build.ixvqzr98/dd/ModuleCache.noindex/Session.modulevalidation -Xcc -fmodules-prune-interval\=86400 -Xcc -fmodules-prune-after\=345600 -emit-const-values -const-gather-protocols-list /Users/tianli/Library/Caches/sim-lane/platform-measure/sim-lane-build.e6982c0791732bfce73b18268bda234214598f596023b7e4fb5e4d72f08f88e6/sim-lane-build.ixvqzr98/dd/Build/Intermediates.noindex/FolioMobile.build/Release-iphonesimulator/FolioMobile.build/Objects-normal/arm64/FolioMobile_const_extract_protocols.json -Xcc -iquote -Xcc /Users/tianli/Library/Caches/sim-lane/platform-measure/sim-lane-build.e6982c0791732bfce73b18268bda234214598f596023b7e4fb5e4d72f08f88e6/sim-lane-build.ixvqzr98/dd/Build/Intermediates.noindex/FolioMobile.build/Release-iphonesimulator/FolioMobile.build/Folio-generated-files.hmap -Xcc -I/Users/tianli/Library/Caches/sim-lane/platform-measure/sim-lane-build.e6982c0791732bfce73b18268bda234214598f596023b7e4fb5e4d72f08f88e6/sim-lane-build.ixvqzr98/dd/Build/Intermediates.noindex/FolioMobile.build/Release-iphonesimulator/FolioMobile.build/Folio-own-target-headers.hmap -Xcc -I/Users/tianli/Library/Caches/sim-lane/platform-measure/sim-lane-build.e6982c0791732bfce73b18268bda234214598f596023b7e4fb5e4d72f08f88e6/sim-lane-build.ixvqzr98/dd/Build/Intermediates.noindex/FolioMobile.build/Release-iphonesimulator/FolioMobile.build/Folio-all-target-headers.hmap -Xcc -iquote -Xcc /Users/tianli/Library/Caches/sim-lane/platform-measure/sim-lane-build.e6982c0791732bfce73b18268bda234214598f596023b7e4fb5e4d72f08f88e6/sim-lane-build.ixvqzr98/dd/Build/Intermediates.noindex/FolioMobile.build/Release-iphonesimulator/FolioMobile.build/Folio-project-headers.hmap -Xcc -I/Users/tianli/Library/Caches/sim-lane/platform-measure/sim-lane-build.e6982c0791732bfce73b18268bda234214598f596023b7e4fb5e4d72f08f88e6/sim-lane-build.ixvqzr98/dd/Build/Products/Release-iphonesimulator/include -Xcc -I/Users/tianli/Library/Caches/sim-lane/platform-measure/sim-lane-build.e6982c0791732bfce73b18268bda234214598f596023b7e4fb5e4d72f08f88e6/sim-lane-build.ixvqzr98/dd/Build/Intermediates.noindex/FolioMobile.build/Release-iphonesimulator/FolioMobile.build/DerivedSources-normal/arm64 -Xcc -I/Users/tianli/Library/Caches/sim-lane/platform-measure/sim-lane-build.e6982c0791732bfce73b18268bda234214598f596023b7e4fb5e4d72f08f88e6/sim-lane-build.ixvqzr98/dd/Build/Intermediates.noindex/FolioMobile.build/Release-iphonesimulator/FolioMobile.build/DerivedSources/arm64 -Xcc -I/Users/tianli/Library/Caches/sim-lane/platform-measure/sim-lane-build.e6982c0791732bfce73b18268bda234214598f596023b7e4fb5e4d72f08f88e6/sim-lane-build.ixvqzr98/dd/Build/Intermediates.noindex/FolioMobile.build/Release-iphonesimulator/FolioMobile.build/DerivedSources -emit-objc-header -emit-objc-header-path /Users/tianli/Library/Caches/sim-lane/platform-measure/sim-lane-build.e6982c0791732bfce73b18268bda234214598f596023b7e4fb5e4d72f08f88e6/sim-lane-build.ixvqzr98/dd/Build/Intermediates.noindex/FolioMobile.build/Release-iphonesimulator/FolioMobile.build/Objects-normal/arm64/Folio-Swift.h -working-directory /Users/tianli/Library/Caches/sim-lane/platform-measure/sim-lane-build.e6982c0791732bfce73b18268bda234214598f596023b7e4fb5e4d72f08f88e6/sim-lane-build.ixvqzr98/src/ios/01-源程序 -no-emit-module-separately-wmo

SwiftExplicitDependencyGeneratePcm x86_64 /Users/tianli/Library/Caches/sim-lane/platform-measure/sim-lane-build.e6982c0791732bfce73b18268bda234214598f596023b7e4fb5e4d72f08f88e6/sim-lane-build.ixvqzr98/dd/SDKExplicitPrecompiledModules/ptrauth-9WNAFM8LGFCTW675WMAZEGJ33.pcm

SwiftExplicitDependencyGeneratePcm x86_64 /Users/tianli/Library/Caches/sim-lane/platform-measure/sim-lane-build.e6982c0791732bfce73b18268bda234214598f596023b7e4fb5e4d72f08f88e6/sim-lane-build.ixvqzr98/dd/SDKExplicitPrecompiledModules/_Builtin_stddef-6HJ78LIZL7QJS8HY9XUM9W7YJ.pcm

SwiftExplicitDependencyGeneratePcm x86_64 /Users/tianli/Library/Caches/sim-lane/platform-measure/sim-lane-build.e6982c0791732bfce73b18268bda234214598f596023b7e4fb5e4d72f08f88e6/sim-lane-build.ixvqzr98/dd/SDKExplicitPrecompiledModules/DeveloperToolsSupport-7Q9XKMETL7DH1I708JIULGHFL.pcm

SwiftExplicitDependencyGeneratePcm x86_64 /Users/tianli/Library/Caches/sim-lane/platform-measure/sim-lane-build.e6982c0791732bfce73b18268bda234214598f596023b7e4fb5e4d72f08f88e6/sim-lane-build.ixvqzr98/dd/SDKExplicitPrecompiledModules/_SwiftConcurrencyShims-5YRV0DTMYHF1GNR8NNPORB1C5.pcm

SwiftExplicitDependencyGeneratePcm x86_64 /Users/tianli/Library/Caches/sim-lane/platform-measure/sim-lane-build.e6982c0791732bfce73b18268bda234214598f596023b7e4fb5e4d72f08f88e6/sim-lane-build.ixvqzr98/dd/SDKExplicitPrecompiledModules/SwiftShims-4XNQGVXA2ZGFSLUHMF96FXTB8.pcm

SwiftExplicitDependencyGeneratePcm x86_64 /Users/tianli/Library/Caches/sim-lane/platform-measure/sim-lane-build.e6982c0791732bfce73b18268bda234214598f596023b7e4fb5e4d72f08f88e6/sim-lane-build.ixvqzr98/dd/SDKExplicitPrecompiledModules/_Builtin_stdbool-1LX88H7NJIJT7XM18B1SEDFDK.pcm

SwiftExplicitDependencyGeneratePcm x86_64 /Users/tianli/Library/Caches/sim-lane/platform-measure/sim-lane-build.e6982c0791732bfce73b18268bda234214598f596023b7e4fb5e4d72f08f88e6/sim-lane-build.ixvqzr98/dd/SDKExplicitPrecompiledModules/_AvailabilityInternal-EI5IREKYQV0MPOKQBRBZOGFYQ.pcm

SwiftExplicitDependencyGeneratePcm arm64 /Users/tianli/Library/Caches/sim-lane/platform-measure/sim-lane-build.e6982c0791732bfce73b18268bda234214598f596023b7e4fb5e4d72f08f88e6/sim-lane-build.ixvqzr98/dd/SDKExplicitPrecompiledModules/_Builtin_stdarg-13NFVVT3HLGT2L2ZOJ4U0X6EF.pcm

SwiftExplicitDependencyGeneratePcm x86_64 /Users/tianli/Library/Caches/sim-lane/platform-measure/sim-lane-build.e6982c0791732bfce73b18268bda234214598f596023b7e4fb5e4d72f08f88e6/sim-lane-build.ixvqzr98/dd/SDKExplicitPrecompiledModules/_Builtin_float-4YW6LKNSACHIOCCIVD859RKGD.pcm

SwiftExplicitDependencyGeneratePcm arm64 /Users/tianli/Library/Caches/sim-lane/platform-measure/sim-lane-build.e6982c0791732bfce73b18268bda234214598f596023b7e4fb5e4d72f08f88e6/sim-lane-build.ixvqzr98/dd/SDKExplicitPrecompiledModules/ptrauth-81BZBESQ9O5J14U8PEE3BEXVT.pcm

SwiftExplicitDependencyGeneratePcm arm64 /Users/tianli/Library/Caches/sim-lane/platform-measure/sim-lane-build.e6982c0791732bfce73b18268bda234214598f596023b7e4fb5e4d72f08f88e6/sim-lane-build.ixvqzr98/dd/SDKExplicitPrecompiledModules/_SwiftConcurrencyShims-DYI9VT2ZNCGAEYB3GDG3MECAD.pcm

SwiftExplicitDependencyGeneratePcm arm64 /Users/tianli/Library/Caches/sim-lane/platform-measure/sim-lane-build.e6982c0791732bfce73b18268bda234214598f596023b7e4fb5e4d72f08f88e6/sim-lane-build.ixvqzr98/dd/SDKExplicitPrecompiledModules/_Builtin_stddef-7RG6T40U39WG8RJXNANNGZBBT.pcm

SwiftExplicitDependencyGeneratePcm x86_64 /Users/tianli/Library/Caches/sim-lane/platform-measure/sim-lane-build.e6982c0791732bfce73b18268bda234214598f596023b7e4fb5e4d72f08f88e6/sim-lane-build.ixvqzr98/dd/SDKExplicitPrecompiledModules/ptrcheck-EJKF9HVPB185UPHT6KURY8LI4.pcm

SwiftExplicitDependencyGeneratePcm x86_64 /Users/tianli/Library/Caches/sim-lane/platform-measure/sim-lane-build.e6982c0791732bfce73b18268bda234214598f596023b7e4fb5e4d72f08f88e6/sim-lane-build.ixvqzr98/dd/SDKExplicitPrecompiledModules/_Builtin_stdarg-4V6SDJLJFL6CQI9ES5TE310K2.pcm

SwiftExplicitDependencyGeneratePcm arm64 /Users/tianli/Library/Caches/sim-lane/platform-measure/sim-lane-build.e6982c0791732bfce73b18268bda234214598f596023b7e4fb5e4d72f08f88e6/sim-lane-build.ixvqzr98/dd/SDKExplicitPrecompiledModules/_AvailabilityInternal-2R4BK1AL7EN1TAK1T1NXHBY5K.pcm

SwiftExplicitDependencyGeneratePcm arm64 /Users/tianli/Library/Caches/sim-lane/platform-measure/sim-lane-build.e6982c0791732bfce73b18268bda234214598f596023b7e4fb5e4d72f08f88e6/sim-lane-build.ixvqzr98/dd/SDKExplicitPrecompiledModules/DeveloperToolsSupport-7OF0N8PZARVQIEQHQS36DVVZX.pcm

SwiftExplicitDependencyGeneratePcm arm64 /Users/tianli/Library/Caches/sim-lane/platform-measure/sim-lane-build.e6982c0791732bfce73b18268bda234214598f596023b7e4fb5e4d72f08f88e6/sim-lane-build.ixvqzr98/dd/SDKExplicitPrecompiledModules/_Builtin_stdbool-2RYO6S7DPQ57WEU9MUKXW5CQM.pcm

SwiftExplicitDependencyGeneratePcm arm64 /Users/tianli/Library/Caches/sim-lane/platform-measure/sim-lane-build.e6982c0791732bfce73b18268bda234214598f596023b7e4fb5e4d72f08f88e6/sim-lane-build.ixvqzr98/dd/SDKExplicitPrecompiledModules/ptrcheck-9TCP0N0H6NGINDF3AG2VI341V.pcm

SwiftExplicitDependencyGeneratePcm arm64 /Users/tianli/Library/Caches/sim-lane/platform-measure/sim-lane-build.e6982c0791732bfce73b18268bda234214598f596023b7e4fb5e4d72f08f88e6/sim-lane-build.ixvqzr98/dd/SDKExplicitPrecompiledModules/_Builtin_float-EJL0OYCSOYVADW334D6LRZ408.pcm

SwiftExplicitDependencyGeneratePcm arm64 /Users/tianli/Library/Caches/sim-lane/platform-measure/sim-lane-build.e6982c0791732bfce73b18268bda234214598f596023b7e4fb5e4d72f08f88e6/sim-lane-build.ixvqzr98/dd/SDKExplicitPrecompiledModules/SwiftShims-KR0NM7X3EZ7ANJ5WMCI9WADM.pcm

SwiftExplicitDependencyGeneratePcm x86_64 /Users/tianli/Library/Caches/sim-lane/platform-measure/sim-lane-build.e6982c0791732bfce73b18268bda234214598f596023b7e4fb5e4d72f08f88e6/sim-lane-build.ixvqzr98/dd/SDKExplicitPrecompiledModules/_DarwinFoundation1-86WIGWRI559I7WXEX58TEBRP1.pcm

SwiftExplicitDependencyGeneratePcm arm64 /Users/tianli/Library/Caches/sim-lane/platform-measure/sim-lane-build.e6982c0791732bfce73b18268bda234214598f596023b7e4fb5e4d72f08f88e6/sim-lane-build.ixvqzr98/dd/SDKExplicitPrecompiledModules/_DarwinFoundation1-902EME0LBHQSRL67X2QY4EWJQ.pcm

SwiftExplicitDependencyGeneratePcm x86_64 /Users/tianli/Library/Caches/sim-lane/platform-measure/sim-lane-build.e6982c0791732bfce73b18268bda234214598f596023b7e4fb5e4d72f08f88e6/sim-lane-build.ixvqzr98/dd/SDKExplicitPrecompiledModules/SQLite3-4V7NOX81VCGETPUMAYONBH38F.pcm

SwiftExplicitDependencyGeneratePcm x86_64 /Users/tianli/Library/Caches/sim-lane/platform-measure/sim-lane-build.e6982c0791732bfce73b18268bda234214598f596023b7e4fb5e4d72f08f88e6/sim-lane-build.ixvqzr98/dd/SDKExplicitPrecompiledModules/_DarwinFoundation2-9L6BUF0DEBWFLIHZ1437CCNMI.pcm

SwiftExplicitDependencyGeneratePcm x86_64 /Users/tianli/Library/Caches/sim-lane/platform-measure/sim-lane-build.e6982c0791732bfce73b18268bda234214598f596023b7e4fb5e4d72f08f88e6/sim-lane-build.ixvqzr98/dd/SDKExplicitPrecompiledModules/_Builtin_limits-C7XOW10Y3O66GJ3O3BYAM2L1D.pcm

SwiftExplicitDependencyGeneratePcm arm64 /Users/tianli/Library/Caches/sim-lane/platform-measure/sim-lane-build.e6982c0791732bfce73b18268bda234214598f596023b7e4fb5e4d72f08f88e6/sim-lane-build.ixvqzr98/dd/SDKExplicitPrecompiledModules/_DarwinFoundation2-77GZ7RU6V74A0QV6NS92JNAEZ.pcm

SwiftExplicitDependencyGeneratePcm arm64 /Users/tianli/Library/Caches/sim-lane/platform-measure/sim-lane-build.e6982c0791732bfce73b18268bda234214598f596023b7e4fb5e4d72f08f88e6/sim-lane-build.ixvqzr98/dd/SDKExplicitPrecompiledModules/_Builtin_limits-5UXETYT39AK3HEOI9YAB6YIMB.pcm

SwiftExplicitDependencyGeneratePcm arm64 /Users/tianli/Library/Caches/sim-lane/platform-measure/sim-lane-build.e6982c0791732bfce73b18268bda234214598f596023b7e4fb5e4d72f08f88e6/sim-lane-build.ixvqzr98/dd/SDKExplicitPrecompiledModules/SQLite3-C6Q2EW4RQFNNKZYFLAUS18K7H.pcm

SwiftExplicitDependencyGeneratePcm x86_64 /Users/tianli/Library/Caches/sim-lane/platform-measure/sim-lane-build.e6982c0791732bfce73b18268bda234214598f596023b7e4fb5e4d72f08f88e6/sim-lane-build.ixvqzr98/dd/SDKExplicitPrecompiledModules/_Builtin_tgmath-8D2W32K1698ZH9WHN8O68A4S3.pcm

SwiftExplicitDependencyGeneratePcm x86_64 /Users/tianli/Library/Caches/sim-lane/platform-measure/sim-lane-build.e6982c0791732bfce73b18268bda234214598f596023b7e4fb5e4d72f08f88e6/sim-lane-build.ixvqzr98/dd/SDKExplicitPrecompiledModules/string_h-BIQ11B6XLLKVFAEKEJZ9UYQ7F.pcm

SwiftExplicitDependencyGeneratePcm x86_64 /Users/tianli/Library/Caches/sim-lane/platform-measure/sim-lane-build.e6982c0791732bfce73b18268bda234214598f596023b7e4fb5e4d72f08f88e6/sim-lane-build.ixvqzr98/dd/SDKExplicitPrecompiledModules/_Builtin_stdint-654GYAQVHWBTTVDTM3M1G8PXY.pcm

SwiftExplicitDependencyGeneratePcm x86_64 /Users/tianli/Library/Caches/sim-lane/platform-measure/sim-lane-build.e6982c0791732bfce73b18268bda234214598f596023b7e4fb5e4d72f08f88e6/sim-lane-build.ixvqzr98/dd/SDKExplicitPrecompiledModules/sys_types-E0IF4WKZ6INQ5XQAS3S8OO148.pcm

SwiftExplicitDependencyGeneratePcm arm64 /Users/tianli/Library/Caches/sim-lane/platform-measure/sim-lane-build.e6982c0791732bfce73b18268bda234214598f596023b7e4fb5e4d72f08f88e6/sim-lane-build.ixvqzr98/dd/SDKExplicitPrecompiledModules/string_h-ACTEJO2HLIB1XYIAMJTDDPKJD.pcm

SwiftExplicitDependencyGeneratePcm arm64 /Users/tianli/Library/Caches/sim-lane/platform-measure/sim-lane-build.e6982c0791732bfce73b18268bda234214598f596023b7e4fb5e4d72f08f88e6/sim-lane-build.ixvqzr98/dd/SDKExplicitPrecompiledModules/_Builtin_stdint-103C3WT72PEI7A523MBSDYCZ3.pcm

SwiftExplicitDependencyGeneratePcm arm64 /Users/tianli/Library/Caches/sim-lane/platform-measure/sim-lane-build.e6982c0791732bfce73b18268bda234214598f596023b7e4fb5e4d72f08f88e6/sim-lane-build.ixvqzr98/dd/SDKExplicitPrecompiledModules/sys_types-267PYPDQ6U2D562ZRXSDXF5OV.pcm

SwiftExplicitDependencyGeneratePcm arm64 /Users/tianli/Library/Caches/sim-lane/platform-measure/sim-lane-build.e6982c0791732bfce73b18268bda234214598f596023b7e4fb5e4d72f08f88e6/sim-lane-build.ixvqzr98/dd/SDKExplicitPrecompiledModules/_Builtin_tgmath-14LUYAA8PBOU3EYFGHK7SHA6H.pcm

SwiftExplicitDependencyGeneratePcm x86_64 /Users/tianli/Library/Caches/sim-lane/platform-measure/sim-lane-build.e6982c0791732bfce73b18268bda234214598f596023b7e4fb5e4d72f08f88e6/sim-lane-build.ixvqzr98/dd/SDKExplicitPrecompiledModules/_DarwinFoundation3-9FNG5RT3BFPCZUVDDL93AE8CP.pcm

SwiftExplicitDependencyGeneratePcm x86_64 /Users/tianli/Library/Caches/sim-lane/platform-measure/sim-lane-build.e6982c0791732bfce73b18268bda234214598f596023b7e4fb5e4d72f08f88e6/sim-lane-build.ixvqzr98/dd/SDKExplicitPrecompiledModules/_Builtin_stdatomic-BCK7O6IR3BTMQF3JAJM3KRWBX.pcm

SwiftExplicitDependencyGeneratePcm arm64 /Users/tianli/Library/Caches/sim-lane/platform-measure/sim-lane-build.e6982c0791732bfce73b18268bda234214598f596023b7e4fb5e4d72f08f88e6/sim-lane-build.ixvqzr98/dd/SDKExplicitPrecompiledModules/_DarwinFoundation3-AB28CY9VG3RTFQ2A0FM585D4Q.pcm

SwiftExplicitDependencyGeneratePcm arm64 /Users/tianli/Library/Caches/sim-lane/platform-measure/sim-lane-build.e6982c0791732bfce73b18268bda234214598f596023b7e4fb5e4d72f08f88e6/sim-lane-build.ixvqzr98/dd/SDKExplicitPrecompiledModules/_Builtin_intrinsics-2X0L2BC1TJ2V7K7T5S4OPZP3Y.pcm

SwiftExplicitDependencyGeneratePcm arm64 /Users/tianli/Library/Caches/sim-lane/platform-measure/sim-lane-build.e6982c0791732bfce73b18268bda234214598f596023b7e4fb5e4d72f08f88e6/sim-lane-build.ixvqzr98/dd/SDKExplicitPrecompiledModules/_Builtin_stdatomic-E5AMEHNWYAJR3FU8IA4GRN4CC.pcm

SwiftExplicitDependencyGeneratePcm x86_64 /Users/tianli/Library/Caches/sim-lane/platform-measure/sim-lane-build.e6982c0791732bfce73b18268bda234214598f596023b7e4fb5e4d72f08f88e6/sim-lane-build.ixvqzr98/dd/SDKExplicitPrecompiledModules/_Builtin_intrinsics-AB6E4R6BI0AKKVTDYDYQUD8NZ.pcm

SwiftExplicitDependencyGeneratePcm x86_64 /Users/tianli/Library/Caches/sim-lane/platform-measure/sim-lane-build.e6982c0791732bfce73b18268bda234214598f596023b7e4fb5e4d72f08f88e6/sim-lane-build.ixvqzr98/dd/SDKExplicitPrecompiledModules/_Builtin_inttypes-7ME1NNSIGF514039SPDHG96NP.pcm

SwiftExplicitDependencyGeneratePcm arm64 /Users/tianli/Library/Caches/sim-lane/platform-measure/sim-lane-build.e6982c0791732bfce73b18268bda234214598f596023b7e4fb5e4d72f08f88e6/sim-lane-build.ixvqzr98/dd/SDKExplicitPrecompiledModules/_Builtin_inttypes-8T4MWBFGADF1T2E5DRLJJDKAA.pcm

SwiftExplicitDependencyGeneratePcm x86_64 /Users/tianli/Library/Caches/sim-lane/platform-measure/sim-lane-build.e6982c0791732bfce73b18268bda234214598f596023b7e4fb5e4d72f08f88e6/sim-lane-build.ixvqzr98/dd/SDKExplicitPrecompiledModules/Darwin-LNVLGU14WOBGEXRUMJLOATAX.pcm

SwiftExplicitDependencyGeneratePcm arm64 /Users/tianli/Library/Caches/sim-lane/platform-measure/sim-lane-build.e6982c0791732bfce73b18268bda234214598f596023b7e4fb5e4d72f08f88e6/sim-lane-build.ixvqzr98/dd/SDKExplicitPrecompiledModules/Darwin-CIJ6LJ6L5KVJYFIJ68IWM2QBP.pcm

SwiftExplicitDependencyGeneratePcm arm64 /Users/tianli/Library/Caches/sim-lane/platform-measure/sim-lane-build.e6982c0791732bfce73b18268bda234214598f596023b7e4fb5e4d72f08f88e6/sim-lane-build.ixvqzr98/dd/SDKExplicitPrecompiledModules/simd-7WFHB7EX81WI0VB7IK7XWW4NW.pcm

SwiftExplicitDependencyGeneratePcm x86_64 /Users/tianli/Library/Caches/sim-lane/platform-measure/sim-lane-build.e6982c0791732bfce73b18268bda234214598f596023b7e4fb5e4d72f08f88e6/sim-lane-build.ixvqzr98/dd/SDKExplicitPrecompiledModules/MachO-1SO1SKLO4LZSOEIECP9YG71T1.pcm

SwiftExplicitDependencyGeneratePcm x86_64 /Users/tianli/Library/Caches/sim-lane/platform-measure/sim-lane-build.e6982c0791732bfce73b18268bda234214598f596023b7e4fb5e4d72f08f88e6/sim-lane-build.ixvqzr98/dd/SDKExplicitPrecompiledModules/ObjectiveC-2U80CR5AII470TJ8IX3WZC7KX.pcm

SwiftExplicitDependencyGeneratePcm arm64 /Users/tianli/Library/Caches/sim-lane/platform-measure/sim-lane-build.e6982c0791732bfce73b18268bda234214598f596023b7e4fb5e4d72f08f88e6/sim-lane-build.ixvqzr98/dd/SDKExplicitPrecompiledModules/ObjectiveC-8XK1LRLYQMV212T30C9SB5NJL.pcm

SwiftExplicitDependencyGeneratePcm arm64 /Users/tianli/Library/Caches/sim-lane/platform-measure/sim-lane-build.e6982c0791732bfce73b18268bda234214598f596023b7e4fb5e4d72f08f88e6/sim-lane-build.ixvqzr98/dd/SDKExplicitPrecompiledModules/MachO-92MDESJL9MKEUGF0S5XHBVZQH.pcm

SwiftExplicitDependencyGeneratePcm x86_64 /Users/tianli/Library/Caches/sim-lane/platform-measure/sim-lane-build.e6982c0791732bfce73b18268bda234214598f596023b7e4fb5e4d72f08f88e6/sim-lane-build.ixvqzr98/dd/SDKExplicitPrecompiledModules/simd-5IZAU9ISXCU40QQ4NMAQ8RXTT.pcm

SwiftExplicitDependencyGeneratePcm x86_64 /Users/tianli/Library/Caches/sim-lane/platform-measure/sim-lane-build.e6982c0791732bfce73b18268bda234214598f596023b7e4fb5e4d72f08f88e6/sim-lane-build.ixvqzr98/dd/SDKExplicitPrecompiledModules/os_object-2ENV1LE2C9WS8W5DX0O0JKJ7Z.pcm

SwiftExplicitDependencyGeneratePcm arm64 /Users/tianli/Library/Caches/sim-lane/platform-measure/sim-lane-build.e6982c0791732bfce73b18268bda234214598f596023b7e4fb5e4d72f08f88e6/sim-lane-build.ixvqzr98/dd/SDKExplicitPrecompiledModules/os_object-7FP292AC03WAYEFNVS479VP4F.pcm

SwiftExplicitDependencyGeneratePcm x86_64 /Users/tianli/Library/Caches/sim-lane/platform-measure/sim-lane-build.e6982c0791732bfce73b18268bda234214598f596023b7e4fb5e4d72f08f88e6/sim-lane-build.ixvqzr98/dd/SDKExplicitPrecompiledModules/os_workgroup-8TA5WGGGNBW5P6L88VOQB8PCB.pcm

SwiftExplicitDependencyGeneratePcm arm64 /Users/tianli/Library/Caches/sim-lane/platform-measure/sim-lane-build.e6982c0791732bfce73b18268bda234214598f596023b7e4fb5e4d72f08f88e6/sim-lane-build.ixvqzr98/dd/SDKExplicitPrecompiledModules/os_workgroup-5PUQRWMGQAH2SR1OOFKPP2QP1.pcm

SwiftExplicitDependencyGeneratePcm x86_64 /Users/tianli/Library/Caches/sim-lane/platform-measure/sim-lane-build.e6982c0791732bfce73b18268bda234214598f596023b7e4fb5e4d72f08f88e6/sim-lane-build.ixvqzr98/dd/SDKExplicitPrecompiledModules/Dispatch-CHKH0I7D2HVK5L1XJM5A35RZQ.pcm

SwiftExplicitDependencyGeneratePcm arm64 /Users/tianli/Library/Caches/sim-lane/platform-measure/sim-lane-build.e6982c0791732bfce73b18268bda234214598f596023b7e4fb5e4d72f08f88e6/sim-lane-build.ixvqzr98/dd/SDKExplicitPrecompiledModules/Dispatch-2GZ8RVAXFJKQMKBEX2NGOH05L.pcm

SwiftExplicitDependencyGeneratePcm x86_64 /Users/tianli/Library/Caches/sim-lane/platform-measure/sim-lane-build.e6982c0791732bfce73b18268bda234214598f596023b7e4fb5e4d72f08f88e6/sim-lane-build.ixvqzr98/dd/SDKExplicitPrecompiledModules/XPC-6NWK1WS92T7PWU3ZT58YZ5ETZ.pcm

SwiftExplicitDependencyGeneratePcm x86_64 /Users/tianli/Library/Caches/sim-lane/platform-measure/sim-lane-build.e6982c0791732bfce73b18268bda234214598f596023b7e4fb5e4d72f08f88e6/sim-lane-build.ixvqzr98/dd/SDKExplicitPrecompiledModules/CoreFoundation-BM7VZX4WLH8QVOAM554MSTORJ.pcm

SwiftExplicitDependencyGeneratePcm x86_64 /Users/tianli/Library/Caches/sim-lane/platform-measure/sim-lane-build.e6982c0791732bfce73b18268bda234214598f596023b7e4fb5e4d72f08f88e6/sim-lane-build.ixvqzr98/dd/SDKExplicitPrecompiledModules/dnssd-8A0PKST0MFEZYEYPURONY7PZO.pcm

SwiftExplicitDependencyGeneratePcm arm64 /Users/tianli/Library/Caches/sim-lane/platform-measure/sim-lane-build.e6982c0791732bfce73b18268bda234214598f596023b7e4fb5e4d72f08f88e6/sim-lane-build.ixvqzr98/dd/SDKExplicitPrecompiledModules/dnssd-CJS9OBQZT9Q0BOSRDK5CA80J8.pcm

SwiftExplicitDependencyGeneratePcm arm64 /Users/tianli/Library/Caches/sim-lane/platform-measure/sim-lane-build.e6982c0791732bfce73b18268bda234214598f596023b7e4fb5e4d72f08f88e6/sim-lane-build.ixvqzr98/dd/SDKExplicitPrecompiledModules/CoreFoundation-BTJ3CQ5Q82DYTALNN3H1NZB0E.pcm

SwiftExplicitDependencyGeneratePcm arm64 /Users/tianli/Library/Caches/sim-lane/platform-measure/sim-lane-build.e6982c0791732bfce73b18268bda234214598f596023b7e4fb5e4d72f08f88e6/sim-lane-build.ixvqzr98/dd/SDKExplicitPrecompiledModules/XPC-56DQWY9EQU2ZNX1HH8XMJBC7V.pcm

SwiftExplicitDependencyGeneratePcm arm64 /Users/tianli/Library/Caches/sim-lane/platform-measure/sim-lane-build.e6982c0791732bfce73b18268bda234214598f596023b7e4fb5e4d72f08f88e6/sim-lane-build.ixvqzr98/dd/SDKExplicitPrecompiledModules/Spatial-CYPS3K4ZW65WD8QXGDGXSX0TX.pcm

SwiftExplicitDependencyGeneratePcm x86_64 /Users/tianli/Library/Caches/sim-lane/platform-measure/sim-lane-build.e6982c0791732bfce73b18268bda234214598f596023b7e4fb5e4d72f08f88e6/sim-lane-build.ixvqzr98/dd/SDKExplicitPrecompiledModules/os-9184QIOXQLY56MAZDGZA6ZXGI.pcm

SwiftExplicitDependencyGeneratePcm arm64 /Users/tianli/Library/Caches/sim-lane/platform-measure/sim-lane-build.e6982c0791732bfce73b18268bda234214598f596023b7e4fb5e4d72f08f88e6/sim-lane-build.ixvqzr98/dd/SDKExplicitPrecompiledModules/os-7XSBYK6S8E1KNHNLR0C337HE4.pcm

SwiftExplicitDependencyGeneratePcm x86_64 /Users/tianli/Library/Caches/sim-lane/platform-measure/sim-lane-build.e6982c0791732bfce73b18268bda234214598f596023b7e4fb5e4d72f08f88e6/sim-lane-build.ixvqzr98/dd/SDKExplicitPrecompiledModules/Security-2SJPTOH94VV6D5H1A91DTAETW.pcm

SwiftExplicitDependencyGeneratePcm x86_64 /Users/tianli/Library/Caches/sim-lane/platform-measure/sim-lane-build.e6982c0791732bfce73b18268bda234214598f596023b7e4fb5e4d72f08f88e6/sim-lane-build.ixvqzr98/dd/SDKExplicitPrecompiledModules/CoreGraphics-D6FWD7ZOPWMVGH42JT87HSQPZ.pcm

SwiftExplicitDependencyGeneratePcm x86_64 /Users/tianli/Library/Caches/sim-lane/platform-measure/sim-lane-build.e6982c0791732bfce73b18268bda234214598f596023b7e4fb5e4d72f08f88e6/sim-lane-build.ixvqzr98/dd/SDKExplicitPrecompiledModules/CFNetwork-5Y7HO53F5Z8KU3L1IR29XXF7C.pcm

SwiftExplicitDependencyGeneratePcm x86_64 /Users/tianli/Library/Caches/sim-lane/platform-measure/sim-lane-build.e6982c0791732bfce73b18268bda234214598f596023b7e4fb5e4d72f08f88e6/sim-lane-build.ixvqzr98/dd/SDKExplicitPrecompiledModules/CoreAudioTypes-6OOMASSGOZUBCX244O3KFHLFN.pcm

SwiftExplicitDependencyGeneratePcm arm64 /Users/tianli/Library/Caches/sim-lane/platform-measure/sim-lane-build.e6982c0791732bfce73b18268bda234214598f596023b7e4fb5e4d72f08f88e6/sim-lane-build.ixvqzr98/dd/SDKExplicitPrecompiledModules/CoreGraphics-841E9ARDSHWOHQCVWMJTDL085.pcm

SwiftExplicitDependencyGeneratePcm arm64 /Users/tianli/Library/Caches/sim-lane/platform-measure/sim-lane-build.e6982c0791732bfce73b18268bda234214598f596023b7e4fb5e4d72f08f88e6/sim-lane-build.ixvqzr98/dd/SDKExplicitPrecompiledModules/CoreAudioTypes-9O0WXNF2L19116NXPZJGV9IY6.pcm

SwiftExplicitDependencyGeneratePcm arm64 /Users/tianli/Library/Caches/sim-lane/platform-measure/sim-lane-build.e6982c0791732bfce73b18268bda234214598f596023b7e4fb5e4d72f08f88e6/sim-lane-build.ixvqzr98/dd/SDKExplicitPrecompiledModules/CFNetwork-I2953F60925R8F2YUHQTKOYN.pcm

SwiftExplicitDependencyGeneratePcm arm64 /Users/tianli/Library/Caches/sim-lane/platform-measure/sim-lane-build.e6982c0791732bfce73b18268bda234214598f596023b7e4fb5e4d72f08f88e6/sim-lane-build.ixvqzr98/dd/SDKExplicitPrecompiledModules/Security-DVZZU88DTFI7RTO4475T84NJ2.pcm

SwiftExplicitDependencyGeneratePcm x86_64 /Users/tianli/Library/Caches/sim-lane/platform-measure/sim-lane-build.e6982c0791732bfce73b18268bda234214598f596023b7e4fb5e4d72f08f88e6/sim-lane-build.ixvqzr98/dd/SDKExplicitPrecompiledModules/CoreAudio-1GUZ1J0HGTMXYCJY2C7YHUHWE.pcm

SwiftExplicitDependencyGeneratePcm arm64 /Users/tianli/Library/Caches/sim-lane/platform-measure/sim-lane-build.e6982c0791732bfce73b18268bda234214598f596023b7e4fb5e4d72f08f88e6/sim-lane-build.ixvqzr98/dd/SDKExplicitPrecompiledModules/CoreAudio-8EMJFFD7Z3B6XR8OSLEN2T4SL.pcm

SwiftExplicitDependencyGeneratePcm x86_64 /Users/tianli/Library/Caches/sim-lane/platform-measure/sim-lane-build.e6982c0791732bfce73b18268bda234214598f596023b7e4fb5e4d72f08f88e6/sim-lane-build.ixvqzr98/dd/SDKExplicitPrecompiledModules/Foundation-BWHX171G2JDGBADW7ROXO8CIF.pcm

SwiftExplicitDependencyGeneratePcm x86_64 /Users/tianli/Library/Caches/sim-lane/platform-measure/sim-lane-build.e6982c0791732bfce73b18268bda234214598f596023b7e4fb5e4d72f08f88e6/sim-lane-build.ixvqzr98/dd/SDKExplicitPrecompiledModules/CoreText-E45MYAQWKAMXUB0N0BEPRS9M6.pcm

SwiftExplicitDependencyGeneratePcm x86_64 /Users/tianli/Library/Caches/sim-lane/platform-measure/sim-lane-build.e6982c0791732bfce73b18268bda234214598f596023b7e4fb5e4d72f08f88e6/sim-lane-build.ixvqzr98/dd/SDKExplicitPrecompiledModules/ImageIO-91JISEQ8142SW2QZOG02WCHQG.pcm

SwiftExplicitDependencyGeneratePcm arm64 /Users/tianli/Library/Caches/sim-lane/platform-measure/sim-lane-build.e6982c0791732bfce73b18268bda234214598f596023b7e4fb5e4d72f08f88e6/sim-lane-build.ixvqzr98/dd/SDKExplicitPrecompiledModules/Foundation-AWUR5CFP7G9AL4F125141W18P.pcm

SwiftExplicitDependencyGeneratePcm arm64 /Users/tianli/Library/Caches/sim-lane/platform-measure/sim-lane-build.e6982c0791732bfce73b18268bda234214598f596023b7e4fb5e4d72f08f88e6/sim-lane-build.ixvqzr98/dd/SDKExplicitPrecompiledModules/ImageIO-EHD6HDJT9BIVQOLLNII6HIWMQ.pcm

SwiftExplicitDependencyGeneratePcm arm64 /Users/tianli/Library/Caches/sim-lane/platform-measure/sim-lane-build.e6982c0791732bfce73b18268bda234214598f596023b7e4fb5e4d72f08f88e6/sim-lane-build.ixvqzr98/dd/SDKExplicitPrecompiledModules/CoreText-CDZG3J11590DCTFAJ5IGIVUOJ.pcm

SwiftExplicitDependencyGeneratePcm x86_64 /Users/tianli/Library/Caches/sim-lane/platform-measure/sim-lane-build.e6982c0791732bfce73b18268bda234214598f596023b7e4fb5e4d72f08f88e6/sim-lane-build.ixvqzr98/dd/SDKExplicitPrecompiledModules/Spatial-D9E7ZANUM3V1W7Z4D8YIZME26.pcm

SwiftExplicitDependencyGeneratePcm x86_64 /Users/tianli/Library/Caches/sim-lane/platform-measure/sim-lane-build.e6982c0791732bfce73b18268bda234214598f596023b7e4fb5e4d72f08f88e6/sim-lane-build.ixvqzr98/dd/SDKExplicitPrecompiledModules/UserNotifications-6C3EYDKM2O4YLMNEQJLJX8CCH.pcm

SwiftExplicitDependencyGeneratePcm x86_64 /Users/tianli/Library/Caches/sim-lane/platform-measure/sim-lane-build.e6982c0791732bfce73b18268bda234214598f596023b7e4fb5e4d72f08f88e6/sim-lane-build.ixvqzr98/dd/SDKExplicitPrecompiledModules/DataDetection-XXPWRBT3686IJKFDI0RX3I0C.pcm

SwiftExplicitDependencyGeneratePcm x86_64 /Users/tianli/Library/Caches/sim-lane/platform-measure/sim-lane-build.e6982c0791732bfce73b18268bda234214598f596023b7e4fb5e4d72f08f88e6/sim-lane-build.ixvqzr98/dd/SDKExplicitPrecompiledModules/Symbols-QTJ6HLCRRUMBEDYSI58LX598.pcm

SwiftExplicitDependencyGeneratePcm x86_64 /Users/tianli/Library/Caches/sim-lane/platform-measure/sim-lane-build.e6982c0791732bfce73b18268bda234214598f596023b7e4fb5e4d72f08f88e6/sim-lane-build.ixvqzr98/dd/SDKExplicitPrecompiledModules/_LocationEssentials-8LWOFZRC0JQOEGG1GR3CFE8JO.pcm

SwiftExplicitDependencyGeneratePcm x86_64 /Users/tianli/Library/Caches/sim-lane/platform-measure/sim-lane-build.e6982c0791732bfce73b18268bda234214598f596023b7e4fb5e4d72f08f88e6/sim-lane-build.ixvqzr98/dd/SDKExplicitPrecompiledModules/OpenGLES-ZCDI6YMVNB5XG1PVUY4HU9ZJ.pcm

SwiftExplicitDependencyGeneratePcm x86_64 /Users/tianli/Library/Caches/sim-lane/platform-measure/sim-lane-build.e6982c0791732bfce73b18268bda234214598f596023b7e4fb5e4d72f08f88e6/sim-lane-build.ixvqzr98/dd/SDKExplicitPrecompiledModules/IOSurface-4XLQO6NHK9R9XIDY6JX6SMI37.pcm

SwiftExplicitDependencyGeneratePcm x86_64 /Users/tianli/Library/Caches/sim-lane/platform-measure/sim-lane-build.e6982c0791732bfce73b18268bda234214598f596023b7e4fb5e4d72f08f88e6/sim-lane-build.ixvqzr98/dd/SDKExplicitPrecompiledModules/UniformTypeIdentifiers-7FRTDRUFM00OE4JA2OWD7WJ6O.pcm

SwiftExplicitDependencyGeneratePcm x86_64 /Users/tianli/Library/Caches/sim-lane/platform-measure/sim-lane-build.e6982c0791732bfce73b18268bda234214598f596023b7e4fb5e4d72f08f88e6/sim-lane-build.ixvqzr98/dd/SDKExplicitPrecompiledModules/Accessibility-BDYEQ6NKEQU5TY7LQQLLI0YQD.pcm

SwiftExplicitDependencyGeneratePcm x86_64 /Users/tianli/Library/Caches/sim-lane/platform-measure/sim-lane-build.e6982c0791732bfce73b18268bda234214598f596023b7e4fb5e4d72f08f88e6/sim-lane-build.ixvqzr98/dd/SDKExplicitPrecompiledModules/Network-9BX88HLMMGK2S77JL94SSDHBE.pcm

SwiftExplicitDependencyGeneratePcm x86_64 /Users/tianli/Library/Caches/sim-lane/platform-measure/sim-lane-build.e6982c0791732bfce73b18268bda234214598f596023b7e4fb5e4d72f08f88e6/sim-lane-build.ixvqzr98/dd/SDKExplicitPrecompiledModules/UIUtilities-BY17NUHGS7FIJWXND77G53M47.pcm

SwiftExplicitDependencyGeneratePcm arm64 /Users/tianli/Library/Caches/sim-lane/platform-measure/sim-lane-build.e6982c0791732bfce73b18268bda234214598f596023b7e4fb5e4d72f08f88e6/sim-lane-build.ixvqzr98/dd/SDKExplicitPrecompiledModules/CoreTransferable-BK8HJFR2KJLK0UZDNDP6IR08G.pcm

SwiftExplicitDependencyGeneratePcm arm64 /Users/tianli/Library/Caches/sim-lane/platform-measure/sim-lane-build.e6982c0791732bfce73b18268bda234214598f596023b7e4fb5e4d72f08f88e6/sim-lane-build.ixvqzr98/dd/SDKExplicitPrecompiledModules/IOSurface-CTOLCPTOPIETOOTYTMPK1F90Q.pcm

SwiftExplicitDependencyGeneratePcm arm64 /Users/tianli/Library/Caches/sim-lane/platform-measure/sim-lane-build.e6982c0791732bfce73b18268bda234214598f596023b7e4fb5e4d72f08f88e6/sim-lane-build.ixvqzr98/dd/SDKExplicitPrecompiledModules/Symbols-22TST809W9MBEEC0O8DPZYAR5.pcm

SwiftExplicitDependencyGeneratePcm arm64 /Users/tianli/Library/Caches/sim-lane/platform-measure/sim-lane-build.e6982c0791732bfce73b18268bda234214598f596023b7e4fb5e4d72f08f88e6/sim-lane-build.ixvqzr98/dd/SDKExplicitPrecompiledModules/FileProvider-8LLAQ09NJVHAWMXTIIBW5HNUW.pcm

SwiftExplicitDependencyGeneratePcm arm64 /Users/tianli/Library/Caches/sim-lane/platform-measure/sim-lane-build.e6982c0791732bfce73b18268bda234214598f596023b7e4fb5e4d72f08f88e6/sim-lane-build.ixvqzr98/dd/SDKExplicitPrecompiledModules/OpenGLES-AH1PAD84L9583BI5W8FK1501W.pcm

SwiftExplicitDependencyGeneratePcm arm64 /Users/tianli/Library/Caches/sim-lane/platform-measure/sim-lane-build.e6982c0791732bfce73b18268bda234214598f596023b7e4fb5e4d72f08f88e6/sim-lane-build.ixvqzr98/dd/SDKExplicitPrecompiledModules/LocalAuthentication-EIH687IQ7A03BPA071MMAQPY3.pcm

SwiftExplicitDependencyGeneratePcm arm64 /Users/tianli/Library/Caches/sim-lane/platform-measure/sim-lane-build.e6982c0791732bfce73b18268bda234214598f596023b7e4fb5e4d72f08f88e6/sim-lane-build.ixvqzr98/dd/SDKExplicitPrecompiledModules/DataDetection-91KROFN3FXQDJCOOR0ME5B2Y.pcm

SwiftExplicitDependencyGeneratePcm arm64 /Users/tianli/Library/Caches/sim-lane/platform-measure/sim-lane-build.e6982c0791732bfce73b18268bda234214598f596023b7e4fb5e4d72f08f88e6/sim-lane-build.ixvqzr98/dd/SDKExplicitPrecompiledModules/Network-7IB6OTTVWSD90KPF8NJRC2QAK.pcm

SwiftExplicitDependencyGeneratePcm arm64 /Users/tianli/Library/Caches/sim-lane/platform-measure/sim-lane-build.e6982c0791732bfce73b18268bda234214598f596023b7e4fb5e4d72f08f88e6/sim-lane-build.ixvqzr98/dd/SDKExplicitPrecompiledModules/OSLog-EXL0SJ8QIWE0PPM5DK2ZMG0GK.pcm

SwiftExplicitDependencyGeneratePcm arm64 /Users/tianli/Library/Caches/sim-lane/platform-measure/sim-lane-build.e6982c0791732bfce73b18268bda234214598f596023b7e4fb5e4d72f08f88e6/sim-lane-build.ixvqzr98/dd/SDKExplicitPrecompiledModules/_LocationEssentials-9UONTPDRNHSZ2Z6PJ3YPBYOKH.pcm

SwiftExplicitDependencyGeneratePcm arm64 /Users/tianli/Library/Caches/sim-lane/platform-measure/sim-lane-build.e6982c0791732bfce73b18268bda234214598f596023b7e4fb5e4d72f08f88e6/sim-lane-build.ixvqzr98/dd/SDKExplicitPrecompiledModules/UniformTypeIdentifiers-39HRFSQKQ51UBU4IDJFRCBN4R.pcm

SwiftExplicitDependencyGeneratePcm arm64 /Users/tianli/Library/Caches/sim-lane/platform-measure/sim-lane-build.e6982c0791732bfce73b18268bda234214598f596023b7e4fb5e4d72f08f88e6/sim-lane-build.ixvqzr98/dd/SDKExplicitPrecompiledModules/UserNotifications-7N1GBZZEQYL49GSA6XC691SCH.pcm

SwiftExplicitDependencyGeneratePcm x86_64 /Users/tianli/Library/Caches/sim-lane/platform-measure/sim-lane-build.e6982c0791732bfce73b18268bda234214598f596023b7e4fb5e4d72f08f88e6/sim-lane-build.ixvqzr98/dd/SDKExplicitPrecompiledModules/Metal-22WN2AK08RKX7A67M4E2EX12B.pcm

SwiftExplicitDependencyGeneratePcm arm64 /Users/tianli/Library/Caches/sim-lane/platform-measure/sim-lane-build.e6982c0791732bfce73b18268bda234214598f596023b7e4fb5e4d72f08f88e6/sim-lane-build.ixvqzr98/dd/SDKExplicitPrecompiledModules/Metal-35HL4MQH31P2S9C3BXECJAL6H.pcm

SwiftExplicitDependencyGeneratePcm arm64 /Users/tianli/Library/Caches/sim-lane/platform-measure/sim-lane-build.e6982c0791732bfce73b18268bda234214598f596023b7e4fb5e4d72f08f88e6/sim-lane-build.ixvqzr98/dd/SDKExplicitPrecompiledModules/UIUtilities-C2AIVQXAH7TLVMMND4WFB7NEC.pcm

SwiftExplicitDependencyGeneratePcm arm64 /Users/tianli/Library/Caches/sim-lane/platform-measure/sim-lane-build.e6982c0791732bfce73b18268bda234214598f596023b7e4fb5e4d72f08f88e6/sim-lane-build.ixvqzr98/dd/SDKExplicitPrecompiledModules/CoreData-D7OXG72FE1WPAYP10BI3LW5EG.pcm

SwiftExplicitDependencyGeneratePcm x86_64 /Users/tianli/Library/Caches/sim-lane/platform-measure/sim-lane-build.e6982c0791732bfce73b18268bda234214598f596023b7e4fb5e4d72f08f88e6/sim-lane-build.ixvqzr98/dd/SDKExplicitPrecompiledModules/FileProvider-2B9HYYRGXCZDAKYOFZMZMDA9C.pcm

SwiftExplicitDependencyGeneratePcm x86_64 /Users/tianli/Library/Caches/sim-lane/platform-measure/sim-lane-build.e6982c0791732bfce73b18268bda234214598f596023b7e4fb5e4d72f08f88e6/sim-lane-build.ixvqzr98/dd/SDKExplicitPrecompiledModules/LocalAuthentication-H7435ZFHXY44RBH09B972VZF.pcm

SwiftExplicitDependencyGeneratePcm arm64 /Users/tianli/Library/Caches/sim-lane/platform-measure/sim-lane-build.e6982c0791732bfce73b18268bda234214598f596023b7e4fb5e4d72f08f88e6/sim-lane-build.ixvqzr98/dd/SDKExplicitPrecompiledModules/Accessibility-F3NVP4S08KOGXPGEGYX93M1VB.pcm

SwiftExplicitDependencyGeneratePcm arm64 /Users/tianli/Library/Caches/sim-lane/platform-measure/sim-lane-build.e6982c0791732bfce73b18268bda234214598f596023b7e4fb5e4d72f08f88e6/sim-lane-build.ixvqzr98/dd/SDKExplicitPrecompiledModules/CoreLocation-EN8LP14EN4T4FQGI5KBRXZSZN.pcm

SwiftExplicitDependencyGeneratePcm x86_64 /Users/tianli/Library/Caches/sim-lane/platform-measure/sim-lane-build.e6982c0791732bfce73b18268bda234214598f596023b7e4fb5e4d72f08f88e6/sim-lane-build.ixvqzr98/dd/SDKExplicitPrecompiledModules/CoreData-4V5R1DQM2MA7JO08DYQ9AQVJQ.pcm

SwiftExplicitDependencyGeneratePcm x86_64 /Users/tianli/Library/Caches/sim-lane/platform-measure/sim-lane-build.e6982c0791732bfce73b18268bda234214598f596023b7e4fb5e4d72f08f88e6/sim-lane-build.ixvqzr98/dd/SDKExplicitPrecompiledModules/CoreTransferable-D0FQLY32NJINTLLJGN3SMCZGU.pcm

SwiftExplicitDependencyGeneratePcm x86_64 /Users/tianli/Library/Caches/sim-lane/platform-measure/sim-lane-build.e6982c0791732bfce73b18268bda234214598f596023b7e4fb5e4d72f08f88e6/sim-lane-build.ixvqzr98/dd/SDKExplicitPrecompiledModules/OSLog-CYDOFPA0T3CCF5OUV2TR988UQ.pcm

SwiftExplicitDependencyGeneratePcm x86_64 /Users/tianli/Library/Caches/sim-lane/platform-measure/sim-lane-build.e6982c0791732bfce73b18268bda234214598f596023b7e4fb5e4d72f08f88e6/sim-lane-build.ixvqzr98/dd/SDKExplicitPrecompiledModules/CoreLocation-9HS48EOFA64LPB35RHSI5POUD.pcm

SwiftExplicitDependencyGeneratePcm arm64 /Users/tianli/Library/Caches/sim-lane/platform-measure/sim-lane-build.e6982c0791732bfce73b18268bda234214598f596023b7e4fb5e4d72f08f88e6/sim-lane-build.ixvqzr98/dd/SDKExplicitPrecompiledModules/CoreMotion-8F3EKG3ZXSFVI09LNJ3HWYBJ9.pcm

SwiftExplicitDependencyGeneratePcm x86_64 /Users/tianli/Library/Caches/sim-lane/platform-measure/sim-lane-build.e6982c0791732bfce73b18268bda234214598f596023b7e4fb5e4d72f08f88e6/sim-lane-build.ixvqzr98/dd/SDKExplicitPrecompiledModules/CoreVideo-6EHGV3VSB2G0A9KLBQNYAC10T.pcm

SwiftExplicitDependencyGeneratePcm arm64 /Users/tianli/Library/Caches/sim-lane/platform-measure/sim-lane-build.e6982c0791732bfce73b18268bda234214598f596023b7e4fb5e4d72f08f88e6/sim-lane-build.ixvqzr98/dd/SDKExplicitPrecompiledModules/CoreVideo-4N50I8MFEEOWKWT9IRLPEWI6G.pcm

SwiftExplicitDependencyGeneratePcm x86_64 /Users/tianli/Library/Caches/sim-lane/platform-measure/sim-lane-build.e6982c0791732bfce73b18268bda234214598f596023b7e4fb5e4d72f08f88e6/sim-lane-build.ixvqzr98/dd/SDKExplicitPrecompiledModules/CoreMotion-91IF04P8R9A5EK4YVIZHJSGMX.pcm

SwiftExplicitDependencyGeneratePcm x86_64 /Users/tianli/Library/Caches/sim-lane/platform-measure/sim-lane-build.e6982c0791732bfce73b18268bda234214598f596023b7e4fb5e4d72f08f88e6/sim-lane-build.ixvqzr98/dd/SDKExplicitPrecompiledModules/QuartzCore-EC1LCVYZ9HUGD5VDECJDG0GXR.pcm

SwiftExplicitDependencyGeneratePcm x86_64 /Users/tianli/Library/Caches/sim-lane/platform-measure/sim-lane-build.e6982c0791732bfce73b18268bda234214598f596023b7e4fb5e4d72f08f88e6/sim-lane-build.ixvqzr98/dd/SDKExplicitPrecompiledModules/CoreMedia-BL5EZVXC9SRSW0FLK5OXQY4W9.pcm

SwiftExplicitDependencyGeneratePcm x86_64 /Users/tianli/Library/Caches/sim-lane/platform-measure/sim-lane-build.e6982c0791732bfce73b18268bda234214598f596023b7e4fb5e4d72f08f88e6/sim-lane-build.ixvqzr98/dd/SDKExplicitPrecompiledModules/CoreImage-7SZVHV49FC4Z3LKHRN29KZ73M.pcm

SwiftExplicitDependencyGeneratePcm arm64 /Users/tianli/Library/Caches/sim-lane/platform-measure/sim-lane-build.e6982c0791732bfce73b18268bda234214598f596023b7e4fb5e4d72f08f88e6/sim-lane-build.ixvqzr98/dd/SDKExplicitPrecompiledModules/QuartzCore-36MXYWY6FVVNJXDSJRQRMYQMB.pcm

SwiftExplicitDependencyGeneratePcm arm64 /Users/tianli/Library/Caches/sim-lane/platform-measure/sim-lane-build.e6982c0791732bfce73b18268bda234214598f596023b7e4fb5e4d72f08f88e6/sim-lane-build.ixvqzr98/dd/SDKExplicitPrecompiledModules/CoreImage-7SZ3R0HF05HN10J2R8JZUMJVL.pcm

SwiftExplicitDependencyGeneratePcm arm64 /Users/tianli/Library/Caches/sim-lane/platform-measure/sim-lane-build.e6982c0791732bfce73b18268bda234214598f596023b7e4fb5e4d72f08f88e6/sim-lane-build.ixvqzr98/dd/SDKExplicitPrecompiledModules/CoreMedia-DM30K1UO1WCFFKU2J41ITBMOG.pcm

SwiftExplicitDependencyGeneratePcm x86_64 /Users/tianli/Library/Caches/sim-lane/platform-measure/sim-lane-build.e6982c0791732bfce73b18268bda234214598f596023b7e4fb5e4d72f08f88e6/sim-lane-build.ixvqzr98/dd/SDKExplicitPrecompiledModules/SwiftUICore-4HGNNN38Y3GSGT1MU515XLKNU.pcm

SwiftExplicitDependencyGeneratePcm x86_64 /Users/tianli/Library/Caches/sim-lane/platform-measure/sim-lane-build.e6982c0791732bfce73b18268bda234214598f596023b7e4fb5e4d72f08f88e6/sim-lane-build.ixvqzr98/dd/SDKExplicitPrecompiledModules/UIKit-AN46CTDRB5998N5ZIHWO6QIEI.pcm

SwiftExplicitDependencyGeneratePcm arm64 /Users/tianli/Library/Caches/sim-lane/platform-measure/sim-lane-build.e6982c0791732bfce73b18268bda234214598f596023b7e4fb5e4d72f08f88e6/sim-lane-build.ixvqzr98/dd/SDKExplicitPrecompiledModules/SwiftUICore-6FAPXU55NDLPCJ0Q072I7EHSR.pcm

SwiftExplicitDependencyGeneratePcm arm64 /Users/tianli/Library/Caches/sim-lane/platform-measure/sim-lane-build.e6982c0791732bfce73b18268bda234214598f596023b7e4fb5e4d72f08f88e6/sim-lane-build.ixvqzr98/dd/SDKExplicitPrecompiledModules/UIKit-DBF5M8PSHGXJYS4Z2ZX0FWP2Y.pcm

SwiftExplicitDependencyGeneratePcm x86_64 /Users/tianli/Library/Caches/sim-lane/platform-measure/sim-lane-build.e6982c0791732bfce73b18268bda234214598f596023b7e4fb5e4d72f08f88e6/sim-lane-build.ixvqzr98/dd/SDKExplicitPrecompiledModules/WebKit-E5JUJ6T48DCDDAW8023HUT19I.pcm

SwiftExplicitDependencyGeneratePcm x86_64 /Users/tianli/Library/Caches/sim-lane/platform-measure/sim-lane-build.e6982c0791732bfce73b18268bda234214598f596023b7e4fb5e4d72f08f88e6/sim-lane-build.ixvqzr98/dd/SDKExplicitPrecompiledModules/SwiftUI-CEYMRZHCQWCMC6J45Y0IBRBCK.pcm

SwiftExplicitDependencyGeneratePcm arm64 /Users/tianli/Library/Caches/sim-lane/platform-measure/sim-lane-build.e6982c0791732bfce73b18268bda234214598f596023b7e4fb5e4d72f08f88e6/sim-lane-build.ixvqzr98/dd/SDKExplicitPrecompiledModules/SwiftUI-CDU3H4FW5APQUB4HJND34IMZR.pcm

SwiftExplicitDependencyGeneratePcm arm64 /Users/tianli/Library/Caches/sim-lane/platform-measure/sim-lane-build.e6982c0791732bfce73b18268bda234214598f596023b7e4fb5e4d72f08f88e6/sim-lane-build.ixvqzr98/dd/SDKExplicitPrecompiledModules/WebKit-ARHA6TKAKJ6A3VSUVN4NRFGYT.pcm

SwiftCompile normal x86_64 Compiling\ AppConfiguration.swift,\ AppLifecycle.swift,\ AppLifecycleMobile.swift,\ ContentView.swift,\ DocumentWorkspace.swift,\ FolioMobileApp.swift,\ IndexEngine.swift,\ LaneSignal.swift,\ MarkdownExport.swift,\ MobileEditor.swift,\ MobileProductLifecycle.swift,\ MobileStore.swift,\ Models.swift,\ PlatformCompat.swift,\ GeneratedAssetSymbols.swift /Users/tianli/Library/Caches/sim-lane/platform-measure/sim-lane-build.e6982c0791732bfce73b18268bda234214598f596023b7e4fb5e4d72f08f88e6/sim-lane-build.ixvqzr98/src/ios/01-源程序/Shared/AppConfiguration.swift /Users/tianli/Library/Caches/sim-lane/platform-measure/sim-lane-build.e6982c0791732bfce73b18268bda234214598f596023b7e4fb5e4d72f08f88e6/sim-lane-build.ixvqzr98/src/ios/01-源程序/Shared/AppLifecycle.swift /Users/tianli/Library/Caches/sim-lane/platform-measure/sim-lane-build.e6982c0791732bfce73b18268bda234214598f596023b7e4fb5e4d72f08f88e6/sim-lane-build.ixvqzr98/src/ios/01-源程序/Shared/AppLifecycleMobile.swift /Users/tianli/Library/Caches/sim-lane/platform-measure/sim-lane-build.e6982c0791732bfce73b18268bda234214598f596023b7e4fb5e4d72f08f88e6/sim-lane-build.ixvqzr98/src/ios/01-源程序/Sources/ContentView.swift /Users/tianli/Library/Caches/sim-lane/platform-measure/sim-lane-build.e6982c0791732bfce73b18268bda234214598f596023b7e4fb5e4d72f08f88e6/sim-lane-build.ixvqzr98/src/ios/01-源程序/Sources/DocumentWorkspace.swift /Users/tianli/Library/Caches/sim-lane/platform-measure/sim-lane-build.e6982c0791732bfce73b18268bda234214598f596023b7e4fb5e4d72f08f88e6/sim-lane-build.ixvqzr98/src/ios/01-源程序/Sources/FolioMobileApp.swift /Users/tianli/Library/Caches/sim-lane/platform-measure/sim-lane-build.e6982c0791732bfce73b18268bda234214598f596023b7e4fb5e4d72f08f88e6/sim-lane-build.ixvqzr98/src/Sources/IndexEngine.swift /Users/tianli/Library/Caches/sim-lane/platform-measure/sim-lane-build.e6982c0791732bfce73b18268bda234214598f596023b7e4fb5e4d72f08f88e6/sim-lane-build.ixvqzr98/src/ios/01-源程序/Shared/LaneSignal.swift /Users/tianli/Library/Caches/sim-lane/platform-measure/sim-lane-build.e6982c0791732bfce73b18268bda234214598f596023b7e4fb5e4d72f08f88e6/sim-lane-build.ixvqzr98/src/ios/01-源程序/Sources/MarkdownExport.swift /Users/tianli/Library/Caches/sim-lane/platform-measure/sim-lane-build.e6982c0791732bfce73b18268bda234214598f596023b7e4fb5e4d72f08f88e6/sim-lane-build.ixvqzr98/src/ios/01-源程序/Sources/MobileEditor.swift /Users/tianli/Library/Caches/sim-lane/platform-measure/sim-lane-build.e6982c0791732bfce73b18268bda234214598f596023b7e4fb5e4d72f08f88e6/sim-lane-build.ixvqzr98/src/ios/01-源程序/Sources/MobileProductLifecycle.swift /Users/tianli/Library/Caches/sim-lane/platform-measure/sim-lane-build.e6982c0791732bfce73b18268bda234214598f596023b7e4fb5e4d72f08f88e6/sim-lane-build.ixvqzr98/src/ios/01-源程序/Sources/MobileStore.swift /Users/tianli/Library/Caches/sim-lane/platform-measure/sim-lane-build.e6982c0791732bfce73b18268bda234214598f596023b7e4fb5e4d72f08f88e6/sim-lane-build.ixvqzr98/src/Sources/Models.swift /Users/tianli/Library/Caches/sim-lane/platform-measure/sim-lane-build.e6982c0791732bfce73b18268bda234214598f596023b7e4fb5e4d72f08f88e6/sim-lane-build.ixvqzr98/src/ios/01-源程序/Shared/PlatformCompat.swift /Users/tianli/Library/Caches/sim-lane/platform-measure/sim-lane-build.e6982c0791732bfce73b18268bda234214598f596023b7e4fb5e4d72f08f88e6/sim-lane-build.ixvqzr98/dd/Build/Intermediates.noindex/FolioMobile.build/Release-iphonesimulator/FolioMobile.build/DerivedSources/GeneratedAssetSymbols.swift /Applications/Xcode.app/Contents/Developer/Toolchains/XcodeDefault.xctoolchain/usr/lib/swift/iphonesimulator/prebuilt-modules/27.0/Combine.swiftmodule/x86_64-apple-ios-simulator.swiftmodule /Applications/Xcode.app/Contents/Developer/Toolchains/XcodeDefault.xctoolchain/usr/lib/swift/iphonesimulator/prebuilt-modules/27.0/os.swiftmodule/x86_64-apple-ios-simulator.swiftmodule /Applications/Xcode.app/Contents/Developer/Toolchains/XcodeDefault.xctoolchain/usr/lib/swift/iphonesimulator/prebuilt-modules/27.0/_Concurrency.swiftmodule/x86_64-apple-ios-simulator.swiftmodule /Applications/Xcode.app/Contents/Developer/Toolchains/XcodeDefault.xctoolchain/usr/lib/swift/iphonesimulator/prebuilt-modules/27.0/CoreText.swiftmodule/x86_64-apple-ios-simulator.swiftmodule /Applications/Xcode.app/Contents/Developer/Toolchains/XcodeDefault.xctoolchain/usr/lib/swift/iphonesimulator/prebuilt-modules/27.0/DataDetection.swiftmodule/x86_64-apple-ios-simulator.swiftmodule /Applications/Xcode.app/Contents/Developer/Toolchains/XcodeDefault.xctoolchain/usr/lib/swift/iphonesimulator/prebuilt-modules/27.0/_DarwinFoundation1.swiftmodule/x86_64-apple-ios-simulator.swiftmodule /Applications/Xcode.app/Contents/Developer/Toolchains/XcodeDefault.xctoolchain/usr/lib/swift/iphonesimulator/prebuilt-modules/27.0/XPC.swiftmodule/x86_64-apple-ios-simulator.swiftmodule /Applications/Xcode.app/Contents/Developer/Toolchains/XcodeDefault.xctoolchain/usr/lib/swift/iphonesimulator/prebuilt-modules/27.0/LocalAuthentication.swiftmodule/x86_64-apple-ios-simulator.swiftmodule /Applications/Xcode.app/Contents/Developer/Toolchains/XcodeDefault.xctoolchain/usr/lib/swift/iphonesimulator/prebuilt-modules/27.0/Observation.swiftmodule/x86_64-apple-ios-simulator.swiftmodule /Applications/Xcode.app/Contents/Developer/Toolchains/XcodeDefault.xctoolchain/usr/lib/swift/iphonesimulator/prebuilt-modules/27.0/Swift.swiftmodule/x86_64-apple-ios-simulator.swiftmodule /Applications/Xcode.app/Contents/Developer/Toolchains/XcodeDefault.xctoolchain/usr/lib/swift/iphonesimulator/prebuilt-modules/27.0/CoreVideo.swiftmodule/x86_64-apple-ios-simulator.swiftmodule /Applications/Xcode.app/Contents/Developer/Toolchains/XcodeDefault.xctoolchain/usr/lib/swift/iphonesimulator/prebuilt-modules/27.0/DeveloperToolsSupport.swiftmodule/x86_64-apple-ios-simulator.swiftmodule /Applications/Xcode.app/Contents/Developer/Toolchains/XcodeDefault.xctoolchain/usr/lib/swift/iphonesimulator/prebuilt-modules/27.0/Network.swiftmodule/x86_64-apple-ios-simulator.swiftmodule /Applications/Xcode.app/Contents/Developer/Toolchains/XcodeDefault.xctoolchain/usr/lib/swift/iphonesimulator/prebuilt-modules/27.0/UIKit.swiftmodule/x86_64-apple-ios-simulator.swiftmodule /Applications/Xcode.app/Contents/Developer/Toolchains/XcodeDefault.xctoolchain/usr/lib/swift/iphonesimulator/prebuilt-modules/27.0/Dispatch.swiftmodule/x86_64-apple-ios-simulator.swiftmodule /Applications/Xcode.app/Contents/Developer/Toolchains/XcodeDefault.xctoolchain/usr/lib/swift/iphonesimulator/prebuilt-modules/27.0/CoreMotion.swiftmodule/x86_64-apple-ios-simulator.swiftmodule /Applications/Xcode.app/Contents/Developer/Toolchains/XcodeDefault.xctoolchain/usr/lib/swift/iphonesimulator/prebuilt-modules/27.0/Foundation.swiftmodule/x86_64-apple-ios-simulator.swiftmodule /Applications/Xcode.app/Contents/Developer/Toolchains/XcodeDefault.xctoolchain/usr/lib/swift/iphonesimulator/prebuilt-modules/27.0/Darwin.swiftmodule/x86_64-apple-ios-simulator.swiftmodule /Applications/Xcode.app/Contents/Developer/Toolchains/XcodeDefault.xctoolchain/usr/lib/swift/iphonesimulator/prebuilt-modules/27.0/ObjectiveC.swiftmodule/x86_64-apple-ios-simulator.swiftmodule /Applications/Xcode.app/Contents/Developer/Toolchains/XcodeDefault.xctoolchain/usr/lib/swift/iphonesimulator/prebuilt-modules/27.0/FileProvider.swiftmodule/x86_64-apple-ios-simulator.swiftmodule /Applications/Xcode.app/Contents/Developer/Toolchains/XcodeDefault.xctoolchain/usr/lib/swift/iphonesimulator/prebuilt-modules/27.0/_DarwinFoundation2.swiftmodule/x86_64-apple-ios-simulator.swiftmodule /Applications/Xcode.app/Contents/Developer/Toolchains/XcodeDefault.xctoolchain/usr/lib/swift/iphonesimulator/prebuilt-modules/27.0/CoreAudio.swiftmodule/x86_64-apple-ios-simulator.swiftmodule /Applications/Xcode.app/Contents/Developer/Toolchains/XcodeDefault.xctoolchain/usr/lib/swift/iphonesimulator/prebuilt-modules/27.0/SwiftUICore.swiftmodule/x86_64-apple-ios-simulator.swiftmodule /Applications/Xcode.app/Contents/Developer/Toolchains/XcodeDefault.xctoolchain/usr/lib/swift/iphonesimulator/prebuilt-modules/27.0/UniformTypeIdentifiers.swiftmodule/x86_64-apple-ios-simulator.swiftmodule /Applications/Xcode.app/Contents/Developer/Toolchains/XcodeDefault.xctoolchain/usr/lib/swift/iphonesimulator/prebuilt-modules/27.0/CoreFoundation.swiftmodule/x86_64-apple-ios-simulator.swiftmodule /Applications/Xcode.app/Contents/Developer/Toolchains/XcodeDefault.xctoolchain/usr/lib/swift/iphonesimulator/prebuilt-modules/27.0/Spatial.swiftmodule/x86_64-apple-ios-simulator.swiftmodule /Applications/Xcode.app/Contents/Developer/Toolchains/XcodeDefault.xctoolchain/usr/lib/swift/iphonesimulator/prebuilt-modules/27.0/_DarwinFoundation3.swiftmodule/x86_64-apple-ios-simulator.swiftmodule /Applications/Xcode.app/Contents/Developer/Toolchains/XcodeDefault.xctoolchain/usr/lib/swift/iphonesimulator/prebuilt-modules/27.0/_Builtin_float.swiftmodule/x86_64-apple-ios-simulator.swiftmodule /Applications/Xcode.app/Contents/Developer/Toolchains/XcodeDefault.xctoolchain/usr/lib/swift/iphonesimulator/prebuilt-modules/27.0/CryptoKit.swiftmodule/x86_64-apple-ios-simulator.swiftmodule /Applications/Xcode.app/Contents/Developer/Toolchains/XcodeDefault.xctoolchain/usr/lib/swift/iphonesimulator/prebuilt-modules/27.0/CoreTransferable.swiftmodule/x86_64-apple-ios-simulator.swiftmodule /Applications/Xcode.app/Contents/Developer/Toolchains/XcodeDefault.xctoolchain/usr/lib/swift/iphonesimulator/prebuilt-modules/27.0/_WebKit_SwiftUI.swiftmodule/x86_64-apple-ios-simulator.swiftmodule /Applications/Xcode.app/Contents/Developer/Toolchains/XcodeDefault.xctoolchain/usr/lib/swift/iphonesimulator/prebuilt-modules/27.0/WebKit.swiftmodule/x86_64-apple-ios-simulator.swiftmodule /Applications/Xcode.app/Contents/Developer/Toolchains/XcodeDefault.xctoolchain/usr/lib/swift/iphonesimulator/prebuilt-modules/27.0/CoreData.swiftmodule/x86_64-apple-ios-simulator.swiftmodule /Applications/Xcode.app/Contents/Developer/Toolchains/XcodeDefault.xctoolchain/usr/lib/swift/iphonesimulator/prebuilt-modules/27.0/CoreImage.swiftmodule/x86_64-apple-ios-simulator.swiftmodule /Applications/Xcode.app/Contents/Developer/Toolchains/XcodeDefault.xctoolchain/usr/lib/swift/iphonesimulator/prebuilt-modules/27.0/CoreMedia.swiftmodule/x86_64-apple-ios-simulator.swiftmodule /Applications/Xcode.app/Contents/Developer/Toolchains/XcodeDefault.xctoolchain/usr/lib/swift/iphonesimulator/prebuilt-modules/27.0/System.swiftmodule/x86_64-apple-ios-simulator.swiftmodule /Applications/Xcode.app/Contents/Developer/Toolchains/XcodeDefault.xctoolchain/usr/lib/swift/iphonesimulator/prebuilt-modules/27.0/SwiftUI.swiftmodule/x86_64-apple-ios-simulator.swiftmodule /Applications/Xcode.app/Contents/Developer/Toolchains/XcodeDefault.xctoolchain/usr/lib/swift/iphonesimulator/prebuilt-modules/27.0/OSLog.swiftmodule/x86_64-apple-ios-simulator.swiftmodule /Applications/Xcode.app/Contents/Developer/Toolchains/XcodeDefault.xctoolchain/usr/lib/swift/iphonesimulator/prebuilt-modules/27.0/simd.swiftmodule/x86_64-apple-ios-simulator.swiftmodule /Applications/Xcode.app/Contents/Developer/Toolchains/XcodeDefault.xctoolchain/usr/lib/swift/iphonesimulator/prebuilt-modules/27.0/Distributed.swiftmodule/x86_64-apple-ios-simulator.swiftmodule /Applications/Xcode.app/Contents/Developer/Toolchains/XcodeDefault.xctoolchain/usr/lib/swift/iphonesimulator/prebuilt-modules/27.0/Accessibility.swiftmodule/x86_64-apple-ios-simulator.swiftmodule /Applications/Xcode.app/Contents/Developer/Toolchains/XcodeDefault.xctoolchain/usr/lib/swift/iphonesimulator/prebuilt-modules/27.0/Metal.swiftmodule/x86_64-apple-ios-simulator.swiftmodule /Applications/Xcode.app/Contents/Developer/Toolchains/XcodeDefault.xctoolchain/usr/lib/swift/iphonesimulator/prebuilt-modules/27.0/CoreLocation.swiftmodule/x86_64-apple-ios-simulator.swiftmodule /Applications/Xcode.app/Contents/Developer/Toolchains/XcodeDefault.xctoolchain/usr/lib/swift/iphonesimulator/prebuilt-modules/27.0/Symbols.swiftmodule/x86_64-apple-ios-simulator.swiftmodule /Applications/Xcode.app/Contents/Developer/Toolchains/XcodeDefault.xctoolchain/usr/lib/swift/iphonesimulator/prebuilt-modules/27.0/_StringProcessing.swiftmodule/x86_64-apple-ios-simulator.swiftmodule /Applications/Xcode.app/Contents/Developer/Toolchains/XcodeDefault.xctoolchain/usr/lib/swift/iphonesimulator/prebuilt-modules/27.0/ImageIO.swiftmodule/x86_64-apple-ios-simulator.swiftmodule /Applications/Xcode.app/Contents/Developer/Toolchains/XcodeDefault.xctoolchain/usr/lib/swift/iphonesimulator/prebuilt-modules/27.0/CoreGraphics.swiftmodule/x86_64-apple-ios-simulator.swiftmodule /Applications/Xcode.app/Contents/Developer/Toolchains/XcodeDefault.xctoolchain/usr/lib/swift/iphonesimulator/prebuilt-modules/27.0/QuartzCore.swiftmodule/x86_64-apple-ios-simulator.swiftmodule /Users/tianli/Library/Caches/sim-lane/platform-measure/sim-lane-build.e6982c0791732bfce73b18268bda234214598f596023b7e4fb5e4d72f08f88e6/sim-lane-build.ixvqzr98/dd/SDKExplicitPrecompiledModules/_Builtin_intrinsics-AB6E4R6BI0AKKVTDYDYQUD8NZ.pcm /Users/tianli/Library/Caches/sim-lane/platform-measure/sim-lane-build.e6982c0791732bfce73b18268bda234214598f596023b7e4fb5e4d72f08f88e6/sim-lane-build.ixvqzr98/dd/SDKExplicitPrecompiledModules/SwiftUICore-4HGNNN38Y3GSGT1MU515XLKNU.pcm /Users/tianli/Library/Caches/sim-lane/platform-measure/sim-lane-build.e6982c0791732bfce73b18268bda234214598f596023b7e4fb5e4d72f08f88e6/sim-lane-build.ixvqzr98/dd/SDKExplicitPrecompiledModules/WebKit-E5JUJ6T48DCDDAW8023HUT19I.pcm /Users/tianli/Library/Caches/sim-lane/platform-measure/sim-lane-build.e6982c0791732bfce73b18268bda234214598f596023b7e4fb5e4d72f08f88e6/sim-lane-build.ixvqzr98/dd/SDKExplicitPrecompiledModules/CoreAudio-1GUZ1J0HGTMXYCJY2C7YHUHWE.pcm /Users/tianli/Library/Caches/sim-lane/platform-measure/sim-lane-build.e6982c0791732bfce73b18268bda234214598f596023b7e4fb5e4d72f08f88e6/sim-lane-build.ixvqzr98/dd/SDKExplicitPrecompiledModules/_Builtin_tgmath-8D2W32K1698ZH9WHN8O68A4S3.pcm /Users/tianli/Library/Caches/sim-lane/platform-measure/sim-lane-build.e6982c0791732bfce73b18268bda234214598f596023b7e4fb5e4d72f08f88e6/sim-lane-build.ixvqzr98/dd/SDKExplicitPrecompiledModules/Dispatch-CHKH0I7D2HVK5L1XJM5A35RZQ.pcm /Users/tianli/Library/Caches/sim-lane/platform-measure/sim-lane-build.e6982c0791732bfce73b18268bda234214598f596023b7e4fb5e4d72f08f88e6/sim-lane-build.ixvqzr98/dd/SDKExplicitPrecompiledModules/_Builtin_stdarg-4V6SDJLJFL6CQI9ES5TE310K2.pcm /Users/tianli/Library/Caches/sim-lane/platform-measure/sim-lane-build.e6982c0791732bfce73b18268bda234214598f596023b7e4fb5e4d72f08f88e6/sim-lane-build.ixvqzr98/dd/SDKExplicitPrecompiledModules/_LocationEssentials-8LWOFZRC0JQOEGG1GR3CFE8JO.pcm /Users/tianli/Library/Caches/sim-lane/platform-measure/sim-lane-build.e6982c0791732bfce73b18268bda234214598f596023b7e4fb5e4d72f08f88e6/sim-lane-build.ixvqzr98/dd/SDKExplicitPrecompiledModules/Darwin-LNVLGU14WOBGEXRUMJLOATAX.pcm /Users/tianli/Library/Caches/sim-lane/platform-measure/sim-lane-build.e6982c0791732bfce73b18268bda234214598f596023b7e4fb5e4d72f08f88e6/sim-lane-build.ixvqzr98/dd/SDKExplicitPrecompiledModules/SwiftUI-CEYMRZHCQWCMC6J45Y0IBRBCK.pcm /Users/tianli/Library/Caches/sim-lane/platform-measure/sim-lane-build.e6982c0791732bfce73b18268bda234214598f596023b7e4fb5e4d72f08f88e6/sim-lane-build.ixvqzr98/dd/SDKExplicitPrecompiledModules/os-9184QIOXQLY56MAZDGZA6ZXGI.pcm /Users/tianli/Library/Caches/sim-lane/platform-measure/sim-lane-build.e6982c0791732bfce73b18268bda234214598f596023b7e4fb5e4d72f08f88e6/sim-lane-build.ixvqzr98/dd/SDKExplicitPrecompiledModules/_Builtin_float-4YW6LKNSACHIOCCIVD859RKGD.pcm /Users/tianli/Library/Caches/sim-lane/platform-measure/sim-lane-build.e6982c0791732bfce73b18268bda234214598f596023b7e4fb5e4d72f08f88e6/sim-lane-build.ixvqzr98/dd/SDKExplicitPrecompiledModules/CoreMotion-91IF04P8R9A5EK4YVIZHJSGMX.pcm /Users/tianli/Library/Caches/sim-lane/platform-measure/sim-lane-build.e6982c0791732bfce73b18268bda234214598f596023b7e4fb5e4d72f08f88e6/sim-lane-build.ixvqzr98/dd/SDKExplicitPrecompiledModules/_DarwinFoundation3-9FNG5RT3BFPCZUVDDL93AE8CP.pcm /Users/tianli/Library/Caches/sim-lane/platform-measure/sim-lane-build.e6982c0791732bfce73b18268bda234214598f596023b7e4fb5e4d72f08f88e6/sim-lane-build.ixvqzr98/dd/SDKExplicitPrecompiledModules/Symbols-QTJ6HLCRRUMBEDYSI58LX598.pcm /Users/tianli/Library/Caches/sim-lane/platform-measure/sim-lane-build.e6982c0791732bfce73b18268bda234214598f596023b7e4fb5e4d72f08f88e6/sim-lane-build.ixvqzr98/dd/SDKExplicitPrecompiledModules/_Builtin_limits-C7XOW10Y3O66GJ3O3BYAM2L1D.pcm /Users/tianli/Library/Caches/sim-lane/platform-measure/sim-lane-build.e6982c0791732bfce73b18268bda234214598f596023b7e4fb5e4d72f08f88e6/sim-lane-build.ixvqzr98/dd/SDKExplicitPrecompiledModules/UIUtilities-BY17NUHGS7FIJWXND77G53M47.pcm /Users/tianli/Library/Caches/sim-lane/platform-measure/sim-lane-build.e6982c0791732bfce73b18268bda234214598f596023b7e4fb5e4d72f08f88e6/sim-lane-build.ixvqzr98/dd/SDKExplicitPrecompiledModules/CoreVideo-6EHGV3VSB2G0A9KLBQNYAC10T.pcm /Users/tianli/Library/Caches/sim-lane/platform-measure/sim-lane-build.e6982c0791732bfce73b18268bda234214598f596023b7e4fb5e4d72f08f88e6/sim-lane-build.ixvqzr98/dd/SDKExplicitPrecompiledModules/os_object-2ENV1LE2C9WS8W5DX0O0JKJ7Z.pcm /Users/tianli/Library/Caches/sim-lane/platform-measure/sim-lane-build.e6982c0791732bfce73b18268bda234214598f596023b7e4fb5e4d72f08f88e6/sim-lane-build.ixvqzr98/dd/SDKExplicitPrecompiledModules/UniformTypeIdentifiers-7FRTDRUFM00OE4JA2OWD7WJ6O.pcm /Users/tianli/Library/Caches/sim-lane/platform-measure/sim-lane-build.e6982c0791732bfce73b18268bda234214598f596023b7e4fb5e4d72f08f88e6/sim-lane-build.ixvqzr98/dd/SDKExplicitPrecompiledModules/XPC-6NWK1WS92T7PWU3ZT58YZ5ETZ.pcm /Users/tianli/Library/Caches/sim-lane/platform-measure/sim-lane-build.e6982c0791732bfce73b18268bda234214598f596023b7e4fb5e4d72f08f88e6/sim-lane-build.ixvqzr98/dd/SDKExplicitPrecompiledModules/simd-5IZAU9ISXCU40QQ4NMAQ8RXTT.pcm /Users/tianli/Library/Caches/sim-lane/platform-measure/sim-lane-build.e6982c0791732bfce73b18268bda234214598f596023b7e4fb5e4d72f08f88e6/sim-lane-build.ixvqzr98/dd/SDKExplicitPrecompiledModules/DeveloperToolsSupport-7Q9XKMETL7DH1I708JIULGHFL.pcm /Users/tianli/Library/Caches/sim-lane/platform-measure/sim-lane-build.e6982c0791732bfce73b18268bda234214598f596023b7e4fb5e4d72f08f88e6/sim-lane-build.ixvqzr98/dd/SDKExplicitPrecompiledModules/CoreImage-7SZVHV49FC4Z3LKHRN29KZ73M.pcm /Users/tianli/Library/Caches/sim-lane/platform-measure/sim-lane-build.e6982c0791732bfce73b18268bda234214598f596023b7e4fb5e4d72f08f88e6/sim-lane-build.ixvqzr98/dd/SDKExplicitPrecompiledModules/OSLog-CYDOFPA0T3CCF5OUV2TR988UQ.pcm /Users/tianli/Library/Caches/sim-lane/platform-measure/sim-lane-build.e6982c0791732bfce73b18268bda234214598f596023b7e4fb5e4d72f08f88e6/sim-lane-build.ixvqzr98/dd/SDKExplicitPrecompiledModules/ptrcheck-EJKF9HVPB185UPHT6KURY8LI4.pcm /Users/tianli/Library/Caches/sim-lane/platform-measure/sim-lane-build.e6982c0791732bfce73b18268bda234214598f596023b7e4fb5e4d72f08f88e6/sim-lane-build.ixvqzr98/dd/SDKExplicitPrecompiledModules/MachO-1SO1SKLO4LZSOEIECP9YG71T1.pcm /Users/tianli/Library/Caches/sim-lane/platform-measure/sim-lane-build.e6982c0791732bfce73b18268bda234214598f596023b7e4fb5e4d72f08f88e6/sim-lane-build.ixvqzr98/dd/SDKExplicitPrecompiledModules/IOSurface-4XLQO6NHK9R9XIDY6JX6SMI37.pcm /Users/tianli/Library/Caches/sim-lane/platform-measure/sim-lane-build.e6982c0791732bfce73b18268bda234214598f596023b7e4fb5e4d72f08f88e6/sim-lane-build.ixvqzr98/dd/SDKExplicitPrecompiledModules/CoreGraphics-D6FWD7ZOPWMVGH42JT87HSQPZ.pcm /Users/tianli/Library/Caches/sim-lane/platform-measure/sim-lane-build.e6982c0791732bfce73b18268bda234214598f596023b7e4fb5e4d72f08f88e6/sim-lane-build.ixvqzr98/dd/SDKExplicitPrecompiledModules/UIKit-AN46CTDRB5998N5ZIHWO6QIEI.pcm /Users/tianli/Library/Caches/sim-lane/platform-measure/sim-lane-build.e6982c0791732bfce73b18268bda234214598f596023b7e4fb5e4d72f08f88e6/sim-lane-build.ixvqzr98/dd/SDKExplicitPrecompiledModules/_SwiftConcurrencyShims-5YRV0DTMYHF1GNR8NNPORB1C5.pcm /Users/tianli/Library/Caches/sim-lane/platform-measure/sim-lane-build.e6982c0791732bfce73b18268bda234214598f596023b7e4fb5e4d72f08f88e6/sim-lane-build.ixvqzr98/dd/SDKExplicitPrecompiledModules/_DarwinFoundation1-86WIGWRI559I7WXEX58TEBRP1.pcm /Users/tianli/Library/Caches/sim-lane/platform-measure/sim-lane-build.e6982c0791732bfce73b18268bda234214598f596023b7e4fb5e4d72f08f88e6/sim-lane-build.ixvqzr98/dd/SDKExplicitPrecompiledModules/Metal-22WN2AK08RKX7A67M4E2EX12B.pcm /Users/tianli/Library/Caches/sim-lane/platform-measure/sim-lane-build.e6982c0791732bfce73b18268bda234214598f596023b7e4fb5e4d72f08f88e6/sim-lane-build.ixvqzr98/dd/SDKExplicitPrecompiledModules/Accessibility-BDYEQ6NKEQU5TY7LQQLLI0YQD.pcm /Users/tianli/Library/Caches/sim-lane/platform-measure/sim-lane-build.e6982c0791732bfce73b18268bda234214598f596023b7e4fb5e4d72f08f88e6/sim-lane-build.ixvqzr98/dd/SDKExplicitPrecompiledModules/QuartzCore-EC1LCVYZ9HUGD5VDECJDG0GXR.pcm /Users/tianli/Library/Caches/sim-lane/platform-measure/sim-lane-build.e6982c0791732bfce73b18268bda234214598f596023b7e4fb5e4d72f08f88e6/sim-lane-build.ixvqzr98/dd/SDKExplicitPrecompiledModules/CoreData-4V5R1DQM2MA7JO08DYQ9AQVJQ.pcm /Users/tianli/Library/Caches/sim-lane/platform-measure/sim-lane-build.e6982c0791732bfce73b18268bda234214598f596023b7e4fb5e4d72f08f88e6/sim-lane-build.ixvqzr98/dd/SDKExplicitPrecompiledModules/os_workgroup-8TA5WGGGNBW5P6L88VOQB8PCB.pcm /Users/tianli/Library/Caches/sim-lane/platform-measure/sim-lane-build.e6982c0791732bfce73b18268bda234214598f596023b7e4fb5e4d72f08f88e6/sim-lane-build.ixvqzr98/dd/SDKExplicitPrecompiledModules/CoreMedia-BL5EZVXC9SRSW0FLK5OXQY4W9.pcm /Users/tianli/Library/Caches/sim-lane/platform-measure/sim-lane-build.e6982c0791732bfce73b18268bda234214598f596023b7e4fb5e4d72f08f88e6/sim-lane-build.ixvqzr98/dd/SDKExplicitPrecompiledModules/dnssd-8A0PKST0MFEZYEYPURONY7PZO.pcm /Users/tianli/Library/Caches/sim-lane/platform-measure/sim-lane-build.e6982c0791732bfce73b18268bda234214598f596023b7e4fb5e4d72f08f88e6/sim-lane-build.ixvqzr98/dd/SDKExplicitPrecompiledModules/CoreTransferable-D0FQLY32NJINTLLJGN3SMCZGU.pcm /Users/tianli/Library/Caches/sim-lane/platform-measure/sim-lane-build.e6982c0791732bfce73b18268bda234214598f596023b7e4fb5e4d72f08f88e6/sim-lane-build.ixvqzr98/dd/SDKExplicitPrecompiledModules/ObjectiveC-2U80CR5AII470TJ8IX3WZC7KX.pcm /Users/tianli/Library/Caches/sim-lane/platform-measure/sim-lane-build.e6982c0791732bfce73b18268bda234214598f596023b7e4fb5e4d72f08f88e6/sim-lane-build.ixvqzr98/dd/SDKExplicitPrecompiledModules/OpenGLES-ZCDI6YMVNB5XG1PVUY4HU9ZJ.pcm /Users/tianli/Library/Caches/sim-lane/platform-measure/sim-lane-build.e6982c0791732bfce73b18268bda234214598f596023b7e4fb5e4d72f08f88e6/sim-lane-build.ixvqzr98/dd/SDKExplicitPrecompiledModules/ImageIO-91JISEQ8142SW2QZOG02WCHQG.pcm /Users/tianli/Library/Caches/sim-lane/platform-measure/sim-lane-build.e6982c0791732bfce73b18268bda234214598f596023b7e4fb5e4d72f08f88e6/sim-lane-build.ixvqzr98/dd/SDKExplicitPrecompiledModules/Security-2SJPTOH94VV6D5H1A91DTAETW.pcm /Users/tianli/Library/Caches/sim-lane/platform-measure/sim-lane-build.e6982c0791732bfce73b18268bda234214598f596023b7e4fb5e4d72f08f88e6/sim-lane-build.ixvqzr98/dd/SDKExplicitPrecompiledModules/SQLite3-4V7NOX81VCGETPUMAYONBH38F.pcm /Users/tianli/Library/Caches/sim-lane/platform-measure/sim-lane-build.e6982c0791732bfce73b18268bda234214598f596023b7e4fb5e4d72f08f88e6/sim-lane-build.ixvqzr98/dd/SDKExplicitPrecompiledModules/CoreText-E45MYAQWKAMXUB0N0BEPRS9M6.pcm /Users/tianli/Library/Caches/sim-lane/platform-measure/sim-lane-build.e6982c0791732bfce73b18268bda234214598f596023b7e4fb5e4d72f08f88e6/sim-lane-build.ixvqzr98/dd/SDKExplicitPrecompiledModules/Network-9BX88HLMMGK2S77JL94SSDHBE.pcm /Users/tianli/Library/Caches/sim-lane/platform-measure/sim-lane-build.e6982c0791732bfce73b18268bda234214598f596023b7e4fb5e4d72f08f88e6/sim-lane-build.ixvqzr98/dd/SDKExplicitPrecompiledModules/CoreAudioTypes-6OOMASSGOZUBCX244O3KFHLFN.pcm /Users/tianli/Library/Caches/sim-lane/platform-measure/sim-lane-build.e6982c0791732bfce73b18268bda234214598f596023b7e4fb5e4d72f08f88e6/sim-lane-build.ixvqzr98/dd/SDKExplicitPrecompiledModules/_Builtin_inttypes-7ME1NNSIGF514039SPDHG96NP.pcm /Users/tianli/Library/Caches/sim-lane/platform-measure/sim-lane-build.e6982c0791732bfce73b18268bda234214598f596023b7e4fb5e4d72f08f88e6/sim-lane-build.ixvqzr98/dd/SDKExplicitPrecompiledModules/_Builtin_stdbool-1LX88H7NJIJT7XM18B1SEDFDK.pcm /Users/tianli/Library/Caches/sim-lane/platform-measure/sim-lane-build.e6982c0791732bfce73b18268bda234214598f596023b7e4fb5e4d72f08f88e6/sim-lane-build.ixvqzr98/dd/SDKExplicitPrecompiledModules/LocalAuthentication-H7435ZFHXY44RBH09B972VZF.pcm /Users/tianli/Library/Caches/sim-lane/platform-measure/sim-lane-build.e6982c0791732bfce73b18268bda234214598f596023b7e4fb5e4d72f08f88e6/sim-lane-build.ixvqzr98/dd/SDKExplicitPrecompiledModules/string_h-BIQ11B6XLLKVFAEKEJZ9UYQ7F.pcm /Users/tianli/Library/Caches/sim-lane/platform-measure/sim-lane-build.e6982c0791732bfce73b18268bda234214598f596023b7e4fb5e4d72f08f88e6/sim-lane-build.ixvqzr98/dd/SDKExplicitPrecompiledModules/_Builtin_stdatomic-BCK7O6IR3BTMQF3JAJM3KRWBX.pcm /Users/tianli/Library/Caches/sim-lane/platform-measure/sim-lane-build.e6982c0791732bfce73b18268bda234214598f596023b7e4fb5e4d72f08f88e6/sim-lane-build.ixvqzr98/dd/SDKExplicitPrecompiledModules/_AvailabilityInternal-EI5IREKYQV0MPOKQBRBZOGFYQ.pcm /Users/tianli/Library/Caches/sim-lane/platform-measure/sim-lane-build.e6982c0791732bfce73b18268bda234214598f596023b7e4fb5e4d72f08f88e6/sim-lane-build.ixvqzr98/dd/SDKExplicitPrecompiledModules/CoreFoundation-BM7VZX4WLH8QVOAM554MSTORJ.pcm /Users/tianli/Library/Caches/sim-lane/platform-measure/sim-lane-build.e6982c0791732bfce73b18268bda234214598f596023b7e4fb5e4d72f08f88e6/sim-lane-build.ixvqzr98/dd/SDKExplicitPrecompiledModules/CFNetwork-5Y7HO53F5Z8KU3L1IR29XXF7C.pcm /Users/tianli/Library/Caches/sim-lane/platform-measure/sim-lane-build.e6982c0791732bfce73b18268bda234214598f596023b7e4fb5e4d72f08f88e6/sim-lane-build.ixvqzr98/dd/SDKExplicitPrecompiledModules/sys_types-E0IF4WKZ6INQ5XQAS3S8OO148.pcm /Users/tianli/Library/Caches/sim-lane/platform-measure/sim-lane-build.e6982c0791732bfce73b18268bda234214598f596023b7e4fb5e4d72f08f88e6/sim-lane-build.ixvqzr98/dd/SDKExplicitPrecompiledModules/_Builtin_stddef-6HJ78LIZL7QJS8HY9XUM9W7YJ.pcm /Users/tianli/Library/Caches/sim-lane/platform-measure/sim-lane-build.e6982c0791732bfce73b18268bda234214598f596023b7e4fb5e4d72f08f88e6/sim-lane-build.ixvqzr98/dd/SDKExplicitPrecompiledModules/Foundation-BWHX171G2JDGBADW7ROXO8CIF.pcm /Users/tianli/Library/Caches/sim-lane/platform-measure/sim-lane-build.e6982c0791732bfce73b18268bda234214598f596023b7e4fb5e4d72f08f88e6/sim-lane-build.ixvqzr98/dd/SDKExplicitPrecompiledModules/DataDetection-XXPWRBT3686IJKFDI0RX3I0C.pcm /Users/tianli/Library/Caches/sim-lane/platform-measure/sim-lane-build.e6982c0791732bfce73b18268bda234214598f596023b7e4fb5e4d72f08f88e6/sim-lane-build.ixvqzr98/dd/SDKExplicitPrecompiledModules/CoreLocation-9HS48EOFA64LPB35RHSI5POUD.pcm /Users/tianli/Library/Caches/sim-lane/platform-measure/sim-lane-build.e6982c0791732bfce73b18268bda234214598f596023b7e4fb5e4d72f08f88e6/sim-lane-build.ixvqzr98/dd/SDKExplicitPrecompiledModules/_DarwinFoundation2-9L6BUF0DEBWFLIHZ1437CCNMI.pcm /Users/tianli/Library/Caches/sim-lane/platform-measure/sim-lane-build.e6982c0791732bfce73b18268bda234214598f596023b7e4fb5e4d72f08f88e6/sim-lane-build.ixvqzr98/dd/SDKExplicitPrecompiledModules/SwiftShims-4XNQGVXA2ZGFSLUHMF96FXTB8.pcm /Users/tianli/Library/Caches/sim-lane/platform-measure/sim-lane-build.e6982c0791732bfce73b18268bda234214598f596023b7e4fb5e4d72f08f88e6/sim-lane-build.ixvqzr98/dd/SDKExplicitPrecompiledModules/_Builtin_stdint-654GYAQVHWBTTVDTM3M1G8PXY.pcm /Users/tianli/Library/Caches/sim-lane/platform-measure/sim-lane-build.e6982c0791732bfce73b18268bda234214598f596023b7e4fb5e4d72f08f88e6/sim-lane-build.ixvqzr98/dd/SDKExplicitPrecompiledModules/FileProvider-2B9HYYRGXCZDAKYOFZMZMDA9C.pcm /Users/tianli/Library/Caches/sim-lane/platform-measure/sim-lane-build.e6982c0791732bfce73b18268bda234214598f596023b7e4fb5e4d72f08f88e6/sim-lane-build.ixvqzr98/dd/SDKExplicitPrecompiledModules/ptrauth-9WNAFM8LGFCTW675WMAZEGJ33.pcm /Users/tianli/Library/Caches/sim-lane/platform-measure/sim-lane-build.e6982c0791732bfce73b18268bda234214598f596023b7e4fb5e4d72f08f88e6/sim-lane-build.ixvqzr98/dd/SDKExplicitPrecompiledModules/UserNotifications-6C3EYDKM2O4YLMNEQJLJX8CCH.pcm /Users/tianli/Library/Caches/sim-lane/platform-measure/sim-lane-build.e6982c0791732bfce73b18268bda234214598f596023b7e4fb5e4d72f08f88e6/sim-lane-build.ixvqzr98/dd/SDKExplicitPrecompiledModules/Spatial-D9E7ZANUM3V1W7Z4D8YIZME26.pcm /Users/tianli/Library/Caches/sim-lane/platform-measure/sim-lane-build.e6982c0791732bfce73b18268bda234214598f596023b7e4fb5e4d72f08f88e6/sim-lane-build.ixvqzr98/dd/Build/Intermediates.noindex/FolioMobile.build/Release-iphonesimulator/FolioMobile.build/Objects-normal/x86_64/Folio-dependencies-1.json (in target 'FolioMobile' from project 'FolioMobile')

SwiftCompile normal x86_64 (in target 'FolioMobile' from project 'FolioMobile')
    cd /Users/tianli/Library/Caches/sim-lane/platform-measure/sim-lane-build.e6982c0791732bfce73b18268bda234214598f596023b7e4fb5e4d72f08f88e6/sim-lane-build.ixvqzr98/src/ios/01-源程序
    

/Users/tianli/Library/Caches/sim-lane/platform-measure/sim-lane-build.e6982c0791732bfce73b18268bda234214598f596023b7e4fb5e4d72f08f88e6/sim-lane-build.ixvqzr98/src/ios/01-源程序/Sources/MobileStore.swift:35:13: warning: result of 'try?' is unused [#NoUsage]
33 |            let fixture = Bundle.main.url(forResource: "demo", withExtension: "md"),
34 |            let text = try? String(contentsOf: fixture, encoding: .utf8) {
35 |             try? workspace.newDocument(text: text)
   |             `- warning: result of 'try?' is unused [#NoUsage]
36 |         }
37 |         refresh()

[#NoUsage]: <https://docs.swift.org/compiler/documentation/diagnostics/no-usage>
SwiftCompile normal arm64 Compiling\ AppConfiguration.swift,\ AppLifecycle.swift,\ AppLifecycleMobile.swift,\ ContentView.swift,\ DocumentWorkspace.swift,\ FolioMobileApp.swift,\ IndexEngine.swift,\ LaneSignal.swift,\ MarkdownExport.swift,\ MobileEditor.swift,\ MobileProductLifecycle.swift,\ MobileStore.swift,\ Models.swift,\ PlatformCompat.swift,\ GeneratedAssetSymbols.swift /Users/tianli/Library/Caches/sim-lane/platform-measure/sim-lane-build.e6982c0791732bfce73b18268bda234214598f596023b7e4fb5e4d72f08f88e6/sim-lane-build.ixvqzr98/src/ios/01-源程序/Shared/AppConfiguration.swift /Users/tianli/Library/Caches/sim-lane/platform-measure/sim-lane-build.e6982c0791732bfce73b18268bda234214598f596023b7e4fb5e4d72f08f88e6/sim-lane-build.ixvqzr98/src/ios/01-源程序/Shared/AppLifecycle.swift /Users/tianli/Library/Caches/sim-lane/platform-measure/sim-lane-build.e6982c0791732bfce73b18268bda234214598f596023b7e4fb5e4d72f08f88e6/sim-lane-build.ixvqzr98/src/ios/01-源程序/Shared/AppLifecycleMobile.swift /Users/tianli/Library/Caches/sim-lane/platform-measure/sim-lane-build.e6982c0791732bfce73b18268bda234214598f596023b7e4fb5e4d72f08f88e6/sim-lane-build.ixvqzr98/src/ios/01-源程序/Sources/ContentView.swift /Users/tianli/Library/Caches/sim-lane/platform-measure/sim-lane-build.e6982c0791732bfce73b18268bda234214598f596023b7e4fb5e4d72f08f88e6/sim-lane-build.ixvqzr98/src/ios/01-源程序/Sources/DocumentWorkspace.swift /Users/tianli/Library/Caches/sim-lane/platform-measure/sim-lane-build.e6982c0791732bfce73b18268bda234214598f596023b7e4fb5e4d72f08f88e6/sim-lane-build.ixvqzr98/src/ios/01-源程序/Sources/FolioMobileApp.swift /Users/tianli/Library/Caches/sim-lane/platform-measure/sim-lane-build.e6982c0791732bfce73b18268bda234214598f596023b7e4fb5e4d72f08f88e6/sim-lane-build.ixvqzr98/src/Sources/IndexEngine.swift /Users/tianli/Library/Caches/sim-lane/platform-measure/sim-lane-build.e6982c0791732bfce73b18268bda234214598f596023b7e4fb5e4d72f08f88e6/sim-lane-build.ixvqzr98/src/ios/01-源程序/Shared/LaneSignal.swift /Users/tianli/Library/Caches/sim-lane/platform-measure/sim-lane-build.e6982c0791732bfce73b18268bda234214598f596023b7e4fb5e4d72f08f88e6/sim-lane-build.ixvqzr98/src/ios/01-源程序/Sources/MarkdownExport.swift /Users/tianli/Library/Caches/sim-lane/platform-measure/sim-lane-build.e6982c0791732bfce73b18268bda234214598f596023b7e4fb5e4d72f08f88e6/sim-lane-build.ixvqzr98/src/ios/01-源程序/Sources/MobileEditor.swift /Users/tianli/Library/Caches/sim-lane/platform-measure/sim-lane-build.e6982c0791732bfce73b18268bda234214598f596023b7e4fb5e4d72f08f88e6/sim-lane-build.ixvqzr98/src/ios/01-源程序/Sources/MobileProductLifecycle.swift /Users/tianli/Library/Caches/sim-lane/platform-measure/sim-lane-build.e6982c0791732bfce73b18268bda234214598f596023b7e4fb5e4d72f08f88e6/sim-lane-build.ixvqzr98/src/ios/01-源程序/Sources/MobileStore.swift /Users/tianli/Library/Caches/sim-lane/platform-measure/sim-lane-build.e6982c0791732bfce73b18268bda234214598f596023b7e4fb5e4d72f08f88e6/sim-lane-build.ixvqzr98/src/Sources/Models.swift /Users/tianli/Library/Caches/sim-lane/platform-measure/sim-lane-build.e6982c0791732bfce73b18268bda234214598f596023b7e4fb5e4d72f08f88e6/sim-lane-build.ixvqzr98/src/ios/01-源程序/Shared/PlatformCompat.swift /Users/tianli/Library/Caches/sim-lane/platform-measure/sim-lane-build.e6982c0791732bfce73b18268bda234214598f596023b7e4fb5e4d72f08f88e6/sim-lane-build.ixvqzr98/dd/Build/Intermediates.noindex/FolioMobile.build/Release-iphonesimulator/FolioMobile.build/DerivedSources/GeneratedAssetSymbols.swift /Applications/Xcode.app/Contents/Developer/Toolchains/XcodeDefault.xctoolchain/usr/lib/swift/iphonesimulator/prebuilt-modules/27.0/Distributed.swiftmodule/arm64-apple-ios-simulator.swiftmodule /Applications/Xcode.app/Contents/Developer/Toolchains/XcodeDefault.xctoolchain/usr/lib/swift/iphonesimulator/prebuilt-modules/27.0/DeveloperToolsSupport.swiftmodule/arm64-apple-ios-simulator.swiftmodule /Applications/Xcode.app/Contents/Developer/Toolchains/XcodeDefault.xctoolchain/usr/lib/swift/iphonesimulator/prebuilt-modules/27.0/os.swiftmodule/arm64-apple-ios-simulator.swiftmodule /Applications/Xcode.app/Contents/Developer/Toolchains/XcodeDefault.xctoolchain/usr/lib/swift/iphonesimulator/prebuilt-modules/27.0/CoreMedia.swiftmodule/arm64-apple-ios-simulator.swiftmodule /Applications/Xcode.app/Contents/Developer/Toolchains/XcodeDefault.xctoolchain/usr/lib/swift/iphonesimulator/prebuilt-modules/27.0/_DarwinFoundation3.swiftmodule/arm64-apple-ios-simulator.swiftmodule /Applications/Xcode.app/Contents/Developer/Toolchains/XcodeDefault.xctoolchain/usr/lib/swift/iphonesimulator/prebuilt-modules/27.0/_DarwinFoundation2.swiftmodule/arm64-apple-ios-simulator.swiftmodule /Applications/Xcode.app/Contents/Developer/Toolchains/XcodeDefault.xctoolchain/usr/lib/swift/iphonesimulator/prebuilt-modules/27.0/CoreData.swiftmodule/arm64-apple-ios-simulator.swiftmodule /Applications/Xcode.app/Contents/Developer/Toolchains/XcodeDefault.xctoolchain/usr/lib/swift/iphonesimulator/prebuilt-modules/27.0/Spatial.swiftmodule/arm64-apple-ios-simulator.swiftmodule /Applications/Xcode.app/Contents/Developer/Toolchains/XcodeDefault.xctoolchain/usr/lib/swift/iphonesimulator/prebuilt-modules/27.0/_Builtin_float.swiftmodule/arm64-apple-ios-simulator.swiftmodule /Applications/Xcode.app/Contents/Developer/Toolchains/XcodeDefault.xctoolchain/usr/lib/swift/iphonesimulator/prebuilt-modules/27.0/QuartzCore.swiftmodule/arm64-apple-ios-simulator.swiftmodule /Applications/Xcode.app/Contents/Developer/Toolchains/XcodeDefault.xctoolchain/usr/lib/swift/iphonesimulator/prebuilt-modules/27.0/XPC.swiftmodule/arm64-apple-ios-simulator.swiftmodule /Applications/Xcode.app/Contents/Developer/Toolchains/XcodeDefault.xctoolchain/usr/lib/swift/iphonesimulator/prebuilt-modules/27.0/CryptoKit.swiftmodule/arm64-apple-ios-simulator.swiftmodule /Applications/Xcode.app/Contents/Developer/Toolchains/XcodeDefault.xctoolchain/usr/lib/swift/iphonesimulator/prebuilt-modules/27.0/Darwin.swiftmodule/arm64-apple-ios-simulator.swiftmodule /Applications/Xcode.app/Contents/Developer/Toolchains/XcodeDefault.xctoolchain/usr/lib/swift/iphonesimulator/prebuilt-modules/27.0/_DarwinFoundation1.swiftmodule/arm64-apple-ios-simulator.swiftmodule /Applications/Xcode.app/Contents/Developer/Toolchains/XcodeDefault.xctoolchain/usr/lib/swift/iphonesimulator/prebuilt-modules/27.0/CoreFoundation.swiftmodule/arm64-apple-ios-simulator.swiftmodule /Applications/Xcode.app/Contents/Developer/Toolchains/XcodeDefault.xctoolchain/usr/lib/swift/iphonesimulator/prebuilt-modules/27.0/System.swiftmodule/arm64-apple-ios-simulator.swiftmodule /Applications/Xcode.app/Contents/Developer/Toolchains/XcodeDefault.xctoolchain/usr/lib/swift/iphonesimulator/prebuilt-modules/27.0/simd.swiftmodule/arm64-apple-ios-simulator.swiftmodule /Applications/Xcode.app/Contents/Developer/Toolchains/XcodeDefault.xctoolchain/usr/lib/swift/iphonesimulator/prebuilt-modules/27.0/Combine.swiftmodule/arm64-apple-ios-simulator.swiftmodule /Applications/Xcode.app/Contents/Developer/Toolchains/XcodeDefault.xctoolchain/usr/lib/swift/iphonesimulator/prebuilt-modules/27.0/_Concurrency.swiftmodule/arm64-apple-ios-simulator.swiftmodule /Applications/Xcode.app/Contents/Developer/Toolchains/XcodeDefault.xctoolchain/usr/lib/swift/iphonesimulator/prebuilt-modules/27.0/FileProvider.swiftmodule/arm64-apple-ios-simulator.swiftmodule /Applications/Xcode.app/Contents/Developer/Toolchains/XcodeDefault.xctoolchain/usr/lib/swift/iphonesimulator/prebuilt-modules/27.0/Symbols.swiftmodule/arm64-apple-ios-simulator.swiftmodule /Applications/Xcode.app/Contents/Developer/Toolchains/XcodeDefault.xctoolchain/usr/lib/swift/iphonesimulator/prebuilt-modules/27.0/UniformTypeIdentifiers.swiftmodule/arm64-apple-ios-simulator.swiftmodule /Applications/Xcode.app/Contents/Developer/Toolchains/XcodeDefault.xctoolchain/usr/lib/swift/iphonesimulator/prebuilt-modules/27.0/CoreLocation.swiftmodule/arm64-apple-ios-simulator.swiftmodule /Applications/Xcode.app/Contents/Developer/Toolchains/XcodeDefault.xctoolchain/usr/lib/swift/iphonesimulator/prebuilt-modules/27.0/LocalAuthentication.swiftmodule/arm64-apple-ios-simulator.swiftmodule /Applications/Xcode.app/Contents/Developer/Toolchains/XcodeDefault.xctoolchain/usr/lib/swift/iphonesimulator/prebuilt-modules/27.0/CoreMotion.swiftmodule/arm64-apple-ios-simulator.swiftmodule /Applications/Xcode.app/Contents/Developer/Toolchains/XcodeDefault.xctoolchain/usr/lib/swift/iphonesimulator/prebuilt-modules/27.0/DataDetection.swiftmodule/arm64-apple-ios-simulator.swiftmodule /Applications/Xcode.app/Contents/Developer/Toolchains/XcodeDefault.xctoolchain/usr/lib/swift/iphonesimulator/prebuilt-modules/27.0/SwiftUICore.swiftmodule/arm64-apple-ios-simulator.swiftmodule /Applications/Xcode.app/Contents/Developer/Toolchains/XcodeDefault.xctoolchain/usr/lib/swift/iphonesimulator/prebuilt-modules/27.0/Metal.swiftmodule/arm64-apple-ios-simulator.swiftmodule /Applications/Xcode.app/Contents/Developer/Toolchains/XcodeDefault.xctoolchain/usr/lib/swift/iphonesimulator/prebuilt-modules/27.0/Accessibility.swiftmodule/arm64-apple-ios-simulator.swiftmodule /Applications/Xcode.app/Contents/Developer/Toolchains/XcodeDefault.xctoolchain/usr/lib/swift/iphonesimulator/prebuilt-modules/27.0/CoreImage.swiftmodule/arm64-apple-ios-simulator.swiftmodule /Applications/Xcode.app/Contents/Developer/Toolchains/XcodeDefault.xctoolchain/usr/lib/swift/iphonesimulator/prebuilt-modules/27.0/Network.swiftmodule/arm64-apple-ios-simulator.swiftmodule /Applications/Xcode.app/Contents/Developer/Toolchains/XcodeDefault.xctoolchain/usr/lib/swift/iphonesimulator/prebuilt-modules/27.0/CoreVideo.swiftmodule/arm64-apple-ios-simulator.swiftmodule /Applications/Xcode.app/Contents/Developer/Toolchains/XcodeDefault.xctoolchain/usr/lib/swift/iphonesimulator/prebuilt-modules/27.0/_WebKit_SwiftUI.swiftmodule/arm64-apple-ios-simulator.swiftmodule /Applications/Xcode.app/Contents/Developer/Toolchains/XcodeDefault.xctoolchain/usr/lib/swift/iphonesimulator/prebuilt-modules/27.0/CoreTransferable.swiftmodule/arm64-apple-ios-simulator.swiftmodule /Applications/Xcode.app/Contents/Developer/Toolchains/XcodeDefault.xctoolchain/usr/lib/swift/iphonesimulator/prebuilt-modules/27.0/SwiftUI.swiftmodule/arm64-apple-ios-simulator.swiftmodule /Applications/Xcode.app/Contents/Developer/Toolchains/XcodeDefault.xctoolchain/usr/lib/swift/iphonesimulator/prebuilt-modules/27.0/CoreAudio.swiftmodule/arm64-apple-ios-simulator.swiftmodule /Applications/Xcode.app/Contents/Developer/Toolchains/XcodeDefault.xctoolchain/usr/lib/swift/iphonesimulator/prebuilt-modules/27.0/OSLog.swiftmodule/arm64-apple-ios-simulator.swiftmodule /Applications/Xcode.app/Contents/Developer/Toolchains/XcodeDefault.xctoolchain/usr/lib/swift/iphonesimulator/prebuilt-modules/27.0/CoreText.swiftmodule/arm64-apple-ios-simulator.swiftmodule /Applications/Xcode.app/Contents/Developer/Toolchains/XcodeDefault.xctoolchain/usr/lib/swift/iphonesimulator/prebuilt-modules/27.0/CoreGraphics.swiftmodule/arm64-apple-ios-simulator.swiftmodule /Applications/Xcode.app/Contents/Developer/Toolchains/XcodeDefault.xctoolchain/usr/lib/swift/iphonesimulator/prebuilt-modules/27.0/_StringProcessing.swiftmodule/arm64-apple-ios-simulator.swiftmodule /Applications/Xcode.app/Contents/Developer/Toolchains/XcodeDefault.xctoolchain/usr/lib/swift/iphonesimulator/prebuilt-modules/27.0/WebKit.swiftmodule/arm64-apple-ios-simulator.swiftmodule /Applications/Xcode.app/Contents/Developer/Toolchains/XcodeDefault.xctoolchain/usr/lib/swift/iphonesimulator/prebuilt-modules/27.0/ObjectiveC.swiftmodule/arm64-apple-ios-simulator.swiftmodule /Applications/Xcode.app/Contents/Developer/Toolchains/XcodeDefault.xctoolchain/usr/lib/swift/iphonesimulator/prebuilt-modules/27.0/Dispatch.swiftmodule/arm64-apple-ios-simulator.swiftmodule /Applications/Xcode.app/Contents/Developer/Toolchains/XcodeDefault.xctoolchain/usr/lib/swift/iphonesimulator/prebuilt-modules/27.0/Observation.swiftmodule/arm64-apple-ios-simulator.swiftmodule /Applications/Xcode.app/Contents/Developer/Toolchains/XcodeDefault.xctoolchain/usr/lib/swift/iphonesimulator/prebuilt-modules/27.0/Foundation.swiftmodule/arm64-apple-ios-simulator.swiftmodule /Applications/Xcode.app/Contents/Developer/Toolchains/XcodeDefault.xctoolchain/usr/lib/swift/iphonesimulator/prebuilt-modules/27.0/UIKit.swiftmodule/arm64-apple-ios-simulator.swiftmodule /Applications/Xcode.app/Contents/Developer/Toolchains/XcodeDefault.xctoolchain/usr/lib/swift/iphonesimulator/prebuilt-modules/27.0/Swift.swiftmodule/arm64-apple-ios-simulator.swiftmodule /Applications/Xcode.app/Contents/Developer/Toolchains/XcodeDefault.xctoolchain/usr/lib/swift/iphonesimulator/prebuilt-modules/27.0/ImageIO.swiftmodule/arm64-apple-ios-simulator.swiftmodule /Users/tianli/Library/Caches/sim-lane/platform-measure/sim-lane-build.e6982c0791732bfce73b18268bda234214598f596023b7e4fb5e4d72f08f88e6/sim-lane-build.ixvqzr98/dd/SDKExplicitPrecompiledModules/CoreVideo-4N50I8MFEEOWKWT9IRLPEWI6G.pcm /Users/tianli/Library/Caches/sim-lane/platform-measure/sim-lane-build.e6982c0791732bfce73b18268bda234214598f596023b7e4fb5e4d72f08f88e6/sim-lane-build.ixvqzr98/dd/SDKExplicitPrecompiledModules/QuartzCore-36MXYWY6FVVNJXDSJRQRMYQMB.pcm /Users/tianli/Library/Caches/sim-lane/platform-measure/sim-lane-build.e6982c0791732bfce73b18268bda234214598f596023b7e4fb5e4d72f08f88e6/sim-lane-build.ixvqzr98/dd/SDKExplicitPrecompiledModules/DeveloperToolsSupport-7OF0N8PZARVQIEQHQS36DVVZX.pcm /Users/tianli/Library/Caches/sim-lane/platform-measure/sim-lane-build.e6982c0791732bfce73b18268bda234214598f596023b7e4fb5e4d72f08f88e6/sim-lane-build.ixvqzr98/dd/SDKExplicitPrecompiledModules/CoreAudioTypes-9O0WXNF2L19116NXPZJGV9IY6.pcm /Users/tianli/Library/Caches/sim-lane/platform-measure/sim-lane-build.e6982c0791732bfce73b18268bda234214598f596023b7e4fb5e4d72f08f88e6/sim-lane-build.ixvqzr98/dd/SDKExplicitPrecompiledModules/_Builtin_tgmath-14LUYAA8PBOU3EYFGHK7SHA6H.pcm /Users/tianli/Library/Caches/sim-lane/platform-measure/sim-lane-build.e6982c0791732bfce73b18268bda234214598f596023b7e4fb5e4d72f08f88e6/sim-lane-build.ixvqzr98/dd/SDKExplicitPrecompiledModules/simd-7WFHB7EX81WI0VB7IK7XWW4NW.pcm /Users/tianli/Library/Caches/sim-lane/platform-measure/sim-lane-build.e6982c0791732bfce73b18268bda234214598f596023b7e4fb5e4d72f08f88e6/sim-lane-build.ixvqzr98/dd/SDKExplicitPrecompiledModules/_Builtin_stdint-103C3WT72PEI7A523MBSDYCZ3.pcm /Users/tianli/Library/Caches/sim-lane/platform-measure/sim-lane-build.e6982c0791732bfce73b18268bda234214598f596023b7e4fb5e4d72f08f88e6/sim-lane-build.ixvqzr98/dd/SDKExplicitPrecompiledModules/XPC-56DQWY9EQU2ZNX1HH8XMJBC7V.pcm /Users/tianli/Library/Caches/sim-lane/platform-measure/sim-lane-build.e6982c0791732bfce73b18268bda234214598f596023b7e4fb5e4d72f08f88e6/sim-lane-build.ixvqzr98/dd/SDKExplicitPrecompiledModules/Network-7IB6OTTVWSD90KPF8NJRC2QAK.pcm /Users/tianli/Library/Caches/sim-lane/platform-measure/sim-lane-build.e6982c0791732bfce73b18268bda234214598f596023b7e4fb5e4d72f08f88e6/sim-lane-build.ixvqzr98/dd/SDKExplicitPrecompiledModules/SwiftShims-KR0NM7X3EZ7ANJ5WMCI9WADM.pcm /Users/tianli/Library/Caches/sim-lane/platform-measure/sim-lane-build.e6982c0791732bfce73b18268bda234214598f596023b7e4fb5e4d72f08f88e6/sim-lane-build.ixvqzr98/dd/SDKExplicitPrecompiledModules/OpenGLES-AH1PAD84L9583BI5W8FK1501W.pcm /Users/tianli/Library/Caches/sim-lane/platform-measure/sim-lane-build.e6982c0791732bfce73b18268bda234214598f596023b7e4fb5e4d72f08f88e6/sim-lane-build.ixvqzr98/dd/SDKExplicitPrecompiledModules/Metal-35HL4MQH31P2S9C3BXECJAL6H.pcm /Users/tianli/Library/Caches/sim-lane/platform-measure/sim-lane-build.e6982c0791732bfce73b18268bda234214598f596023b7e4fb5e4d72f08f88e6/sim-lane-build.ixvqzr98/dd/SDKExplicitPrecompiledModules/_Builtin_stdarg-13NFVVT3HLGT2L2ZOJ4U0X6EF.pcm /Users/tianli/Library/Caches/sim-lane/platform-measure/sim-lane-build.e6982c0791732bfce73b18268bda234214598f596023b7e4fb5e4d72f08f88e6/sim-lane-build.ixvqzr98/dd/SDKExplicitPrecompiledModules/CoreMedia-DM30K1UO1WCFFKU2J41ITBMOG.pcm /Users/tianli/Library/Caches/sim-lane/platform-measure/sim-lane-build.e6982c0791732bfce73b18268bda234214598f596023b7e4fb5e4d72f08f88e6/sim-lane-build.ixvqzr98/dd/SDKExplicitPrecompiledModules/CoreTransferable-BK8HJFR2KJLK0UZDNDP6IR08G.pcm /Users/tianli/Library/Caches/sim-lane/platform-measure/sim-lane-build.e6982c0791732bfce73b18268bda234214598f596023b7e4fb5e4d72f08f88e6/sim-lane-build.ixvqzr98/dd/SDKExplicitPrecompiledModules/CoreAudio-8EMJFFD7Z3B6XR8OSLEN2T4SL.pcm /Users/tianli/Library/Caches/sim-lane/platform-measure/sim-lane-build.e6982c0791732bfce73b18268bda234214598f596023b7e4fb5e4d72f08f88e6/sim-lane-build.ixvqzr98/dd/SDKExplicitPrecompiledModules/FileProvider-8LLAQ09NJVHAWMXTIIBW5HNUW.pcm /Users/tianli/Library/Caches/sim-lane/platform-measure/sim-lane-build.e6982c0791732bfce73b18268bda234214598f596023b7e4fb5e4d72f08f88e6/sim-lane-build.ixvqzr98/dd/SDKExplicitPrecompiledModules/_SwiftConcurrencyShims-DYI9VT2ZNCGAEYB3GDG3MECAD.pcm /Users/tianli/Library/Caches/sim-lane/platform-measure/sim-lane-build.e6982c0791732bfce73b18268bda234214598f596023b7e4fb5e4d72f08f88e6/sim-lane-build.ixvqzr98/dd/SDKExplicitPrecompiledModules/_Builtin_float-EJL0OYCSOYVADW334D6LRZ408.pcm /Users/tianli/Library/Caches/sim-lane/platform-measure/sim-lane-build.e6982c0791732bfce73b18268bda234214598f596023b7e4fb5e4d72f08f88e6/sim-lane-build.ixvqzr98/dd/SDKExplicitPrecompiledModules/_Builtin_limits-5UXETYT39AK3HEOI9YAB6YIMB.pcm /Users/tianli/Library/Caches/sim-lane/platform-measure/sim-lane-build.e6982c0791732bfce73b18268bda234214598f596023b7e4fb5e4d72f08f88e6/sim-lane-build.ixvqzr98/dd/SDKExplicitPrecompiledModules/UniformTypeIdentifiers-39HRFSQKQ51UBU4IDJFRCBN4R.pcm /Users/tianli/Library/Caches/sim-lane/platform-measure/sim-lane-build.e6982c0791732bfce73b18268bda234214598f596023b7e4fb5e4d72f08f88e6/sim-lane-build.ixvqzr98/dd/SDKExplicitPrecompiledModules/dnssd-CJS9OBQZT9Q0BOSRDK5CA80J8.pcm /Users/tianli/Library/Caches/sim-lane/platform-measure/sim-lane-build.e6982c0791732bfce73b18268bda234214598f596023b7e4fb5e4d72f08f88e6/sim-lane-build.ixvqzr98/dd/SDKExplicitPrecompiledModules/_LocationEssentials-9UONTPDRNHSZ2Z6PJ3YPBYOKH.pcm /Users/tianli/Library/Caches/sim-lane/platform-measure/sim-lane-build.e6982c0791732bfce73b18268bda234214598f596023b7e4fb5e4d72f08f88e6/sim-lane-build.ixvqzr98/dd/SDKExplicitPrecompiledModules/WebKit-ARHA6TKAKJ6A3VSUVN4NRFGYT.pcm /Users/tianli/Library/Caches/sim-lane/platform-measure/sim-lane-build.e6982c0791732bfce73b18268bda234214598f596023b7e4fb5e4d72f08f88e6/sim-lane-build.ixvqzr98/dd/SDKExplicitPrecompiledModules/CoreLocation-EN8LP14EN4T4FQGI5KBRXZSZN.pcm /Users/tianli/Library/Caches/sim-lane/platform-measure/sim-lane-build.e6982c0791732bfce73b18268bda234214598f596023b7e4fb5e4d72f08f88e6/sim-lane-build.ixvqzr98/dd/SDKExplicitPrecompiledModules/sys_types-267PYPDQ6U2D562ZRXSDXF5OV.pcm /Users/tianli/Library/Caches/sim-lane/platform-measure/sim-lane-build.e6982c0791732bfce73b18268bda234214598f596023b7e4fb5e4d72f08f88e6/sim-lane-build.ixvqzr98/dd/SDKExplicitPrecompiledModules/_Builtin_stddef-7RG6T40U39WG8RJXNANNGZBBT.pcm /Users/tianli/Library/Caches/sim-lane/platform-measure/sim-lane-build.e6982c0791732bfce73b18268bda234214598f596023b7e4fb5e4d72f08f88e6/sim-lane-build.ixvqzr98/dd/SDKExplicitPrecompiledModules/CoreMotion-8F3EKG3ZXSFVI09LNJ3HWYBJ9.pcm /Users/tianli/Library/Caches/sim-lane/platform-measure/sim-lane-build.e6982c0791732bfce73b18268bda234214598f596023b7e4fb5e4d72f08f88e6/sim-lane-build.ixvqzr98/dd/SDKExplicitPrecompiledModules/_DarwinFoundation1-902EME0LBHQSRL67X2QY4EWJQ.pcm /Users/tianli/Library/Caches/sim-lane/platform-measure/sim-lane-build.e6982c0791732bfce73b18268bda234214598f596023b7e4fb5e4d72f08f88e6/sim-lane-build.ixvqzr98/dd/SDKExplicitPrecompiledModules/_DarwinFoundation3-AB28CY9VG3RTFQ2A0FM585D4Q.pcm /Users/tianli/Library/Caches/sim-lane/platform-measure/sim-lane-build.e6982c0791732bfce73b18268bda234214598f596023b7e4fb5e4d72f08f88e6/sim-lane-build.ixvqzr98/dd/SDKExplicitPrecompiledModules/Darwin-CIJ6LJ6L5KVJYFIJ68IWM2QBP.pcm /Users/tianli/Library/Caches/sim-lane/platform-measure/sim-lane-build.e6982c0791732bfce73b18268bda234214598f596023b7e4fb5e4d72f08f88e6/sim-lane-build.ixvqzr98/dd/SDKExplicitPrecompiledModules/CFNetwork-I2953F60925R8F2YUHQTKOYN.pcm /Users/tianli/Library/Caches/sim-lane/platform-measure/sim-lane-build.e6982c0791732bfce73b18268bda234214598f596023b7e4fb5e4d72f08f88e6/sim-lane-build.ixvqzr98/dd/SDKExplicitPrecompiledModules/MachO-92MDESJL9MKEUGF0S5XHBVZQH.pcm /Users/tianli/Library/Caches/sim-lane/platform-measure/sim-lane-build.e6982c0791732bfce73b18268bda234214598f596023b7e4fb5e4d72f08f88e6/sim-lane-build.ixvqzr98/dd/SDKExplicitPrecompiledModules/ptrauth-81BZBESQ9O5J14U8PEE3BEXVT.pcm /Users/tianli/Library/Caches/sim-lane/platform-measure/sim-lane-build.e6982c0791732bfce73b18268bda234214598f596023b7e4fb5e4d72f08f88e6/sim-lane-build.ixvqzr98/dd/SDKExplicitPrecompiledModules/CoreImage-7SZ3R0HF05HN10J2R8JZUMJVL.pcm /Users/tianli/Library/Caches/sim-lane/platform-measure/sim-lane-build.e6982c0791732bfce73b18268bda234214598f596023b7e4fb5e4d72f08f88e6/sim-lane-build.ixvqzr98/dd/SDKExplicitPrecompiledModules/CoreText-CDZG3J11590DCTFAJ5IGIVUOJ.pcm /Users/tianli/Library/Caches/sim-lane/platform-measure/sim-lane-build.e6982c0791732bfce73b18268bda234214598f596023b7e4fb5e4d72f08f88e6/sim-lane-build.ixvqzr98/dd/SDKExplicitPrecompiledModules/_Builtin_inttypes-8T4MWBFGADF1T2E5DRLJJDKAA.pcm /Users/tianli/Library/Caches/sim-lane/platform-measure/sim-lane-build.e6982c0791732bfce73b18268bda234214598f596023b7e4fb5e4d72f08f88e6/sim-lane-build.ixvqzr98/dd/SDKExplicitPrecompiledModules/IOSurface-CTOLCPTOPIETOOTYTMPK1F90Q.pcm /Users/tianli/Library/Caches/sim-lane/platform-measure/sim-lane-build.e6982c0791732bfce73b18268bda234214598f596023b7e4fb5e4d72f08f88e6/sim-lane-build.ixvqzr98/dd/SDKExplicitPrecompiledModules/SQLite3-C6Q2EW4RQFNNKZYFLAUS18K7H.pcm /Users/tianli/Library/Caches/sim-lane/platform-measure/sim-lane-build.e6982c0791732bfce73b18268bda234214598f596023b7e4fb5e4d72f08f88e6/sim-lane-build.ixvqzr98/dd/SDKExplicitPrecompiledModules/ObjectiveC-8XK1LRLYQMV212T30C9SB5NJL.pcm /Users/tianli/Library/Caches/sim-lane/platform-measure/sim-lane-build.e6982c0791732bfce73b18268bda234214598f596023b7e4fb5e4d72f08f88e6/sim-lane-build.ixvqzr98/dd/SDKExplicitPrecompiledModules/OSLog-EXL0SJ8QIWE0PPM5DK2ZMG0GK.pcm /Users/tianli/Library/Caches/sim-lane/platform-measure/sim-lane-build.e6982c0791732bfce73b18268bda234214598f596023b7e4fb5e4d72f08f88e6/sim-lane-build.ixvqzr98/dd/SDKExplicitPrecompiledModules/Symbols-22TST809W9MBEEC0O8DPZYAR5.pcm /Users/tianli/Library/Caches/sim-lane/platform-measure/sim-lane-build.e6982c0791732bfce73b18268bda234214598f596023b7e4fb5e4d72f08f88e6/sim-lane-build.ixvqzr98/dd/SDKExplicitPrecompiledModules/DataDetection-91KROFN3FXQDJCOOR0ME5B2Y.pcm /Users/tianli/Library/Caches/sim-lane/platform-measure/sim-lane-build.e6982c0791732bfce73b18268bda234214598f596023b7e4fb5e4d72f08f88e6/sim-lane-build.ixvqzr98/dd/SDKExplicitPrecompiledModules/Spatial-CYPS3K4ZW65WD8QXGDGXSX0TX.pcm /Users/tianli/Library/Caches/sim-lane/platform-measure/sim-lane-build.e6982c0791732bfce73b18268bda234214598f596023b7e4fb5e4d72f08f88e6/sim-lane-build.ixvqzr98/dd/SDKExplicitPrecompiledModules/ImageIO-EHD6HDJT9BIVQOLLNII6HIWMQ.pcm /Users/tianli/Library/Caches/sim-lane/platform-measure/sim-lane-build.e6982c0791732bfce73b18268bda234214598f596023b7e4fb5e4d72f08f88e6/sim-lane-build.ixvqzr98/dd/SDKExplicitPrecompiledModules/UIUtilities-C2AIVQXAH7TLVMMND4WFB7NEC.pcm /Users/tianli/Library/Caches/sim-lane/platform-measure/sim-lane-build.e6982c0791732bfce73b18268bda234214598f596023b7e4fb5e4d72f08f88e6/sim-lane-build.ixvqzr98/dd/SDKExplicitPrecompiledModules/string_h-ACTEJO2HLIB1XYIAMJTDDPKJD.pcm /Users/tianli/Library/Caches/sim-lane/platform-measure/sim-lane-build.e6982c0791732bfce73b18268bda234214598f596023b7e4fb5e4d72f08f88e6/sim-lane-build.ixvqzr98/dd/SDKExplicitPrecompiledModules/_Builtin_stdatomic-E5AMEHNWYAJR3FU8IA4GRN4CC.pcm /Users/tianli/Library/Caches/sim-lane/platform-measure/sim-lane-build.e6982c0791732bfce73b18268bda234214598f596023b7e4fb5e4d72f08f88e6/sim-lane-build.ixvqzr98/dd/SDKExplicitPrecompiledModules/CoreData-D7OXG72FE1WPAYP10BI3LW5EG.pcm /Users/tianli/Library/Caches/sim-lane/platform-measure/sim-lane-build.e6982c0791732bfce73b18268bda234214598f596023b7e4fb5e4d72f08f88e6/sim-lane-build.ixvqzr98/dd/SDKExplicitPrecompiledModules/os_workgroup-5PUQRWMGQAH2SR1OOFKPP2QP1.pcm /Users/tianli/Library/Caches/sim-lane/platform-measure/sim-lane-build.e6982c0791732bfce73b18268bda234214598f596023b7e4fb5e4d72f08f88e6/sim-lane-build.ixvqzr98/dd/SDKExplicitPrecompiledModules/Accessibility-F3NVP4S08KOGXPGEGYX93M1VB.pcm /Users/tianli/Library/Caches/sim-lane/platform-measure/sim-lane-build.e6982c0791732bfce73b18268bda234214598f596023b7e4fb5e4d72f08f88e6/sim-lane-build.ixvqzr98/dd/SDKExplicitPrecompiledModules/UserNotifications-7N1GBZZEQYL49GSA6XC691SCH.pcm /Users/tianli/Library/Caches/sim-lane/platform-measure/sim-lane-build.e6982c0791732bfce73b18268bda234214598f596023b7e4fb5e4d72f08f88e6/sim-lane-build.ixvqzr98/dd/SDKExplicitPrecompiledModules/CoreGraphics-841E9ARDSHWOHQCVWMJTDL085.pcm /Users/tianli/Library/Caches/sim-lane/platform-measure/sim-lane-build.e6982c0791732bfce73b18268bda234214598f596023b7e4fb5e4d72f08f88e6/sim-lane-build.ixvqzr98/dd/SDKExplicitPrecompiledModules/SwiftUI-CDU3H4FW5APQUB4HJND34IMZR.pcm /Users/tianli/Library/Caches/sim-lane/platform-measure/sim-lane-build.e6982c0791732bfce73b18268bda234214598f596023b7e4fb5e4d72f08f88e6/sim-lane-build.ixvqzr98/dd/SDKExplicitPrecompiledModules/_AvailabilityInternal-2R4BK1AL7EN1TAK1T1NXHBY5K.pcm /Users/tianli/Library/Caches/sim-lane/platform-measure/sim-lane-build.e6982c0791732bfce73b18268bda234214598f596023b7e4fb5e4d72f08f88e6/sim-lane-build.ixvqzr98/dd/SDKExplicitPrecompiledModules/_Builtin_intrinsics-2X0L2BC1TJ2V7K7T5S4OPZP3Y.pcm /Users/tianli/Library/Caches/sim-lane/platform-measure/sim-lane-build.e6982c0791732bfce73b18268bda234214598f596023b7e4fb5e4d72f08f88e6/sim-lane-build.ixvqzr98/dd/SDKExplicitPrecompiledModules/LocalAuthentication-EIH687IQ7A03BPA071MMAQPY3.pcm /Users/tianli/Library/Caches/sim-lane/platform-measure/sim-lane-build.e6982c0791732bfce73b18268bda234214598f596023b7e4fb5e4d72f08f88e6/sim-lane-build.ixvqzr98/dd/SDKExplicitPrecompiledModules/os-7XSBYK6S8E1KNHNLR0C337HE4.pcm /Users/tianli/Library/Caches/sim-lane/platform-measure/sim-lane-build.e6982c0791732bfce73b18268bda234214598f596023b7e4fb5e4d72f08f88e6/sim-lane-build.ixvqzr98/dd/SDKExplicitPrecompiledModules/_DarwinFoundation2-77GZ7RU6V74A0QV6NS92JNAEZ.pcm /Users/tianli/Library/Caches/sim-lane/platform-measure/sim-lane-build.e6982c0791732bfce73b18268bda234214598f596023b7e4fb5e4d72f08f88e6/sim-lane-build.ixvqzr98/dd/SDKExplicitPrecompiledModules/CoreFoundation-BTJ3CQ5Q82DYTALNN3H1NZB0E.pcm /Users/tianli/Library/Caches/sim-lane/platform-measure/sim-lane-build.e6982c0791732bfce73b18268bda234214598f596023b7e4fb5e4d72f08f88e6/sim-lane-build.ixvqzr98/dd/SDKExplicitPrecompiledModules/_Builtin_stdbool-2RYO6S7DPQ57WEU9MUKXW5CQM.pcm /Users/tianli/Library/Caches/sim-lane/platform-measure/sim-lane-build.e6982c0791732bfce73b18268bda234214598f596023b7e4fb5e4d72f08f88e6/sim-lane-build.ixvqzr98/dd/SDKExplicitPrecompiledModules/os_object-7FP292AC03WAYEFNVS479VP4F.pcm /Users/tianli/Library/Caches/sim-lane/platform-measure/sim-lane-build.e6982c0791732bfce73b18268bda234214598f596023b7e4fb5e4d72f08f88e6/sim-lane-build.ixvqzr98/dd/SDKExplicitPrecompiledModules/ptrcheck-9TCP0N0H6NGINDF3AG2VI341V.pcm /Users/tianli/Library/Caches/sim-lane/platform-measure/sim-lane-build.e6982c0791732bfce73b18268bda234214598f596023b7e4fb5e4d72f08f88e6/sim-lane-build.ixvqzr98/dd/SDKExplicitPrecompiledModules/Foundation-AWUR5CFP7G9AL4F125141W18P.pcm /Users/tianli/Library/Caches/sim-lane/platform-measure/sim-lane-build.e6982c0791732bfce73b18268bda234214598f596023b7e4fb5e4d72f08f88e6/sim-lane-build.ixvqzr98/dd/SDKExplicitPrecompiledModules/Security-DVZZU88DTFI7RTO4475T84NJ2.pcm /Users/tianli/Library/Caches/sim-lane/platform-measure/sim-lane-build.e6982c0791732bfce73b18268bda234214598f596023b7e4fb5e4d72f08f88e6/sim-lane-build.ixvqzr98/dd/SDKExplicitPrecompiledModules/UIKit-DBF5M8PSHGXJYS4Z2ZX0FWP2Y.pcm /Users/tianli/Library/Caches/sim-lane/platform-measure/sim-lane-build.e6982c0791732bfce73b18268bda234214598f596023b7e4fb5e4d72f08f88e6/sim-lane-build.ixvqzr98/dd/SDKExplicitPrecompiledModules/SwiftUICore-6FAPXU55NDLPCJ0Q072I7EHSR.pcm /Users/tianli/Library/Caches/sim-lane/platform-measure/sim-lane-build.e6982c0791732bfce73b18268bda234214598f596023b7e4fb5e4d72f08f88e6/sim-lane-build.ixvqzr98/dd/SDKExplicitPrecompiledModules/Dispatch-2GZ8RVAXFJKQMKBEX2NGOH05L.pcm /Users/tianli/Library/Caches/sim-lane/platform-measure/sim-lane-build.e6982c0791732bfce73b18268bda234214598f596023b7e4fb5e4d72f08f88e6/sim-lane-build.ixvqzr98/dd/Build/Intermediates.noindex/FolioMobile.build/Release-iphonesimulator/FolioMobile.build/Objects-normal/arm64/Folio-dependencies-2.json (in target 'FolioMobile' from project 'FolioMobile')

SwiftCompile normal arm64 (in target 'FolioMobile' from project 'FolioMobile')
    cd /Users/tianli/Library/Caches/sim-lane/platform-measure/sim-lane-build.e6982c0791732bfce73b18268bda234214598f596023b7e4fb5e4d72f08f88e6/sim-lane-build.ixvqzr98/src/ios/01-源程序
    

/Users/tianli/Library/Caches/sim-lane/platform-measure/sim-lane-build.e6982c0791732bfce73b18268bda234214598f596023b7e4fb5e4d72f08f88e6/sim-lane-build.ixvqzr98/src/ios/01-源程序/Sources/MobileStore.swift:35:13: warning: result of 'try?' is unused [#NoUsage]
33 |            let fixture = Bundle.main.url(forResource: "demo", withExtension: "md"),
34 |            let text = try? String(contentsOf: fixture, encoding: .utf8) {
35 |             try? workspace.newDocument(text: text)
   |             `- warning: result of 'try?' is unused [#NoUsage]
36 |         }
37 |         refresh()

[#NoUsage]: <https://docs.swift.org/compiler/documentation/diagnostics/no-usage>
SwiftDriverJobDiscovery normal x86_64 Compiling AppConfiguration.swift, AppLifecycle.swift, AppLifecycleMobile.swift, ContentView.swift, DocumentWorkspace.swift, FolioMobileApp.swift, IndexEngine.swift, LaneSignal.swift, MarkdownExport.swift, MobileEditor.swift, MobileProductLifecycle.swift, MobileStore.swift, Models.swift, PlatformCompat.swift, GeneratedAssetSymbols.swift (in target 'FolioMobile' from project 'FolioMobile')

SwiftDriver\ Compilation\ Requirements FolioMobile normal x86_64 com.apple.xcode.tools.swift.compiler (in target 'FolioMobile' from project 'FolioMobile')
    cd /Users/tianli/Library/Caches/sim-lane/platform-measure/sim-lane-build.e6982c0791732bfce73b18268bda234214598f596023b7e4fb5e4d72f08f88e6/sim-lane-build.ixvqzr98/src/ios/01-源程序
    builtin-Swift-Compilation-Requirements -- /Applications/Xcode.app/Contents/Developer/Toolchains/XcodeDefault.xctoolchain/usr/bin/swiftc -module-name Folio -O -whole-module-optimization @/Users/tianli/Library/Caches/sim-lane/platform-measure/sim-lane-build.e6982c0791732bfce73b18268bda234214598f596023b7e4fb5e4d72f08f88e6/sim-lane-build.ixvqzr98/dd/Build/Intermediates.noindex/FolioMobile.build/Release-iphonesimulator/FolioMobile.build/Objects-normal/x86_64/Folio.SwiftFileList -enable-bare-slash-regex -enable-experimental-feature DebugDescriptionMacro -sdk /Applications/Xcode.app/Contents/Developer/Platforms/iPhoneSimulator.platform/Developer/SDKs/iPhoneSimulator27.0.sdk -target x86_64-apple-ios18.0-simulator -g -module-cache-path /Users/tianli/Library/Caches/sim-lane/platform-measure/sim-lane-build.e6982c0791732bfce73b18268bda234214598f596023b7e4fb5e4d72f08f88e6/sim-lane-build.ixvqzr98/dd/ModuleCache.noindex -Xfrontend -serialize-debugging-options -swift-version 5 -I /Users/tianli/Library/Caches/sim-lane/platform-measure/sim-lane-build.e6982c0791732bfce73b18268bda234214598f596023b7e4fb5e4d72f08f88e6/sim-lane-build.ixvqzr98/dd/Build/Products/Release-iphonesimulator -F /Users/tianli/Library/Caches/sim-lane/platform-measure/sim-lane-build.e6982c0791732bfce73b18268bda234214598f596023b7e4fb5e4d72f08f88e6/sim-lane-build.ixvqzr98/dd/Build/Products/Release-iphonesimulator -c -num-threads 10 -Xcc -ivfsstatcache -Xcc /Users/tianli/Library/Caches/sim-lane/platform-measure/sim-lane-build.e6982c0791732bfce73b18268bda234214598f596023b7e4fb5e4d72f08f88e6/sim-lane-build.ixvqzr98/dd/SDKStatCaches.noindex/iphonesimulator27.0-24A430-8dc58220667be655e1bcc261a7455254.sdkstatcache -output-file-map /Users/tianli/Library/Caches/sim-lane/platform-measure/sim-lane-build.e6982c0791732bfce73b18268bda234214598f596023b7e4fb5e4d72f08f88e6/sim-lane-build.ixvqzr98/dd/Build/Intermediates.noindex/FolioMobile.build/Release-iphonesimulator/FolioMobile.build/Objects-normal/x86_64/FolioMobile-OutputFileMap.json -save-temps -no-color-diagnostics -explicit-module-build -module-cache-path /Users/tianli/Library/Caches/sim-lane/platform-measure/sim-lane-build.e6982c0791732bfce73b18268bda234214598f596023b7e4fb5e4d72f08f88e6/sim-lane-build.ixvqzr98/dd/Build/Intermediates.noindex/SwiftExplicitPrecompiledModules -clang-scanner-module-cache-path /Users/tianli/Library/Caches/sim-lane/platform-measure/sim-lane-build.e6982c0791732bfce73b18268bda234214598f596023b7e4fb5e4d72f08f88e6/sim-lane-build.ixvqzr98/dd/ModuleCache.noindex -sdk-module-cache-path /Users/tianli/Library/Caches/sim-lane/platform-measure/sim-lane-build.e6982c0791732bfce73b18268bda234214598f596023b7e4fb5e4d72f08f88e6/sim-lane-build.ixvqzr98/dd/SDKExplicitPrecompiledModules -emit-dependencies -emit-module -emit-module-path /Users/tianli/Library/Caches/sim-lane/platform-measure/sim-lane-build.e6982c0791732bfce73b18268bda234214598f596023b7e4fb5e4d72f08f88e6/sim-lane-build.ixvqzr98/dd/Build/Intermediates.noindex/FolioMobile.build/Release-iphonesimulator/FolioMobile.build/Objects-normal/x86_64/Folio.swiftmodule -serialize-diagnostics -dependency-scan-serialize-diagnostics-path /Users/tianli/Library/Caches/sim-lane/platform-measure/sim-lane-build.e6982c0791732bfce73b18268bda234214598f596023b7e4fb5e4d72f08f88e6/sim-lane-build.ixvqzr98/dd/Build/Intermediates.noindex/FolioMobile.build/Release-iphonesimulator/FolioMobile.build/Objects-normal/x86_64/Folio-dependency-scan.dia -validate-clang-modules-once -clang-build-session-file /Users/tianli/Library/Caches/sim-lane/platform-measure/sim-lane-build.e6982c0791732bfce73b18268bda234214598f596023b7e4fb5e4d72f08f88e6/sim-lane-build.ixvqzr98/dd/ModuleCache.noindex/Session.modulevalidation -Xcc -fmodules-prune-interval\=86400 -Xcc -fmodules-prune-after\=345600 -emit-const-values -const-gather-protocols-list /Users/tianli/Library/Caches/sim-lane/platform-measure/sim-lane-build.e6982c0791732bfce73b18268bda234214598f596023b7e4fb5e4d72f08f88e6/sim-lane-build.ixvqzr98/dd/Build/Intermediates.noindex/FolioMobile.build/Release-iphonesimulator/FolioMobile.build/Objects-normal/x86_64/FolioMobile_const_extract_protocols.json -Xcc -iquote -Xcc /Users/tianli/Library/Caches/sim-lane/platform-measure/sim-lane-build.e6982c0791732bfce73b18268bda234214598f596023b7e4fb5e4d72f08f88e6/sim-lane-build.ixvqzr98/dd/Build/Intermediates.noindex/FolioMobile.build/Release-iphonesimulator/FolioMobile.build/Folio-generated-files.hmap -Xcc -I/Users/tianli/Library/Caches/sim-lane/platform-measure/sim-lane-build.e6982c0791732bfce73b18268bda234214598f596023b7e4fb5e4d72f08f88e6/sim-lane-build.ixvqzr98/dd/Build/Intermediates.noindex/FolioMobile.build/Release-iphonesimulator/FolioMobile.build/Folio-own-target-headers.hmap -Xcc -I/Users/tianli/Library/Caches/sim-lane/platform-measure/sim-lane-build.e6982c0791732bfce73b18268bda234214598f596023b7e4fb5e4d72f08f88e6/sim-lane-build.ixvqzr98/dd/Build/Intermediates.noindex/FolioMobile.build/Release-iphonesimulator/FolioMobile.build/Folio-all-target-headers.hmap -Xcc -iquote -Xcc /Users/tianli/Library/Caches/sim-lane/platform-measure/sim-lane-build.e6982c0791732bfce73b18268bda234214598f596023b7e4fb5e4d72f08f88e6/sim-lane-build.ixvqzr98/dd/Build/Intermediates.noindex/FolioMobile.build/Release-iphonesimulator/FolioMobile.build/Folio-project-headers.hmap -Xcc -I/Users/tianli/Library/Caches/sim-lane/platform-measure/sim-lane-build.e6982c0791732bfce73b18268bda234214598f596023b7e4fb5e4d72f08f88e6/sim-lane-build.ixvqzr98/dd/Build/Products/Release-iphonesimulator/include -Xcc -I/Users/tianli/Library/Caches/sim-lane/platform-measure/sim-lane-build.e6982c0791732bfce73b18268bda234214598f596023b7e4fb5e4d72f08f88e6/sim-lane-build.ixvqzr98/dd/Build/Intermediates.noindex/FolioMobile.build/Release-iphonesimulator/FolioMobile.build/DerivedSources-normal/x86_64 -Xcc -I/Users/tianli/Library/Caches/sim-lane/platform-measure/sim-lane-build.e6982c0791732bfce73b18268bda234214598f596023b7e4fb5e4d72f08f88e6/sim-lane-build.ixvqzr98/dd/Build/Intermediates.noindex/FolioMobile.build/Release-iphonesimulator/FolioMobile.build/DerivedSources/x86_64 -Xcc -I/Users/tianli/Library/Caches/sim-lane/platform-measure/sim-lane-build.e6982c0791732bfce73b18268bda234214598f596023b7e4fb5e4d72f08f88e6/sim-lane-build.ixvqzr98/dd/Build/Intermediates.noindex/FolioMobile.build/Release-iphonesimulator/FolioMobile.build/DerivedSources -emit-objc-header -emit-objc-header-path /Users/tianli/Library/Caches/sim-lane/platform-measure/sim-lane-build.e6982c0791732bfce73b18268bda234214598f596023b7e4fb5e4d72f08f88e6/sim-lane-build.ixvqzr98/dd/Build/Intermediates.noindex/FolioMobile.build/Release-iphonesimulator/FolioMobile.build/Objects-normal/x86_64/Folio-Swift.h -working-directory /Users/tianli/Library/Caches/sim-lane/platform-measure/sim-lane-build.e6982c0791732bfce73b18268bda234214598f596023b7e4fb5e4d72f08f88e6/sim-lane-build.ixvqzr98/src/ios/01-源程序 -no-emit-module-separately-wmo

Copy /Users/tianli/Library/Caches/sim-lane/platform-measure/sim-lane-build.e6982c0791732bfce73b18268bda234214598f596023b7e4fb5e4d72f08f88e6/sim-lane-build.ixvqzr98/dd/Build/Products/Release-iphonesimulator/Folio.swiftmodule/x86_64-apple-ios-simulator.abi.json /Users/tianli/Library/Caches/sim-lane/platform-measure/sim-lane-build.e6982c0791732bfce73b18268bda234214598f596023b7e4fb5e4d72f08f88e6/sim-lane-build.ixvqzr98/dd/Build/Intermediates.noindex/FolioMobile.build/Release-iphonesimulator/FolioMobile.build/Objects-normal/x86_64/Folio.abi.json (in target 'FolioMobile' from project 'FolioMobile')
    cd /Users/tianli/Library/Caches/sim-lane/platform-measure/sim-lane-build.e6982c0791732bfce73b18268bda234214598f596023b7e4fb5e4d72f08f88e6/sim-lane-build.ixvqzr98/src/ios/01-源程序
    builtin-copy -exclude .DS_Store -exclude CVS -exclude .svn -exclude .git -exclude .hg -resolve-src-symlinks -rename /Users/tianli/Library/Caches/sim-lane/platform-measure/sim-lane-build.e6982c0791732bfce73b18268bda234214598f596023b7e4fb5e4d72f08f88e6/sim-lane-build.ixvqzr98/dd/Build/Intermediates.noindex/FolioMobile.build/Release-iphonesimulator/FolioMobile.build/Objects-normal/x86_64/Folio.abi.json /Users/tianli/Library/Caches/sim-lane/platform-measure/sim-lane-build.e6982c0791732bfce73b18268bda234214598f596023b7e4fb5e4d72f08f88e6/sim-lane-build.ixvqzr98/dd/Build/Products/Release-iphonesimulator/Folio.swiftmodule/x86_64-apple-ios-simulator.abi.json

Copy /Users/tianli/Library/Caches/sim-lane/platform-measure/sim-lane-build.e6982c0791732bfce73b18268bda234214598f596023b7e4fb5e4d72f08f88e6/sim-lane-build.ixvqzr98/dd/Build/Products/Release-iphonesimulator/Folio.swiftmodule/x86_64-apple-ios-simulator.swiftdoc /Users/tianli/Library/Caches/sim-lane/platform-measure/sim-lane-build.e6982c0791732bfce73b18268bda234214598f596023b7e4fb5e4d72f08f88e6/sim-lane-build.ixvqzr98/dd/Build/Intermediates.noindex/FolioMobile.build/Release-iphonesimulator/FolioMobile.build/Objects-normal/x86_64/Folio.swiftdoc (in target 'FolioMobile' from project 'FolioMobile')
    cd /Users/tianli/Library/Caches/sim-lane/platform-measure/sim-lane-build.e6982c0791732bfce73b18268bda234214598f596023b7e4fb5e4d72f08f88e6/sim-lane-build.ixvqzr98/src/ios/01-源程序
    builtin-copy -exclude .DS_Store -exclude CVS -exclude .svn -exclude .git -exclude .hg -resolve-src-symlinks -rename /Users/tianli/Library/Caches/sim-lane/platform-measure/sim-lane-build.e6982c0791732bfce73b18268bda234214598f596023b7e4fb5e4d72f08f88e6/sim-lane-build.ixvqzr98/dd/Build/Intermediates.noindex/FolioMobile.build/Release-iphonesimulator/FolioMobile.build/Objects-normal/x86_64/Folio.swiftdoc /Users/tianli/Library/Caches/sim-lane/platform-measure/sim-lane-build.e6982c0791732bfce73b18268bda234214598f596023b7e4fb5e4d72f08f88e6/sim-lane-build.ixvqzr98/dd/Build/Products/Release-iphonesimulator/Folio.swiftmodule/x86_64-apple-ios-simulator.swiftdoc

Copy /Users/tianli/Library/Caches/sim-lane/platform-measure/sim-lane-build.e6982c0791732bfce73b18268bda234214598f596023b7e4fb5e4d72f08f88e6/sim-lane-build.ixvqzr98/dd/Build/Products/Release-iphonesimulator/Folio.swiftmodule/x86_64-apple-ios-simulator.swiftmodule /Users/tianli/Library/Caches/sim-lane/platform-measure/sim-lane-build.e6982c0791732bfce73b18268bda234214598f596023b7e4fb5e4d72f08f88e6/sim-lane-build.ixvqzr98/dd/Build/Intermediates.noindex/FolioMobile.build/Release-iphonesimulator/FolioMobile.build/Objects-normal/x86_64/Folio.swiftmodule (in target 'FolioMobile' from project 'FolioMobile')
    cd /Users/tianli/Library/Caches/sim-lane/platform-measure/sim-lane-build.e6982c0791732bfce73b18268bda234214598f596023b7e4fb5e4d72f08f88e6/sim-lane-build.ixvqzr98/src/ios/01-源程序
    builtin-copy -exclude .DS_Store -exclude CVS -exclude .svn -exclude .git -exclude .hg -resolve-src-symlinks -rename /Users/tianli/Library/Caches/sim-lane/platform-measure/sim-lane-build.e6982c0791732bfce73b18268bda234214598f596023b7e4fb5e4d72f08f88e6/sim-lane-build.ixvqzr98/dd/Build/Intermediates.noindex/FolioMobile.build/Release-iphonesimulator/FolioMobile.build/Objects-normal/x86_64/Folio.swiftmodule /Users/tianli/Library/Caches/sim-lane/platform-measure/sim-lane-build.e6982c0791732bfce73b18268bda234214598f596023b7e4fb5e4d72f08f88e6/sim-lane-build.ixvqzr98/dd/Build/Products/Release-iphonesimulator/Folio.swiftmodule/x86_64-apple-ios-simulator.swiftmodule

Copy /Users/tianli/Library/Caches/sim-lane/platform-measure/sim-lane-build.e6982c0791732bfce73b18268bda234214598f596023b7e4fb5e4d72f08f88e6/sim-lane-build.ixvqzr98/dd/Build/Products/Release-iphonesimulator/Folio.swiftmodule/Project/x86_64-apple-ios-simulator.swiftsourceinfo /Users/tianli/Library/Caches/sim-lane/platform-measure/sim-lane-build.e6982c0791732bfce73b18268bda234214598f596023b7e4fb5e4d72f08f88e6/sim-lane-build.ixvqzr98/dd/Build/Intermediates.noindex/FolioMobile.build/Release-iphonesimulator/FolioMobile.build/Objects-normal/x86_64/Folio.swiftsourceinfo (in target 'FolioMobile' from project 'FolioMobile')
    cd /Users/tianli/Library/Caches/sim-lane/platform-measure/sim-lane-build.e6982c0791732bfce73b18268bda234214598f596023b7e4fb5e4d72f08f88e6/sim-lane-build.ixvqzr98/src/ios/01-源程序
    builtin-copy -exclude .DS_Store -exclude CVS -exclude .svn -exclude .git -exclude .hg -resolve-src-symlinks -rename /Users/tianli/Library/Caches/sim-lane/platform-measure/sim-lane-build.e6982c0791732bfce73b18268bda234214598f596023b7e4fb5e4d72f08f88e6/sim-lane-build.ixvqzr98/dd/Build/Intermediates.noindex/FolioMobile.build/Release-iphonesimulator/FolioMobile.build/Objects-normal/x86_64/Folio.swiftsourceinfo /Users/tianli/Library/Caches/sim-lane/platform-measure/sim-lane-build.e6982c0791732bfce73b18268bda234214598f596023b7e4fb5e4d72f08f88e6/sim-lane-build.ixvqzr98/dd/Build/Products/Release-iphonesimulator/Folio.swiftmodule/Project/x86_64-apple-ios-simulator.swiftsourceinfo

SwiftDriverJobDiscovery normal arm64 Compiling AppConfiguration.swift, AppLifecycle.swift, AppLifecycleMobile.swift, ContentView.swift, DocumentWorkspace.swift, FolioMobileApp.swift, IndexEngine.swift, LaneSignal.swift, MarkdownExport.swift, MobileEditor.swift, MobileProductLifecycle.swift, MobileStore.swift, Models.swift, PlatformCompat.swift, GeneratedAssetSymbols.swift (in target 'FolioMobile' from project 'FolioMobile')

SwiftDriver\ Compilation\ Requirements FolioMobile normal arm64 com.apple.xcode.tools.swift.compiler (in target 'FolioMobile' from project 'FolioMobile')
    cd /Users/tianli/Library/Caches/sim-lane/platform-measure/sim-lane-build.e6982c0791732bfce73b18268bda234214598f596023b7e4fb5e4d72f08f88e6/sim-lane-build.ixvqzr98/src/ios/01-源程序
    builtin-Swift-Compilation-Requirements -- /Applications/Xcode.app/Contents/Developer/Toolchains/XcodeDefault.xctoolchain/usr/bin/swiftc -module-name Folio -O -whole-module-optimization @/Users/tianli/Library/Caches/sim-lane/platform-measure/sim-lane-build.e6982c0791732bfce73b18268bda234214598f596023b7e4fb5e4d72f08f88e6/sim-lane-build.ixvqzr98/dd/Build/Intermediates.noindex/FolioMobile.build/Release-iphonesimulator/FolioMobile.build/Objects-normal/arm64/Folio.SwiftFileList -enable-bare-slash-regex -enable-experimental-feature DebugDescriptionMacro -sdk /Applications/Xcode.app/Contents/Developer/Platforms/iPhoneSimulator.platform/Developer/SDKs/iPhoneSimulator27.0.sdk -target arm64-apple-ios18.0-simulator -g -module-cache-path /Users/tianli/Library/Caches/sim-lane/platform-measure/sim-lane-build.e6982c0791732bfce73b18268bda234214598f596023b7e4fb5e4d72f08f88e6/sim-lane-build.ixvqzr98/dd/ModuleCache.noindex -Xfrontend -serialize-debugging-options -swift-version 5 -I /Users/tianli/Library/Caches/sim-lane/platform-measure/sim-lane-build.e6982c0791732bfce73b18268bda234214598f596023b7e4fb5e4d72f08f88e6/sim-lane-build.ixvqzr98/dd/Build/Products/Release-iphonesimulator -F /Users/tianli/Library/Caches/sim-lane/platform-measure/sim-lane-build.e6982c0791732bfce73b18268bda234214598f596023b7e4fb5e4d72f08f88e6/sim-lane-build.ixvqzr98/dd/Build/Products/Release-iphonesimulator -c -num-threads 10 -Xcc -ivfsstatcache -Xcc /Users/tianli/Library/Caches/sim-lane/platform-measure/sim-lane-build.e6982c0791732bfce73b18268bda234214598f596023b7e4fb5e4d72f08f88e6/sim-lane-build.ixvqzr98/dd/SDKStatCaches.noindex/iphonesimulator27.0-24A430-8dc58220667be655e1bcc261a7455254.sdkstatcache -output-file-map /Users/tianli/Library/Caches/sim-lane/platform-measure/sim-lane-build.e6982c0791732bfce73b18268bda234214598f596023b7e4fb5e4d72f08f88e6/sim-lane-build.ixvqzr98/dd/Build/Intermediates.noindex/FolioMobile.build/Release-iphonesimulator/FolioMobile.build/Objects-normal/arm64/FolioMobile-OutputFileMap.json -save-temps -no-color-diagnostics -explicit-module-build -module-cache-path /Users/tianli/Library/Caches/sim-lane/platform-measure/sim-lane-build.e6982c0791732bfce73b18268bda234214598f596023b7e4fb5e4d72f08f88e6/sim-lane-build.ixvqzr98/dd/Build/Intermediates.noindex/SwiftExplicitPrecompiledModules -clang-scanner-module-cache-path /Users/tianli/Library/Caches/sim-lane/platform-measure/sim-lane-build.e6982c0791732bfce73b18268bda234214598f596023b7e4fb5e4d72f08f88e6/sim-lane-build.ixvqzr98/dd/ModuleCache.noindex -sdk-module-cache-path /Users/tianli/Library/Caches/sim-lane/platform-measure/sim-lane-build.e6982c0791732bfce73b18268bda234214598f596023b7e4fb5e4d72f08f88e6/sim-lane-build.ixvqzr98/dd/SDKExplicitPrecompiledModules -emit-dependencies -emit-module -emit-module-path /Users/tianli/Library/Caches/sim-lane/platform-measure/sim-lane-build.e6982c0791732bfce73b18268bda234214598f596023b7e4fb5e4d72f08f88e6/sim-lane-build.ixvqzr98/dd/Build/Intermediates.noindex/FolioMobile.build/Release-iphonesimulator/FolioMobile.build/Objects-normal/arm64/Folio.swiftmodule -serialize-diagnostics -dependency-scan-serialize-diagnostics-path /Users/tianli/Library/Caches/sim-lane/platform-measure/sim-lane-build.e6982c0791732bfce73b18268bda234214598f596023b7e4fb5e4d72f08f88e6/sim-lane-build.ixvqzr98/dd/Build/Intermediates.noindex/FolioMobile.build/Release-iphonesimulator/FolioMobile.build/Objects-normal/arm64/Folio-dependency-scan.dia -validate-clang-modules-once -clang-build-session-file /Users/tianli/Library/Caches/sim-lane/platform-measure/sim-lane-build.e6982c0791732bfce73b18268bda234214598f596023b7e4fb5e4d72f08f88e6/sim-lane-build.ixvqzr98/dd/ModuleCache.noindex/Session.modulevalidation -Xcc -fmodules-prune-interval\=86400 -Xcc -fmodules-prune-after\=345600 -emit-const-values -const-gather-protocols-list /Users/tianli/Library/Caches/sim-lane/platform-measure/sim-lane-build.e6982c0791732bfce73b18268bda234214598f596023b7e4fb5e4d72f08f88e6/sim-lane-build.ixvqzr98/dd/Build/Intermediates.noindex/FolioMobile.build/Release-iphonesimulator/FolioMobile.build/Objects-normal/arm64/FolioMobile_const_extract_protocols.json -Xcc -iquote -Xcc /Users/tianli/Library/Caches/sim-lane/platform-measure/sim-lane-build.e6982c0791732bfce73b18268bda234214598f596023b7e4fb5e4d72f08f88e6/sim-lane-build.ixvqzr98/dd/Build/Intermediates.noindex/FolioMobile.build/Release-iphonesimulator/FolioMobile.build/Folio-generated-files.hmap -Xcc -I/Users/tianli/Library/Caches/sim-lane/platform-measure/sim-lane-build.e6982c0791732bfce73b18268bda234214598f596023b7e4fb5e4d72f08f88e6/sim-lane-build.ixvqzr98/dd/Build/Intermediates.noindex/FolioMobile.build/Release-iphonesimulator/FolioMobile.build/Folio-own-target-headers.hmap -Xcc -I/Users/tianli/Library/Caches/sim-lane/platform-measure/sim-lane-build.e6982c0791732bfce73b18268bda234214598f596023b7e4fb5e4d72f08f88e6/sim-lane-build.ixvqzr98/dd/Build/Intermediates.noindex/FolioMobile.build/Release-iphonesimulator/FolioMobile.build/Folio-all-target-headers.hmap -Xcc -iquote -Xcc /Users/tianli/Library/Caches/sim-lane/platform-measure/sim-lane-build.e6982c0791732bfce73b18268bda234214598f596023b7e4fb5e4d72f08f88e6/sim-lane-build.ixvqzr98/dd/Build/Intermediates.noindex/FolioMobile.build/Release-iphonesimulator/FolioMobile.build/Folio-project-headers.hmap -Xcc -I/Users/tianli/Library/Caches/sim-lane/platform-measure/sim-lane-build.e6982c0791732bfce73b18268bda234214598f596023b7e4fb5e4d72f08f88e6/sim-lane-build.ixvqzr98/dd/Build/Products/Release-iphonesimulator/include -Xcc -I/Users/tianli/Library/Caches/sim-lane/platform-measure/sim-lane-build.e6982c0791732bfce73b18268bda234214598f596023b7e4fb5e4d72f08f88e6/sim-lane-build.ixvqzr98/dd/Build/Intermediates.noindex/FolioMobile.build/Release-iphonesimulator/FolioMobile.build/DerivedSources-normal/arm64 -Xcc -I/Users/tianli/Library/Caches/sim-lane/platform-measure/sim-lane-build.e6982c0791732bfce73b18268bda234214598f596023b7e4fb5e4d72f08f88e6/sim-lane-build.ixvqzr98/dd/Build/Intermediates.noindex/FolioMobile.build/Release-iphonesimulator/FolioMobile.build/DerivedSources/arm64 -Xcc -I/Users/tianli/Library/Caches/sim-lane/platform-measure/sim-lane-build.e6982c0791732bfce73b18268bda234214598f596023b7e4fb5e4d72f08f88e6/sim-lane-build.ixvqzr98/dd/Build/Intermediates.noindex/FolioMobile.build/Release-iphonesimulator/FolioMobile.build/DerivedSources -emit-objc-header -emit-objc-header-path /Users/tianli/Library/Caches/sim-lane/platform-measure/sim-lane-build.e6982c0791732bfce73b18268bda234214598f596023b7e4fb5e4d72f08f88e6/sim-lane-build.ixvqzr98/dd/Build/Intermediates.noindex/FolioMobile.build/Release-iphonesimulator/FolioMobile.build/Objects-normal/arm64/Folio-Swift.h -working-directory /Users/tianli/Library/Caches/sim-lane/platform-measure/sim-lane-build.e6982c0791732bfce73b18268bda234214598f596023b7e4fb5e4d72f08f88e6/sim-lane-build.ixvqzr98/src/ios/01-源程序 -no-emit-module-separately-wmo

SwiftMergeGeneratedHeaders /Users/tianli/Library/Caches/sim-lane/platform-measure/sim-lane-build.e6982c0791732bfce73b18268bda234214598f596023b7e4fb5e4d72f08f88e6/sim-lane-build.ixvqzr98/dd/Build/Intermediates.noindex/FolioMobile.build/Release-iphonesimulator/FolioMobile.build/DerivedSources/Folio-Swift.h /Users/tianli/Library/Caches/sim-lane/platform-measure/sim-lane-build.e6982c0791732bfce73b18268bda234214598f596023b7e4fb5e4d72f08f88e6/sim-lane-build.ixvqzr98/dd/Build/Intermediates.noindex/FolioMobile.build/Release-iphonesimulator/FolioMobile.build/Objects-normal/arm64/Folio-Swift.h /Users/tianli/Library/Caches/sim-lane/platform-measure/sim-lane-build.e6982c0791732bfce73b18268bda234214598f596023b7e4fb5e4d72f08f88e6/sim-lane-build.ixvqzr98/dd/Build/Intermediates.noindex/FolioMobile.build/Release-iphonesimulator/FolioMobile.build/Objects-normal/x86_64/Folio-Swift.h (in target 'FolioMobile' from project 'FolioMobile')
    cd /Users/tianli/Library/Caches/sim-lane/platform-measure/sim-lane-build.e6982c0791732bfce73b18268bda234214598f596023b7e4fb5e4d72f08f88e6/sim-lane-build.ixvqzr98/src/ios/01-源程序
    builtin-swiftHeaderTool -arch arm64 /Users/tianli/Library/Caches/sim-lane/platform-measure/sim-lane-build.e6982c0791732bfce73b18268bda234214598f596023b7e4fb5e4d72f08f88e6/sim-lane-build.ixvqzr98/dd/Build/Intermediates.noindex/FolioMobile.build/Release-iphonesimulator/FolioMobile.build/Objects-normal/arm64/Folio-Swift.h -arch x86_64 /Users/tianli/Library/Caches/sim-lane/platform-measure/sim-lane-build.e6982c0791732bfce73b18268bda234214598f596023b7e4fb5e4d72f08f88e6/sim-lane-build.ixvqzr98/dd/Build/Intermediates.noindex/FolioMobile.build/Release-iphonesimulator/FolioMobile.build/Objects-normal/x86_64/Folio-Swift.h -o /Users/tianli/Library/Caches/sim-lane/platform-measure/sim-lane-build.e6982c0791732bfce73b18268bda234214598f596023b7e4fb5e4d72f08f88e6/sim-lane-build.ixvqzr98/dd/Build/Intermediates.noindex/FolioMobile.build/Release-iphonesimulator/FolioMobile.build/DerivedSources/Folio-Swift.h

Copy /Users/tianli/Library/Caches/sim-lane/platform-measure/sim-lane-build.e6982c0791732bfce73b18268bda234214598f596023b7e4fb5e4d72f08f88e6/sim-lane-build.ixvqzr98/dd/Build/Products/Release-iphonesimulator/Folio.swiftmodule/arm64-apple-ios-simulator.swiftmodule /Users/tianli/Library/Caches/sim-lane/platform-measure/sim-lane-build.e6982c0791732bfce73b18268bda234214598f596023b7e4fb5e4d72f08f88e6/sim-lane-build.ixvqzr98/dd/Build/Intermediates.noindex/FolioMobile.build/Release-iphonesimulator/FolioMobile.build/Objects-normal/arm64/Folio.swiftmodule (in target 'FolioMobile' from project 'FolioMobile')
    cd /Users/tianli/Library/Caches/sim-lane/platform-measure/sim-lane-build.e6982c0791732bfce73b18268bda234214598f596023b7e4fb5e4d72f08f88e6/sim-lane-build.ixvqzr98/src/ios/01-源程序
    builtin-copy -exclude .DS_Store -exclude CVS -exclude .svn -exclude .git -exclude .hg -resolve-src-symlinks -rename /Users/tianli/Library/Caches/sim-lane/platform-measure/sim-lane-build.e6982c0791732bfce73b18268bda234214598f596023b7e4fb5e4d72f08f88e6/sim-lane-build.ixvqzr98/dd/Build/Intermediates.noindex/FolioMobile.build/Release-iphonesimulator/FolioMobile.build/Objects-normal/arm64/Folio.swiftmodule /Users/tianli/Library/Caches/sim-lane/platform-measure/sim-lane-build.e6982c0791732bfce73b18268bda234214598f596023b7e4fb5e4d72f08f88e6/sim-lane-build.ixvqzr98/dd/Build/Products/Release-iphonesimulator/Folio.swiftmodule/arm64-apple-ios-simulator.swiftmodule

Copy /Users/tianli/Library/Caches/sim-lane/platform-measure/sim-lane-build.e6982c0791732bfce73b18268bda234214598f596023b7e4fb5e4d72f08f88e6/sim-lane-build.ixvqzr98/dd/Build/Products/Release-iphonesimulator/Folio.swiftmodule/arm64-apple-ios-simulator.swiftdoc /Users/tianli/Library/Caches/sim-lane/platform-measure/sim-lane-build.e6982c0791732bfce73b18268bda234214598f596023b7e4fb5e4d72f08f88e6/sim-lane-build.ixvqzr98/dd/Build/Intermediates.noindex/FolioMobile.build/Release-iphonesimulator/FolioMobile.build/Objects-normal/arm64/Folio.swiftdoc (in target 'FolioMobile' from project 'FolioMobile')
    cd /Users/tianli/Library/Caches/sim-lane/platform-measure/sim-lane-build.e6982c0791732bfce73b18268bda234214598f596023b7e4fb5e4d72f08f88e6/sim-lane-build.ixvqzr98/src/ios/01-源程序
    builtin-copy -exclude .DS_Store -exclude CVS -exclude .svn -exclude .git -exclude .hg -resolve-src-symlinks -rename /Users/tianli/Library/Caches/sim-lane/platform-measure/sim-lane-build.e6982c0791732bfce73b18268bda234214598f596023b7e4fb5e4d72f08f88e6/sim-lane-build.ixvqzr98/dd/Build/Intermediates.noindex/FolioMobile.build/Release-iphonesimulator/FolioMobile.build/Objects-normal/arm64/Folio.swiftdoc /Users/tianli/Library/Caches/sim-lane/platform-measure/sim-lane-build.e6982c0791732bfce73b18268bda234214598f596023b7e4fb5e4d72f08f88e6/sim-lane-build.ixvqzr98/dd/Build/Products/Release-iphonesimulator/Folio.swiftmodule/arm64-apple-ios-simulator.swiftdoc

Copy /Users/tianli/Library/Caches/sim-lane/platform-measure/sim-lane-build.e6982c0791732bfce73b18268bda234214598f596023b7e4fb5e4d72f08f88e6/sim-lane-build.ixvqzr98/dd/Build/Products/Release-iphonesimulator/Folio.swiftmodule/arm64-apple-ios-simulator.abi.json /Users/tianli/Library/Caches/sim-lane/platform-measure/sim-lane-build.e6982c0791732bfce73b18268bda234214598f596023b7e4fb5e4d72f08f88e6/sim-lane-build.ixvqzr98/dd/Build/Intermediates.noindex/FolioMobile.build/Release-iphonesimulator/FolioMobile.build/Objects-normal/arm64/Folio.abi.json (in target 'FolioMobile' from project 'FolioMobile')
    cd /Users/tianli/Library/Caches/sim-lane/platform-measure/sim-lane-build.e6982c0791732bfce73b18268bda234214598f596023b7e4fb5e4d72f08f88e6/sim-lane-build.ixvqzr98/src/ios/01-源程序
    builtin-copy -exclude .DS_Store -exclude CVS -exclude .svn -exclude .git -exclude .hg -resolve-src-symlinks -rename /Users/tianli/Library/Caches/sim-lane/platform-measure/sim-lane-build.e6982c0791732bfce73b18268bda234214598f596023b7e4fb5e4d72f08f88e6/sim-lane-build.ixvqzr98/dd/Build/Intermediates.noindex/FolioMobile.build/Release-iphonesimulator/FolioMobile.build/Objects-normal/arm64/Folio.abi.json /Users/tianli/Library/Caches/sim-lane/platform-measure/sim-lane-build.e6982c0791732bfce73b18268bda234214598f596023b7e4fb5e4d72f08f88e6/sim-lane-build.ixvqzr98/dd/Build/Products/Release-iphonesimulator/Folio.swiftmodule/arm64-apple-ios-simulator.abi.json

Copy /Users/tianli/Library/Caches/sim-lane/platform-measure/sim-lane-build.e6982c0791732bfce73b18268bda234214598f596023b7e4fb5e4d72f08f88e6/sim-lane-build.ixvqzr98/dd/Build/Products/Release-iphonesimulator/Folio.swiftmodule/Project/arm64-apple-ios-simulator.swiftsourceinfo /Users/tianli/Library/Caches/sim-lane/platform-measure/sim-lane-build.e6982c0791732bfce73b18268bda234214598f596023b7e4fb5e4d72f08f88e6/sim-lane-build.ixvqzr98/dd/Build/Intermediates.noindex/FolioMobile.build/Release-iphonesimulator/FolioMobile.build/Objects-normal/arm64/Folio.swiftsourceinfo (in target 'FolioMobile' from project 'FolioMobile')
    cd /Users/tianli/Library/Caches/sim-lane/platform-measure/sim-lane-build.e6982c0791732bfce73b18268bda234214598f596023b7e4fb5e4d72f08f88e6/sim-lane-build.ixvqzr98/src/ios/01-源程序
    builtin-copy -exclude .DS_Store -exclude CVS -exclude .svn -exclude .git -exclude .hg -resolve-src-symlinks -rename /Users/tianli/Library/Caches/sim-lane/platform-measure/sim-lane-build.e6982c0791732bfce73b18268bda234214598f596023b7e4fb5e4d72f08f88e6/sim-lane-build.ixvqzr98/dd/Build/Intermediates.noindex/FolioMobile.build/Release-iphonesimulator/FolioMobile.build/Objects-normal/arm64/Folio.swiftsourceinfo /Users/tianli/Library/Caches/sim-lane/platform-measure/sim-lane-build.e6982c0791732bfce73b18268bda234214598f596023b7e4fb5e4d72f08f88e6/sim-lane-build.ixvqzr98/dd/Build/Products/Release-iphonesimulator/Folio.swiftmodule/Project/arm64-apple-ios-simulator.swiftsourceinfo

Ld /Users/tianli/Library/Caches/sim-lane/platform-measure/sim-lane-build.e6982c0791732bfce73b18268bda234214598f596023b7e4fb5e4d72f08f88e6/sim-lane-build.ixvqzr98/dd/Build/Intermediates.noindex/FolioMobile.build/Release-iphonesimulator/FolioMobile.build/Objects-normal/x86_64/Binary/Folio normal x86_64 (in target 'FolioMobile' from project 'FolioMobile')
    cd /Users/tianli/Library/Caches/sim-lane/platform-measure/sim-lane-build.e6982c0791732bfce73b18268bda234214598f596023b7e4fb5e4d72f08f88e6/sim-lane-build.ixvqzr98/src/ios/01-源程序
    /Applications/Xcode.app/Contents/Developer/Toolchains/XcodeDefault.xctoolchain/usr/bin/clang -Xlinker -reproducible -target x86_64-apple-ios18.0-simulator -isysroot /Applications/Xcode.app/Contents/Developer/Platforms/iPhoneSimulator.platform/Developer/SDKs/iPhoneSimulator27.0.sdk -Os -Xlinker -no_warn_duplicate_libraries -L/Users/tianli/Library/Caches/sim-lane/platform-measure/sim-lane-build.e6982c0791732bfce73b18268bda234214598f596023b7e4fb5e4d72f08f88e6/sim-lane-build.ixvqzr98/dd/Build/Intermediates.noindex/EagerLinkingTBDs/Release-iphonesimulator -L/Users/tianli/Library/Caches/sim-lane/platform-measure/sim-lane-build.e6982c0791732bfce73b18268bda234214598f596023b7e4fb5e4d72f08f88e6/sim-lane-build.ixvqzr98/dd/Build/Products/Release-iphonesimulator -F/Users/tianli/Library/Caches/sim-lane/platform-measure/sim-lane-build.e6982c0791732bfce73b18268bda234214598f596023b7e4fb5e4d72f08f88e6/sim-lane-build.ixvqzr98/dd/Build/Intermediates.noindex/EagerLinkingTBDs/Release-iphonesimulator -F/Users/tianli/Library/Caches/sim-lane/platform-measure/sim-lane-build.e6982c0791732bfce73b18268bda234214598f596023b7e4fb5e4d72f08f88e6/sim-lane-build.ixvqzr98/dd/Build/Products/Release-iphonesimulator -filelist /Users/tianli/Library/Caches/sim-lane/platform-measure/sim-lane-build.e6982c0791732bfce73b18268bda234214598f596023b7e4fb5e4d72f08f88e6/sim-lane-build.ixvqzr98/dd/Build/Intermediates.noindex/FolioMobile.build/Release-iphonesimulator/FolioMobile.build/Objects-normal/x86_64/Folio.LinkFileList -Xlinker -rpath -Xlinker /usr/lib/swift -Xlinker -rpath -Xlinker @executable_path/Frameworks -Xlinker -dead_strip -Xlinker -object_path_lto -Xlinker /Users/tianli/Library/Caches/sim-lane/platform-measure/sim-lane-build.e6982c0791732bfce73b18268bda234214598f596023b7e4fb5e4d72f08f88e6/sim-lane-build.ixvqzr98/dd/Build/Intermediates.noindex/FolioMobile.build/Release-iphonesimulator/FolioMobile.build/Objects-normal/x86_64/Folio_lto.o -Xlinker -objc_abi_version -Xlinker 2 -Xlinker -dependency_info -Xlinker /Users/tianli/Library/Caches/sim-lane/platform-measure/sim-lane-build.e6982c0791732bfce73b18268bda234214598f596023b7e4fb5e4d72f08f88e6/sim-lane-build.ixvqzr98/dd/Build/Intermediates.noindex/FolioMobile.build/Release-iphonesimulator/FolioMobile.build/Objects-normal/x86_64/Folio_dependency_info.dat -fobjc-link-runtime -L/Applications/Xcode.app/Contents/Developer/Toolchains/XcodeDefault.xctoolchain/usr/lib/swift/iphonesimulator -L/usr/lib/swift -Xlinker -add_ast_path -Xlinker /Users/tianli/Library/Caches/sim-lane/platform-measure/sim-lane-build.e6982c0791732bfce73b18268bda234214598f596023b7e4fb5e4d72f08f88e6/sim-lane-build.ixvqzr98/dd/Build/Intermediates.noindex/FolioMobile.build/Release-iphonesimulator/FolioMobile.build/Objects-normal/x86_64/Folio.swiftmodule -lsqlite3 -o /Users/tianli/Library/Caches/sim-lane/platform-measure/sim-lane-build.e6982c0791732bfce73b18268bda234214598f596023b7e4fb5e4d72f08f88e6/sim-lane-build.ixvqzr98/dd/Build/Intermediates.noindex/FolioMobile.build/Release-iphonesimulator/FolioMobile.build/Objects-normal/x86_64/Binary/Folio

Ld /Users/tianli/Library/Caches/sim-lane/platform-measure/sim-lane-build.e6982c0791732bfce73b18268bda234214598f596023b7e4fb5e4d72f08f88e6/sim-lane-build.ixvqzr98/dd/Build/Intermediates.noindex/FolioMobile.build/Release-iphonesimulator/FolioMobile.build/Objects-normal/arm64/Binary/Folio normal arm64 (in target 'FolioMobile' from project 'FolioMobile')
    cd /Users/tianli/Library/Caches/sim-lane/platform-measure/sim-lane-build.e6982c0791732bfce73b18268bda234214598f596023b7e4fb5e4d72f08f88e6/sim-lane-build.ixvqzr98/src/ios/01-源程序
    /Applications/Xcode.app/Contents/Developer/Toolchains/XcodeDefault.xctoolchain/usr/bin/clang -Xlinker -reproducible -target arm64-apple-ios18.0-simulator -isysroot /Applications/Xcode.app/Contents/Developer/Platforms/iPhoneSimulator.platform/Developer/SDKs/iPhoneSimulator27.0.sdk -Os -Xlinker -no_warn_duplicate_libraries -L/Users/tianli/Library/Caches/sim-lane/platform-measure/sim-lane-build.e6982c0791732bfce73b18268bda234214598f596023b7e4fb5e4d72f08f88e6/sim-lane-build.ixvqzr98/dd/Build/Intermediates.noindex/EagerLinkingTBDs/Release-iphonesimulator -L/Users/tianli/Library/Caches/sim-lane/platform-measure/sim-lane-build.e6982c0791732bfce73b18268bda234214598f596023b7e4fb5e4d72f08f88e6/sim-lane-build.ixvqzr98/dd/Build/Products/Release-iphonesimulator -F/Users/tianli/Library/Caches/sim-lane/platform-measure/sim-lane-build.e6982c0791732bfce73b18268bda234214598f596023b7e4fb5e4d72f08f88e6/sim-lane-build.ixvqzr98/dd/Build/Intermediates.noindex/EagerLinkingTBDs/Release-iphonesimulator -F/Users/tianli/Library/Caches/sim-lane/platform-measure/sim-lane-build.e6982c0791732bfce73b18268bda234214598f596023b7e4fb5e4d72f08f88e6/sim-lane-build.ixvqzr98/dd/Build/Products/Release-iphonesimulator -filelist /Users/tianli/Library/Caches/sim-lane/platform-measure/sim-lane-build.e6982c0791732bfce73b18268bda234214598f596023b7e4fb5e4d72f08f88e6/sim-lane-build.ixvqzr98/dd/Build/Intermediates.noindex/FolioMobile.build/Release-iphonesimulator/FolioMobile.build/Objects-normal/arm64/Folio.LinkFileList -Xlinker -rpath -Xlinker /usr/lib/swift -Xlinker -rpath -Xlinker @executable_path/Frameworks -Xlinker -dead_strip -Xlinker -object_path_lto -Xlinker /Users/tianli/Library/Caches/sim-lane/platform-measure/sim-lane-build.e6982c0791732bfce73b18268bda234214598f596023b7e4fb5e4d72f08f88e6/sim-lane-build.ixvqzr98/dd/Build/Intermediates.noindex/FolioMobile.build/Release-iphonesimulator/FolioMobile.build/Objects-normal/arm64/Folio_lto.o -Xlinker -objc_abi_version -Xlinker 2 -Xlinker -dependency_info -Xlinker /Users/tianli/Library/Caches/sim-lane/platform-measure/sim-lane-build.e6982c0791732bfce73b18268bda234214598f596023b7e4fb5e4d72f08f88e6/sim-lane-build.ixvqzr98/dd/Build/Intermediates.noindex/FolioMobile.build/Release-iphonesimulator/FolioMobile.build/Objects-normal/arm64/Folio_dependency_info.dat -fobjc-link-runtime -L/Applications/Xcode.app/Contents/Developer/Toolchains/XcodeDefault.xctoolchain/usr/lib/swift/iphonesimulator -L/usr/lib/swift -Xlinker -add_ast_path -Xlinker /Users/tianli/Library/Caches/sim-lane/platform-measure/sim-lane-build.e6982c0791732bfce73b18268bda234214598f596023b7e4fb5e4d72f08f88e6/sim-lane-build.ixvqzr98/dd/Build/Intermediates.noindex/FolioMobile.build/Release-iphonesimulator/FolioMobile.build/Objects-normal/arm64/Folio.swiftmodule -lsqlite3 -o /Users/tianli/Library/Caches/sim-lane/platform-measure/sim-lane-build.e6982c0791732bfce73b18268bda234214598f596023b7e4fb5e4d72f08f88e6/sim-lane-build.ixvqzr98/dd/Build/Intermediates.noindex/FolioMobile.build/Release-iphonesimulator/FolioMobile.build/Objects-normal/arm64/Binary/Folio

CreateUniversalBinary /Users/tianli/Library/Caches/sim-lane/platform-measure/sim-lane-build.e6982c0791732bfce73b18268bda234214598f596023b7e4fb5e4d72f08f88e6/sim-lane-build.ixvqzr98/dd/Build/Products/Release-iphonesimulator/Folio.app/Folio normal arm64\ x86_64 (in target 'FolioMobile' from project 'FolioMobile')
    cd /Users/tianli/Library/Caches/sim-lane/platform-measure/sim-lane-build.e6982c0791732bfce73b18268bda234214598f596023b7e4fb5e4d72f08f88e6/sim-lane-build.ixvqzr98/src/ios/01-源程序
    /Applications/Xcode.app/Contents/Developer/Toolchains/XcodeDefault.xctoolchain/usr/bin/lipo -create /Users/tianli/Library/Caches/sim-lane/platform-measure/sim-lane-build.e6982c0791732bfce73b18268bda234214598f596023b7e4fb5e4d72f08f88e6/sim-lane-build.ixvqzr98/dd/Build/Intermediates.noindex/FolioMobile.build/Release-iphonesimulator/FolioMobile.build/Objects-normal/arm64/Binary/Folio /Users/tianli/Library/Caches/sim-lane/platform-measure/sim-lane-build.e6982c0791732bfce73b18268bda234214598f596023b7e4fb5e4d72f08f88e6/sim-lane-build.ixvqzr98/dd/Build/Intermediates.noindex/FolioMobile.build/Release-iphonesimulator/FolioMobile.build/Objects-normal/x86_64/Binary/Folio -output /Users/tianli/Library/Caches/sim-lane/platform-measure/sim-lane-build.e6982c0791732bfce73b18268bda234214598f596023b7e4fb5e4d72f08f88e6/sim-lane-build.ixvqzr98/dd/Build/Products/Release-iphonesimulator/Folio.app/Folio

CopySwiftLibs /Users/tianli/Library/Caches/sim-lane/platform-measure/sim-lane-build.e6982c0791732bfce73b18268bda234214598f596023b7e4fb5e4d72f08f88e6/sim-lane-build.ixvqzr98/dd/Build/Products/Release-iphonesimulator/Folio.app (in target 'FolioMobile' from project 'FolioMobile')
    cd /Users/tianli/Library/Caches/sim-lane/platform-measure/sim-lane-build.e6982c0791732bfce73b18268bda234214598f596023b7e4fb5e4d72f08f88e6/sim-lane-build.ixvqzr98/src/ios/01-源程序
    builtin-swiftStdLibTool --copy --verbose --scan-executable /Users/tianli/Library/Caches/sim-lane/platform-measure/sim-lane-build.e6982c0791732bfce73b18268bda234214598f596023b7e4fb5e4d72f08f88e6/sim-lane-build.ixvqzr98/dd/Build/Products/Release-iphonesimulator/Folio.app/Folio --scan-folder /Users/tianli/Library/Caches/sim-lane/platform-measure/sim-lane-build.e6982c0791732bfce73b18268bda234214598f596023b7e4fb5e4d72f08f88e6/sim-lane-build.ixvqzr98/dd/Build/Products/Release-iphonesimulator/Folio.app/Frameworks --scan-folder /Users/tianli/Library/Caches/sim-lane/platform-measure/sim-lane-build.e6982c0791732bfce73b18268bda234214598f596023b7e4fb5e4d72f08f88e6/sim-lane-build.ixvqzr98/dd/Build/Products/Release-iphonesimulator/Folio.app/PlugIns --scan-folder /Users/tianli/Library/Caches/sim-lane/platform-measure/sim-lane-build.e6982c0791732bfce73b18268bda234214598f596023b7e4fb5e4d72f08f88e6/sim-lane-build.ixvqzr98/dd/Build/Products/Release-iphonesimulator/Folio.app/SystemExtensions --scan-folder /Users/tianli/Library/Caches/sim-lane/platform-measure/sim-lane-build.e6982c0791732bfce73b18268bda234214598f596023b7e4fb5e4d72f08f88e6/sim-lane-build.ixvqzr98/dd/Build/Products/Release-iphonesimulator/Folio.app/Extensions --platform iphonesimulator --toolchain /Applications/Xcode.app/Contents/Developer/Toolchains/XcodeDefault.xctoolchain --destination /Users/tianli/Library/Caches/sim-lane/platform-measure/sim-lane-build.e6982c0791732bfce73b18268bda234214598f596023b7e4fb5e4d72f08f88e6/sim-lane-build.ixvqzr98/dd/Build/Products/Release-iphonesimulator/Folio.app/Frameworks --strip-bitcode --strip-bitcode-tool /Applications/Xcode.app/Contents/Developer/Toolchains/XcodeDefault.xctoolchain/usr/bin/bitcode_strip --emit-dependency-info /Users/tianli/Library/Caches/sim-lane/platform-measure/sim-lane-build.e6982c0791732bfce73b18268bda234214598f596023b7e4fb5e4d72f08f88e6/sim-lane-build.ixvqzr98/dd/Build/Intermediates.noindex/FolioMobile.build/Release-iphonesimulator/FolioMobile.build/SwiftStdLibToolInputDependencies.dep --filter-for-swift-os --back-deploy-swift-span
Ignoring --strip-bitcode because --sign was not passed

ExtractAppIntentsMetadata (in target 'FolioMobile' from project 'FolioMobile')
    cd /Users/tianli/Library/Caches/sim-lane/platform-measure/sim-lane-build.e6982c0791732bfce73b18268bda234214598f596023b7e4fb5e4d72f08f88e6/sim-lane-build.ixvqzr98/src/ios/01-源程序
    /Applications/Xcode.app/Contents/Developer/Toolchains/XcodeDefault.xctoolchain/usr/bin/appintentsmetadataprocessor --toolchain-dir /Applications/Xcode.app/Contents/Developer/Toolchains/XcodeDefault.xctoolchain --module-name Folio --sdk-root /Applications/Xcode.app/Contents/Developer/Platforms/iPhoneSimulator.platform/Developer/SDKs/iPhoneSimulator27.0.sdk --xcode-version 27A266a --platform-family iOS --deployment-target 18.0 --bundle-identifier cyou.tianli.TLMarkdown.mobile --output /Users/tianli/Library/Caches/sim-lane/platform-measure/sim-lane-build.e6982c0791732bfce73b18268bda234214598f596023b7e4fb5e4d72f08f88e6/sim-lane-build.ixvqzr98/dd/Build/Products/Release-iphonesimulator/Folio.app --target-triple arm64-apple-ios18.0-simulator --target-triple x86_64-apple-ios18.0-simulator --binary-file /Users/tianli/Library/Caches/sim-lane/platform-measure/sim-lane-build.e6982c0791732bfce73b18268bda234214598f596023b7e4fb5e4d72f08f88e6/sim-lane-build.ixvqzr98/dd/Build/Products/Release-iphonesimulator/Folio.app/Folio --dependency-file /Users/tianli/Library/Caches/sim-lane/platform-measure/sim-lane-build.e6982c0791732bfce73b18268bda234214598f596023b7e4fb5e4d72f08f88e6/sim-lane-build.ixvqzr98/dd/Build/Intermediates.noindex/FolioMobile.build/Release-iphonesimulator/FolioMobile.build/Objects-normal/arm64/Folio_dependency_info.dat --dependency-file /Users/tianli/Library/Caches/sim-lane/platform-measure/sim-lane-build.e6982c0791732bfce73b18268bda234214598f596023b7e4fb5e4d72f08f88e6/sim-lane-build.ixvqzr98/dd/Build/Intermediates.noindex/FolioMobile.build/Release-iphonesimulator/FolioMobile.build/Objects-normal/x86_64/Folio_dependency_info.dat --stringsdata-file /Users/tianli/Library/Caches/sim-lane/platform-measure/sim-lane-build.e6982c0791732bfce73b18268bda234214598f596023b7e4fb5e4d72f08f88e6/sim-lane-build.ixvqzr98/dd/Build/Intermediates.noindex/FolioMobile.build/Release-iphonesimulator/FolioMobile.build/Objects-normal/arm64/ExtractedAppShortcutsMetadata.stringsdata --stringsdata-file /Users/tianli/Library/Caches/sim-lane/platform-measure/sim-lane-build.e6982c0791732bfce73b18268bda234214598f596023b7e4fb5e4d72f08f88e6/sim-lane-build.ixvqzr98/dd/Build/Intermediates.noindex/FolioMobile.build/Release-iphonesimulator/FolioMobile.build/Objects-normal/x86_64/ExtractedAppShortcutsMetadata.stringsdata --source-file-list /Users/tianli/Library/Caches/sim-lane/platform-measure/sim-lane-build.e6982c0791732bfce73b18268bda234214598f596023b7e4fb5e4d72f08f88e6/sim-lane-build.ixvqzr98/dd/Build/Intermediates.noindex/FolioMobile.build/Release-iphonesimulator/FolioMobile.build/Objects-normal/arm64/Folio.SwiftFileList --source-file-list /Users/tianli/Library/Caches/sim-lane/platform-measure/sim-lane-build.e6982c0791732bfce73b18268bda234214598f596023b7e4fb5e4d72f08f88e6/sim-lane-build.ixvqzr98/dd/Build/Intermediates.noindex/FolioMobile.build/Release-iphonesimulator/FolioMobile.build/Objects-normal/x86_64/Folio.SwiftFileList --metadata-file-list /Users/tianli/Library/Caches/sim-lane/platform-measure/sim-lane-build.e6982c0791732bfce73b18268bda234214598f596023b7e4fb5e4d72f08f88e6/sim-lane-build.ixvqzr98/dd/Build/Intermediates.noindex/FolioMobile.build/Release-iphonesimulator/FolioMobile.build/Folio.DependencyMetadataFileList --static-metadata-file-list /Users/tianli/Library/Caches/sim-lane/platform-measure/sim-lane-build.e6982c0791732bfce73b18268bda234214598f596023b7e4fb5e4d72f08f88e6/sim-lane-build.ixvqzr98/dd/Build/Intermediates.noindex/FolioMobile.build/Release-iphonesimulator/FolioMobile.build/Folio.DependencyStaticMetadataFileList --swift-const-vals-list /Users/tianli/Library/Caches/sim-lane/platform-measure/sim-lane-build.e6982c0791732bfce73b18268bda234214598f596023b7e4fb5e4d72f08f88e6/sim-lane-build.ixvqzr98/dd/Build/Intermediates.noindex/FolioMobile.build/Release-iphonesimulator/FolioMobile.build/Objects-normal/arm64/Folio.SwiftConstValuesFileList --swift-const-vals-list /Users/tianli/Library/Caches/sim-lane/platform-measure/sim-lane-build.e6982c0791732bfce73b18268bda234214598f596023b7e4fb5e4d72f08f88e6/sim-lane-build.ixvqzr98/dd/Build/Intermediates.noindex/FolioMobile.build/Release-iphonesimulator/FolioMobile.build/Objects-normal/x86_64/Folio.SwiftConstValuesFileList --compile-time-extraction --deployment-aware-processing --no-app-shortcuts-localization
2026-10-04 18:16:17.681 appintentsmetadataprocessor[77696:51187136] Starting appintentsmetadataprocessor export
2026-10-04 18:16:17.693 appintentsmetadataprocessor[77696:51187136] warning: Metadata extraction skipped, no AppIntents.framework dependency found

GenerateDSYMFile /Users/tianli/Library/Caches/sim-lane/platform-measure/sim-lane-build.e6982c0791732bfce73b18268bda234214598f596023b7e4fb5e4d72f08f88e6/sim-lane-build.ixvqzr98/dd/Build/Products/Release-iphonesimulator/Folio.app.dSYM /Users/tianli/Library/Caches/sim-lane/platform-measure/sim-lane-build.e6982c0791732bfce73b18268bda234214598f596023b7e4fb5e4d72f08f88e6/sim-lane-build.ixvqzr98/dd/Build/Products/Release-iphonesimulator/Folio.app/Folio (in target 'FolioMobile' from project 'FolioMobile')
    cd /Users/tianli/Library/Caches/sim-lane/platform-measure/sim-lane-build.e6982c0791732bfce73b18268bda234214598f596023b7e4fb5e4d72f08f88e6/sim-lane-build.ixvqzr98/src/ios/01-源程序
    export PATH\=/Applications/Xcode.app/Contents/SharedFrameworks/SwiftBuild.framework/Versions/A/PlugIns/SWBBuildService.bundle/Contents/PlugIns/SWBUniversalPlatformPlugin.bundle/Contents/Frameworks/SWBUniversalPlatform.framework/Resources:/Applications/Xcode.app/Contents/Developer/Toolchains/XcodeDefault.xctoolchain/usr/bin:/Applications/Xcode.app/Contents/Developer/Toolchains/XcodeDefault.xctoolchain/usr/local/bin:/Applications/Xcode.app/Contents/Developer/Toolchains/XcodeDefault.xctoolchain/usr/libexec:/Applications/Xcode.app/Contents/Developer/Platforms/iPhoneSimulator.platform/usr/bin:/Applications/Xcode.app/Contents/Developer/Platforms/iPhoneSimulator.platform/usr/local/bin:/Applications/Xcode.app/Contents/Developer/Platforms/iPhoneSimulator.platform/Developer/usr/bin:/Applications/Xcode.app/Contents/Developer/Platforms/iPhoneSimulator.platform/Developer/usr/local/bin:/Applications/Xcode.app/Contents/Developer/usr/bin:/Applications/Xcode.app/Contents/Developer/usr/local/bin:/Users/tianli/.local/bin:/Users/tianli/.cargo/bin:/usr/local/bin:/System/Cryptexes/App/usr/bin:/usr/bin:/bin:/usr/sbin:/sbin:/var/run/com.apple.security.cryptexd/codex.system/bootstrap/usr/local/bin:/var/run/com.apple.security.cryptexd/codex.system/bootstrap/usr/bin:/var/run/com.apple.security.cryptexd/codex.system/bootstrap/usr/appleinternal/bin:/pkg/env/global/bin:/Library/Apple/usr/bin:/Library/TeX/texbin:/usr/local/share/dotnet:/Applications/quarto/bin:/Users/tianli/Dev/.venv/bin:/opt/homebrew/bin
    /Applications/Xcode.app/Contents/Developer/Toolchains/XcodeDefault.xctoolchain/usr/bin/dsymutil /Users/tianli/Library/Caches/sim-lane/platform-measure/sim-lane-build.e6982c0791732bfce73b18268bda234214598f596023b7e4fb5e4d72f08f88e6/sim-lane-build.ixvqzr98/dd/Build/Products/Release-iphonesimulator/Folio.app/Folio -o /Users/tianli/Library/Caches/sim-lane/platform-measure/sim-lane-build.e6982c0791732bfce73b18268bda234214598f596023b7e4fb5e4d72f08f88e6/sim-lane-build.ixvqzr98/dd/Build/Products/Release-iphonesimulator/Folio.app.dSYM

AppIntentsSSUTraining (in target 'FolioMobile' from project 'FolioMobile')
    cd /Users/tianli/Library/Caches/sim-lane/platform-measure/sim-lane-build.e6982c0791732bfce73b18268bda234214598f596023b7e4fb5e4d72f08f88e6/sim-lane-build.ixvqzr98/src/ios/01-源程序
    /Applications/Xcode.app/Contents/Developer/Toolchains/XcodeDefault.xctoolchain/usr/bin/appintentsnltrainingprocessor --infoplist-path /Users/tianli/Library/Caches/sim-lane/platform-measure/sim-lane-build.e6982c0791732bfce73b18268bda234214598f596023b7e4fb5e4d72f08f88e6/sim-lane-build.ixvqzr98/dd/Build/Products/Release-iphonesimulator/Folio.app/Info.plist --temp-dir-path /Users/tianli/Library/Caches/sim-lane/platform-measure/sim-lane-build.e6982c0791732bfce73b18268bda234214598f596023b7e4fb5e4d72f08f88e6/sim-lane-build.ixvqzr98/dd/Build/Intermediates.noindex/FolioMobile.build/Release-iphonesimulator/FolioMobile.build/ssu --bundle-id cyou.tianli.TLMarkdown.mobile --product-path /Users/tianli/Library/Caches/sim-lane/platform-measure/sim-lane-build.e6982c0791732bfce73b18268bda234214598f596023b7e4fb5e4d72f08f88e6/sim-lane-build.ixvqzr98/dd/Build/Products/Release-iphonesimulator/Folio.app --extracted-metadata-path /Users/tianli/Library/Caches/sim-lane/platform-measure/sim-lane-build.e6982c0791732bfce73b18268bda234214598f596023b7e4fb5e4d72f08f88e6/sim-lane-build.ixvqzr98/dd/Build/Products/Release-iphonesimulator/Folio.app/Metadata.appintents --metadata-file-list /Users/tianli/Library/Caches/sim-lane/platform-measure/sim-lane-build.e6982c0791732bfce73b18268bda234214598f596023b7e4fb5e4d72f08f88e6/sim-lane-build.ixvqzr98/dd/Build/Intermediates.noindex/FolioMobile.build/Release-iphonesimulator/FolioMobile.build/Folio.DependencyMetadataFileList --source-file /Users/tianli/Library/Caches/sim-lane/platform-measure/sim-lane-build.e6982c0791732bfce73b18268bda234214598f596023b7e4fb5e4d72f08f88e6/sim-lane-build.ixvqzr98/dd/Build/Products/Release-iphonesimulator/Folio.app/Info.plist --archive-ssu-assets
2026-10-04 18:16:17.761 appintentsnltrainingprocessor[77703:51187172] Parsing options for appintentsnltrainingprocessor
2026-10-04 18:16:17.762 appintentsnltrainingprocessor[77703:51187172] Starting AppIntents SSU YAML Generation
2026-10-04 18:16:17.767 appintentsnltrainingprocessor[77703:51187172] No AppShortcuts found - Skipping.

RegisterExecutionPolicyException /Users/tianli/Library/Caches/sim-lane/platform-measure/sim-lane-build.e6982c0791732bfce73b18268bda234214598f596023b7e4fb5e4d72f08f88e6/sim-lane-build.ixvqzr98/dd/Build/Products/Release-iphonesimulator/Folio.app (in target 'FolioMobile' from project 'FolioMobile')
    cd /Users/tianli/Library/Caches/sim-lane/platform-measure/sim-lane-build.e6982c0791732bfce73b18268bda234214598f596023b7e4fb5e4d72f08f88e6/sim-lane-build.ixvqzr98/src/ios/01-源程序
    builtin-RegisterExecutionPolicyException /Users/tianli/Library/Caches/sim-lane/platform-measure/sim-lane-build.e6982c0791732bfce73b18268bda234214598f596023b7e4fb5e4d72f08f88e6/sim-lane-build.ixvqzr98/dd/Build/Products/Release-iphonesimulator/Folio.app

Validate /Users/tianli/Library/Caches/sim-lane/platform-measure/sim-lane-build.e6982c0791732bfce73b18268bda234214598f596023b7e4fb5e4d72f08f88e6/sim-lane-build.ixvqzr98/dd/Build/Products/Release-iphonesimulator/Folio.app (in target 'FolioMobile' from project 'FolioMobile')
    cd /Users/tianli/Library/Caches/sim-lane/platform-measure/sim-lane-build.e6982c0791732bfce73b18268bda234214598f596023b7e4fb5e4d72f08f88e6/sim-lane-build.ixvqzr98/src/ios/01-源程序
    builtin-validationUtility /Users/tianli/Library/Caches/sim-lane/platform-measure/sim-lane-build.e6982c0791732bfce73b18268bda234214598f596023b7e4fb5e4d72f08f88e6/sim-lane-build.ixvqzr98/dd/Build/Products/Release-iphonesimulator/Folio.app -shallow-bundle -infoplist-subpath Info.plist

Touch /Users/tianli/Library/Caches/sim-lane/platform-measure/sim-lane-build.e6982c0791732bfce73b18268bda234214598f596023b7e4fb5e4d72f08f88e6/sim-lane-build.ixvqzr98/dd/Build/Products/Release-iphonesimulator/Folio.app (in target 'FolioMobile' from project 'FolioMobile')
    cd /Users/tianli/Library/Caches/sim-lane/platform-measure/sim-lane-build.e6982c0791732bfce73b18268bda234214598f596023b7e4fb5e4d72f08f88e6/sim-lane-build.ixvqzr98/src/ios/01-源程序
    /usr/bin/touch -c /Users/tianli/Library/Caches/sim-lane/platform-measure/sim-lane-build.e6982c0791732bfce73b18268bda234214598f596023b7e4fb5e4d72f08f88e6/sim-lane-build.ixvqzr98/dd/Build/Products/Release-iphonesimulator/Folio.app

PruneExplicitPrecompiledModules /Users/tianli/Library/Caches/sim-lane/platform-measure/sim-lane-build.e6982c0791732bfce73b18268bda234214598f596023b7e4fb5e4d72f08f88e6/sim-lane-build.ixvqzr98/dd/SDKExplicitPrecompiledModules

PruneExplicitPrecompiledModules /Users/tianli/Library/Caches/sim-lane/platform-measure/sim-lane-build.e6982c0791732bfce73b18268bda234214598f596023b7e4fb5e4d72f08f88e6/sim-lane-build.ixvqzr98/dd/Build/Intermediates.noindex/ExplicitPrecompiledModules

PruneExplicitPrecompiledModules /Users/tianli/Library/Caches/sim-lane/platform-measure/sim-lane-build.e6982c0791732bfce73b18268bda234214598f596023b7e4fb5e4d72f08f88e6/sim-lane-build.ixvqzr98/dd/Build/Intermediates.noindex/SwiftExplicitPrecompiledModules

** BUILD SUCCEEDED **

