Command line invocation:
    /Applications/Xcode.app/Contents/Developer/usr/bin/xcodebuild -project /private/tmp/folio-hosted-queue-1622d9963f2d480fad43029d01951ab1/iphone/FolioMobile.xcodeproj -scheme FolioMobile -configuration Debug -destination "generic/platform=iOS Simulator" -derivedDataPath /private/tmp/folio-hosted-queue-1622d9963f2d480fad43029d01951ab1/iphone/dd CODE_SIGNING_ALLOWED=NO build-for-testing

Build settings from command line:
    CODE_SIGNING_ALLOWED = NO

ComputePackagePrebuildTargetDependencyGraph

Prepare packages

CreateBuildRequest

SendProjectDescription

CreateBuildOperation

ComputeTargetDependencyGraph
note: Building targets in dependency order
note: Target dependency graph (2 targets)
    Target 'FolioHostedIntegration' in project 'FolioMobile'
        ➜ Explicit dependency on target 'FolioMobile' in project 'FolioMobile'
    Target 'FolioMobile' in project 'FolioMobile' (no dependencies)

GatherProvisioningInputs

CreateBuildDescription

ExecuteExternalTool /opt/homebrew/opt/llvm/bin/clang -v -E -dM -isysroot /Applications/Xcode.app/Contents/Developer/Platforms/iPhoneSimulator.platform/Developer/SDKs/iPhoneSimulator27.0.sdk -x c -c /dev/null

ExecuteExternalTool /Applications/Xcode.app/Contents/Developer/Toolchains/XcodeDefault.xctoolchain/usr/bin/swiftc --version

ExecuteExternalTool /Applications/Xcode.app/Contents/Developer/usr/bin/actool --print-asset-tag-combinations --output-format xml1 /Users/tianli/Library/Caches/sim-lane/platform-measure/sim-lane-build.e6982c0791732bfce73b18268bda234214598f596023b7e4fb5e4d72f08f88e6/sim-lane-build.ixvqzr98/src/ios/01-源程序/Resources/Assets.xcassets

ExecuteExternalTool /Applications/Xcode.app/Contents/Developer/Toolchains/XcodeDefault.xctoolchain/usr/bin/ld -version_details

ExecuteExternalTool /Applications/Xcode.app/Contents/Developer/usr/bin/actool --version --output-format xml1

Build description signature: e0193f396d54f85b36222d97003557dc
Build description path: /tmp/folio-hosted-queue-1622d9963f2d480fad43029d01951ab1/iphone/dd/Build/Intermediates.noindex/XCBuildData/e0193f396d54f85b36222d97003557dc.xcbuilddata
CreateBuildDirectory /tmp/folio-hosted-queue-1622d9963f2d480fad43029d01951ab1/iphone/dd/ModuleCache.noindex
    cd /tmp/folio-hosted-queue-1622d9963f2d480fad43029d01951ab1/iphone/FolioMobile.xcodeproj
    builtin-create-build-directory /tmp/folio-hosted-queue-1622d9963f2d480fad43029d01951ab1/iphone/dd/ModuleCache.noindex

CreateBuildDirectory /tmp/folio-hosted-queue-1622d9963f2d480fad43029d01951ab1/iphone/dd/SDKExplicitPrecompiledModules
    cd /tmp/folio-hosted-queue-1622d9963f2d480fad43029d01951ab1/iphone/FolioMobile.xcodeproj
    builtin-create-build-directory /tmp/folio-hosted-queue-1622d9963f2d480fad43029d01951ab1/iphone/dd/SDKExplicitPrecompiledModules

CreateBuildDirectory /tmp/folio-hosted-queue-1622d9963f2d480fad43029d01951ab1/iphone/dd/CompilationCache.noindex
    cd /tmp/folio-hosted-queue-1622d9963f2d480fad43029d01951ab1/iphone/FolioMobile.xcodeproj
    builtin-create-build-directory /tmp/folio-hosted-queue-1622d9963f2d480fad43029d01951ab1/iphone/dd/CompilationCache.noindex

CreateBuildDirectory /tmp/folio-hosted-queue-1622d9963f2d480fad43029d01951ab1/iphone/dd/Build/Intermediates.noindex
    cd /tmp/folio-hosted-queue-1622d9963f2d480fad43029d01951ab1/iphone/FolioMobile.xcodeproj
    builtin-create-build-directory /tmp/folio-hosted-queue-1622d9963f2d480fad43029d01951ab1/iphone/dd/Build/Intermediates.noindex

CreateBuildDirectory /tmp/folio-hosted-queue-1622d9963f2d480fad43029d01951ab1/iphone/dd/Build/Products
    cd /tmp/folio-hosted-queue-1622d9963f2d480fad43029d01951ab1/iphone/FolioMobile.xcodeproj
    builtin-create-build-directory /tmp/folio-hosted-queue-1622d9963f2d480fad43029d01951ab1/iphone/dd/Build/Products

CreateBuildDirectory /tmp/folio-hosted-queue-1622d9963f2d480fad43029d01951ab1/iphone/dd/Build/Intermediates.noindex/SwiftExplicitPrecompiledModules
    cd /tmp/folio-hosted-queue-1622d9963f2d480fad43029d01951ab1/iphone/FolioMobile.xcodeproj
    builtin-create-build-directory /tmp/folio-hosted-queue-1622d9963f2d480fad43029d01951ab1/iphone/dd/Build/Intermediates.noindex/SwiftExplicitPrecompiledModules

CreateBuildDirectory /tmp/folio-hosted-queue-1622d9963f2d480fad43029d01951ab1/iphone/dd/Build/Products/Debug-iphonesimulator
    cd /tmp/folio-hosted-queue-1622d9963f2d480fad43029d01951ab1/iphone/FolioMobile.xcodeproj
    builtin-create-build-directory /tmp/folio-hosted-queue-1622d9963f2d480fad43029d01951ab1/iphone/dd/Build/Products/Debug-iphonesimulator

CreateBuildDirectory /tmp/folio-hosted-queue-1622d9963f2d480fad43029d01951ab1/iphone/dd/Build/Intermediates.noindex/ExplicitPrecompiledModules
    cd /tmp/folio-hosted-queue-1622d9963f2d480fad43029d01951ab1/iphone/FolioMobile.xcodeproj
    builtin-create-build-directory /tmp/folio-hosted-queue-1622d9963f2d480fad43029d01951ab1/iphone/dd/Build/Intermediates.noindex/ExplicitPrecompiledModules

CreateBuildDirectory /tmp/folio-hosted-queue-1622d9963f2d480fad43029d01951ab1/iphone/dd/Build/Intermediates.noindex/PrecompiledHeaders
    cd /tmp/folio-hosted-queue-1622d9963f2d480fad43029d01951ab1/iphone/FolioMobile.xcodeproj
    builtin-create-build-directory /tmp/folio-hosted-queue-1622d9963f2d480fad43029d01951ab1/iphone/dd/Build/Intermediates.noindex/PrecompiledHeaders

CreateBuildDirectory /tmp/folio-hosted-queue-1622d9963f2d480fad43029d01951ab1/iphone/dd/Build/Intermediates.noindex/EagerLinkingTBDs/Debug-iphonesimulator
    cd /tmp/folio-hosted-queue-1622d9963f2d480fad43029d01951ab1/iphone/FolioMobile.xcodeproj
    builtin-create-build-directory /tmp/folio-hosted-queue-1622d9963f2d480fad43029d01951ab1/iphone/dd/Build/Intermediates.noindex/EagerLinkingTBDs/Debug-iphonesimulator

WriteAuxiliaryFile /tmp/folio-hosted-queue-1622d9963f2d480fad43029d01951ab1/iphone/dd/Build/Intermediates.noindex/FolioMobile.build/Debug-iphonesimulator/FolioMobile-a00ff7f6f0435e63d009741a81bfe0b4-VFS-iphonesimulator/all-product-headers.yaml
    cd /tmp/folio-hosted-queue-1622d9963f2d480fad43029d01951ab1/iphone/FolioMobile.xcodeproj
    write-file /tmp/folio-hosted-queue-1622d9963f2d480fad43029d01951ab1/iphone/dd/Build/Intermediates.noindex/FolioMobile.build/Debug-iphonesimulator/FolioMobile-a00ff7f6f0435e63d009741a81bfe0b4-VFS-iphonesimulator/all-product-headers.yaml

WriteAuxiliaryFile /tmp/folio-hosted-queue-1622d9963f2d480fad43029d01951ab1/iphone/dd/Build/Intermediates.noindex/FolioMobile.build/Debug-iphonesimulator/FolioHostedIntegration.build/empty-FolioHostedIntegration.plist (in target 'FolioHostedIntegration' from project 'FolioMobile')
    cd /tmp/folio-hosted-queue-1622d9963f2d480fad43029d01951ab1/iphone
    write-file /tmp/folio-hosted-queue-1622d9963f2d480fad43029d01951ab1/iphone/dd/Build/Intermediates.noindex/FolioMobile.build/Debug-iphonesimulator/FolioHostedIntegration.build/empty-FolioHostedIntegration.plist

WriteAuxiliaryFile /tmp/folio-hosted-queue-1622d9963f2d480fad43029d01951ab1/iphone/dd/Build/Intermediates.noindex/FolioMobile.build/Debug-iphonesimulator/FolioMobile.build/Objects-normal/x86_64/FolioMobile-OutputFileMap.json (in target 'FolioMobile' from project 'FolioMobile')
    cd /tmp/folio-hosted-queue-1622d9963f2d480fad43029d01951ab1/iphone
    write-file /tmp/folio-hosted-queue-1622d9963f2d480fad43029d01951ab1/iphone/dd/Build/Intermediates.noindex/FolioMobile.build/Debug-iphonesimulator/FolioMobile.build/Objects-normal/x86_64/FolioMobile-OutputFileMap.json

WriteAuxiliaryFile /tmp/folio-hosted-queue-1622d9963f2d480fad43029d01951ab1/iphone/dd/Build/Intermediates.noindex/FolioMobile.build/Debug-iphonesimulator/FolioHostedIntegration.build/Objects-normal/arm64/FolioHostedIntegration-OutputFileMap.json (in target 'FolioHostedIntegration' from project 'FolioMobile')
    cd /tmp/folio-hosted-queue-1622d9963f2d480fad43029d01951ab1/iphone
    write-file /tmp/folio-hosted-queue-1622d9963f2d480fad43029d01951ab1/iphone/dd/Build/Intermediates.noindex/FolioMobile.build/Debug-iphonesimulator/FolioHostedIntegration.build/Objects-normal/arm64/FolioHostedIntegration-OutputFileMap.json

WriteAuxiliaryFile /tmp/folio-hosted-queue-1622d9963f2d480fad43029d01951ab1/iphone/dd/Build/Intermediates.noindex/FolioMobile.build/Debug-iphonesimulator/FolioMobile.build/Objects-normal/x86_64/Folio.SwiftFileList (in target 'FolioMobile' from project 'FolioMobile')
    cd /tmp/folio-hosted-queue-1622d9963f2d480fad43029d01951ab1/iphone
    write-file /tmp/folio-hosted-queue-1622d9963f2d480fad43029d01951ab1/iphone/dd/Build/Intermediates.noindex/FolioMobile.build/Debug-iphonesimulator/FolioMobile.build/Objects-normal/x86_64/Folio.SwiftFileList

WriteAuxiliaryFile /tmp/folio-hosted-queue-1622d9963f2d480fad43029d01951ab1/iphone/dd/Build/Intermediates.noindex/FolioMobile.build/Debug-iphonesimulator/FolioMobile.build/Objects-normal/x86_64/Folio.SwiftConstValuesFileList (in target 'FolioMobile' from project 'FolioMobile')
    cd /tmp/folio-hosted-queue-1622d9963f2d480fad43029d01951ab1/iphone
    write-file /tmp/folio-hosted-queue-1622d9963f2d480fad43029d01951ab1/iphone/dd/Build/Intermediates.noindex/FolioMobile.build/Debug-iphonesimulator/FolioMobile.build/Objects-normal/x86_64/Folio.SwiftConstValuesFileList

WriteAuxiliaryFile /tmp/folio-hosted-queue-1622d9963f2d480fad43029d01951ab1/iphone/dd/Build/Intermediates.noindex/FolioMobile.build/Debug-iphonesimulator/FolioHostedIntegration.build/Objects-normal/x86_64/FolioHostedIntegration_const_extract_protocols.json (in target 'FolioHostedIntegration' from project 'FolioMobile')
    cd /tmp/folio-hosted-queue-1622d9963f2d480fad43029d01951ab1/iphone
    write-file /tmp/folio-hosted-queue-1622d9963f2d480fad43029d01951ab1/iphone/dd/Build/Intermediates.noindex/FolioMobile.build/Debug-iphonesimulator/FolioHostedIntegration.build/Objects-normal/x86_64/FolioHostedIntegration_const_extract_protocols.json

WriteAuxiliaryFile /tmp/folio-hosted-queue-1622d9963f2d480fad43029d01951ab1/iphone/dd/Build/Intermediates.noindex/FolioMobile.build/Debug-iphonesimulator/FolioMobile.build/Objects-normal/x86_64/FolioMobile_const_extract_protocols.json (in target 'FolioMobile' from project 'FolioMobile')
    cd /tmp/folio-hosted-queue-1622d9963f2d480fad43029d01951ab1/iphone
    write-file /tmp/folio-hosted-queue-1622d9963f2d480fad43029d01951ab1/iphone/dd/Build/Intermediates.noindex/FolioMobile.build/Debug-iphonesimulator/FolioMobile.build/Objects-normal/x86_64/FolioMobile_const_extract_protocols.json

WriteAuxiliaryFile /tmp/folio-hosted-queue-1622d9963f2d480fad43029d01951ab1/iphone/dd/Build/Intermediates.noindex/FolioMobile.build/Debug-iphonesimulator/FolioHostedIntegration.build/Objects-normal/x86_64/FolioHostedIntegration-OutputFileMap.json (in target 'FolioHostedIntegration' from project 'FolioMobile')
    cd /tmp/folio-hosted-queue-1622d9963f2d480fad43029d01951ab1/iphone
    write-file /tmp/folio-hosted-queue-1622d9963f2d480fad43029d01951ab1/iphone/dd/Build/Intermediates.noindex/FolioMobile.build/Debug-iphonesimulator/FolioHostedIntegration.build/Objects-normal/x86_64/FolioHostedIntegration-OutputFileMap.json

WriteAuxiliaryFile /tmp/folio-hosted-queue-1622d9963f2d480fad43029d01951ab1/iphone/dd/Build/Intermediates.noindex/FolioMobile.build/Debug-iphonesimulator/FolioHostedIntegration.build/Objects-normal/arm64/FolioHostedIntegration_const_extract_protocols.json (in target 'FolioHostedIntegration' from project 'FolioMobile')
    cd /tmp/folio-hosted-queue-1622d9963f2d480fad43029d01951ab1/iphone
    write-file /tmp/folio-hosted-queue-1622d9963f2d480fad43029d01951ab1/iphone/dd/Build/Intermediates.noindex/FolioMobile.build/Debug-iphonesimulator/FolioHostedIntegration.build/Objects-normal/arm64/FolioHostedIntegration_const_extract_protocols.json

WriteAuxiliaryFile /tmp/folio-hosted-queue-1622d9963f2d480fad43029d01951ab1/iphone/dd/Build/Intermediates.noindex/FolioMobile.build/Debug-iphonesimulator/FolioHostedIntegration.build/Objects-normal/x86_64/FolioHostedIntegration.LinkFileList (in target 'FolioHostedIntegration' from project 'FolioMobile')
    cd /tmp/folio-hosted-queue-1622d9963f2d480fad43029d01951ab1/iphone
    write-file /tmp/folio-hosted-queue-1622d9963f2d480fad43029d01951ab1/iphone/dd/Build/Intermediates.noindex/FolioMobile.build/Debug-iphonesimulator/FolioHostedIntegration.build/Objects-normal/x86_64/FolioHostedIntegration.LinkFileList

WriteAuxiliaryFile /tmp/folio-hosted-queue-1622d9963f2d480fad43029d01951ab1/iphone/dd/Build/Intermediates.noindex/FolioMobile.build/Debug-iphonesimulator/FolioMobile.build/Objects-normal/x86_64/Folio.LinkFileList (in target 'FolioMobile' from project 'FolioMobile')
    cd /tmp/folio-hosted-queue-1622d9963f2d480fad43029d01951ab1/iphone
    write-file /tmp/folio-hosted-queue-1622d9963f2d480fad43029d01951ab1/iphone/dd/Build/Intermediates.noindex/FolioMobile.build/Debug-iphonesimulator/FolioMobile.build/Objects-normal/x86_64/Folio.LinkFileList

WriteAuxiliaryFile /tmp/folio-hosted-queue-1622d9963f2d480fad43029d01951ab1/iphone/dd/Build/Intermediates.noindex/FolioMobile.build/Debug-iphonesimulator/FolioMobile.build/Objects-normal/arm64/FolioMobile_const_extract_protocols.json (in target 'FolioMobile' from project 'FolioMobile')
    cd /tmp/folio-hosted-queue-1622d9963f2d480fad43029d01951ab1/iphone
    write-file /tmp/folio-hosted-queue-1622d9963f2d480fad43029d01951ab1/iphone/dd/Build/Intermediates.noindex/FolioMobile.build/Debug-iphonesimulator/FolioMobile.build/Objects-normal/arm64/FolioMobile_const_extract_protocols.json

WriteAuxiliaryFile /tmp/folio-hosted-queue-1622d9963f2d480fad43029d01951ab1/iphone/dd/Build/Intermediates.noindex/FolioMobile.build/Debug-iphonesimulator/FolioMobile.build/Objects-normal/arm64/Folio.SwiftFileList (in target 'FolioMobile' from project 'FolioMobile')
    cd /tmp/folio-hosted-queue-1622d9963f2d480fad43029d01951ab1/iphone
    write-file /tmp/folio-hosted-queue-1622d9963f2d480fad43029d01951ab1/iphone/dd/Build/Intermediates.noindex/FolioMobile.build/Debug-iphonesimulator/FolioMobile.build/Objects-normal/arm64/Folio.SwiftFileList

WriteAuxiliaryFile /tmp/folio-hosted-queue-1622d9963f2d480fad43029d01951ab1/iphone/dd/Build/Intermediates.noindex/FolioMobile.build/Debug-iphonesimulator/FolioMobile.build/Objects-normal/arm64/FolioMobile-OutputFileMap.json (in target 'FolioMobile' from project 'FolioMobile')
    cd /tmp/folio-hosted-queue-1622d9963f2d480fad43029d01951ab1/iphone
    write-file /tmp/folio-hosted-queue-1622d9963f2d480fad43029d01951ab1/iphone/dd/Build/Intermediates.noindex/FolioMobile.build/Debug-iphonesimulator/FolioMobile.build/Objects-normal/arm64/FolioMobile-OutputFileMap.json

WriteAuxiliaryFile /tmp/folio-hosted-queue-1622d9963f2d480fad43029d01951ab1/iphone/dd/Build/Intermediates.noindex/FolioMobile.build/Debug-iphonesimulator/FolioMobile.build/Objects-normal/arm64/Folio.SwiftConstValuesFileList (in target 'FolioMobile' from project 'FolioMobile')
    cd /tmp/folio-hosted-queue-1622d9963f2d480fad43029d01951ab1/iphone
    write-file /tmp/folio-hosted-queue-1622d9963f2d480fad43029d01951ab1/iphone/dd/Build/Intermediates.noindex/FolioMobile.build/Debug-iphonesimulator/FolioMobile.build/Objects-normal/arm64/Folio.SwiftConstValuesFileList

WriteAuxiliaryFile /tmp/folio-hosted-queue-1622d9963f2d480fad43029d01951ab1/iphone/dd/Build/Intermediates.noindex/FolioMobile.build/Debug-iphonesimulator/FolioMobile.build/Objects-normal/arm64/Folio.LinkFileList (in target 'FolioMobile' from project 'FolioMobile')
    cd /tmp/folio-hosted-queue-1622d9963f2d480fad43029d01951ab1/iphone
    write-file /tmp/folio-hosted-queue-1622d9963f2d480fad43029d01951ab1/iphone/dd/Build/Intermediates.noindex/FolioMobile.build/Debug-iphonesimulator/FolioMobile.build/Objects-normal/arm64/Folio.LinkFileList

WriteAuxiliaryFile /tmp/folio-hosted-queue-1622d9963f2d480fad43029d01951ab1/iphone/dd/Build/Intermediates.noindex/FolioMobile.build/Debug-iphonesimulator/FolioMobile.build/Folio.DependencyStaticMetadataFileList (in target 'FolioMobile' from project 'FolioMobile')
    cd /tmp/folio-hosted-queue-1622d9963f2d480fad43029d01951ab1/iphone
    write-file /tmp/folio-hosted-queue-1622d9963f2d480fad43029d01951ab1/iphone/dd/Build/Intermediates.noindex/FolioMobile.build/Debug-iphonesimulator/FolioMobile.build/Folio.DependencyStaticMetadataFileList

WriteAuxiliaryFile /tmp/folio-hosted-queue-1622d9963f2d480fad43029d01951ab1/iphone/dd/Build/Intermediates.noindex/FolioMobile.build/Debug-iphonesimulator/FolioMobile.build/Folio.hmap (in target 'FolioMobile' from project 'FolioMobile')
    cd /tmp/folio-hosted-queue-1622d9963f2d480fad43029d01951ab1/iphone
    write-file /tmp/folio-hosted-queue-1622d9963f2d480fad43029d01951ab1/iphone/dd/Build/Intermediates.noindex/FolioMobile.build/Debug-iphonesimulator/FolioMobile.build/Folio.hmap

WriteAuxiliaryFile /tmp/folio-hosted-queue-1622d9963f2d480fad43029d01951ab1/iphone/dd/Build/Intermediates.noindex/FolioMobile.build/Debug-iphonesimulator/FolioMobile.build/Folio-project-headers.hmap (in target 'FolioMobile' from project 'FolioMobile')
    cd /tmp/folio-hosted-queue-1622d9963f2d480fad43029d01951ab1/iphone
    write-file /tmp/folio-hosted-queue-1622d9963f2d480fad43029d01951ab1/iphone/dd/Build/Intermediates.noindex/FolioMobile.build/Debug-iphonesimulator/FolioMobile.build/Folio-project-headers.hmap

WriteAuxiliaryFile /tmp/folio-hosted-queue-1622d9963f2d480fad43029d01951ab1/iphone/dd/Build/Intermediates.noindex/FolioMobile.build/Debug-iphonesimulator/FolioMobile.build/Folio.DependencyMetadataFileList (in target 'FolioMobile' from project 'FolioMobile')
    cd /tmp/folio-hosted-queue-1622d9963f2d480fad43029d01951ab1/iphone
    write-file /tmp/folio-hosted-queue-1622d9963f2d480fad43029d01951ab1/iphone/dd/Build/Intermediates.noindex/FolioMobile.build/Debug-iphonesimulator/FolioMobile.build/Folio.DependencyMetadataFileList

WriteAuxiliaryFile /tmp/folio-hosted-queue-1622d9963f2d480fad43029d01951ab1/iphone/dd/Build/Intermediates.noindex/FolioMobile.build/Debug-iphonesimulator/FolioMobile.build/Folio-own-target-headers.hmap (in target 'FolioMobile' from project 'FolioMobile')
    cd /tmp/folio-hosted-queue-1622d9963f2d480fad43029d01951ab1/iphone
    write-file /tmp/folio-hosted-queue-1622d9963f2d480fad43029d01951ab1/iphone/dd/Build/Intermediates.noindex/FolioMobile.build/Debug-iphonesimulator/FolioMobile.build/Folio-own-target-headers.hmap

WriteAuxiliaryFile /tmp/folio-hosted-queue-1622d9963f2d480fad43029d01951ab1/iphone/dd/Build/Intermediates.noindex/FolioMobile.build/Debug-iphonesimulator/FolioMobile.build/Folio-generated-files.hmap (in target 'FolioMobile' from project 'FolioMobile')
    cd /tmp/folio-hosted-queue-1622d9963f2d480fad43029d01951ab1/iphone
    write-file /tmp/folio-hosted-queue-1622d9963f2d480fad43029d01951ab1/iphone/dd/Build/Intermediates.noindex/FolioMobile.build/Debug-iphonesimulator/FolioMobile.build/Folio-generated-files.hmap

WriteAuxiliaryFile /tmp/folio-hosted-queue-1622d9963f2d480fad43029d01951ab1/iphone/dd/Build/Intermediates.noindex/FolioMobile.build/Debug-iphonesimulator/FolioMobile.build/Folio-all-target-headers.hmap (in target 'FolioMobile' from project 'FolioMobile')
    cd /tmp/folio-hosted-queue-1622d9963f2d480fad43029d01951ab1/iphone
    write-file /tmp/folio-hosted-queue-1622d9963f2d480fad43029d01951ab1/iphone/dd/Build/Intermediates.noindex/FolioMobile.build/Debug-iphonesimulator/FolioMobile.build/Folio-all-target-headers.hmap

WriteAuxiliaryFile /tmp/folio-hosted-queue-1622d9963f2d480fad43029d01951ab1/iphone/dd/Build/Intermediates.noindex/FolioMobile.build/Debug-iphonesimulator/FolioMobile.build/Folio-DebugDylibPath-normal-x86_64.txt (in target 'FolioMobile' from project 'FolioMobile')
    cd /tmp/folio-hosted-queue-1622d9963f2d480fad43029d01951ab1/iphone
    write-file /tmp/folio-hosted-queue-1622d9963f2d480fad43029d01951ab1/iphone/dd/Build/Intermediates.noindex/FolioMobile.build/Debug-iphonesimulator/FolioMobile.build/Folio-DebugDylibPath-normal-x86_64.txt

WriteAuxiliaryFile /tmp/folio-hosted-queue-1622d9963f2d480fad43029d01951ab1/iphone/dd/Build/Intermediates.noindex/FolioMobile.build/Debug-iphonesimulator/FolioMobile.build/Folio-all-non-framework-target-headers.hmap (in target 'FolioMobile' from project 'FolioMobile')
    cd /tmp/folio-hosted-queue-1622d9963f2d480fad43029d01951ab1/iphone
    write-file /tmp/folio-hosted-queue-1622d9963f2d480fad43029d01951ab1/iphone/dd/Build/Intermediates.noindex/FolioMobile.build/Debug-iphonesimulator/FolioMobile.build/Folio-all-non-framework-target-headers.hmap

WriteAuxiliaryFile /tmp/folio-hosted-queue-1622d9963f2d480fad43029d01951ab1/iphone/dd/Build/Intermediates.noindex/FolioMobile.build/Debug-iphonesimulator/FolioMobile.build/Folio-DebugDylibPath-normal-arm64.txt (in target 'FolioMobile' from project 'FolioMobile')
    cd /tmp/folio-hosted-queue-1622d9963f2d480fad43029d01951ab1/iphone
    write-file /tmp/folio-hosted-queue-1622d9963f2d480fad43029d01951ab1/iphone/dd/Build/Intermediates.noindex/FolioMobile.build/Debug-iphonesimulator/FolioMobile.build/Folio-DebugDylibPath-normal-arm64.txt

WriteAuxiliaryFile /tmp/folio-hosted-queue-1622d9963f2d480fad43029d01951ab1/iphone/dd/Build/Intermediates.noindex/FolioMobile.build/Debug-iphonesimulator/FolioMobile.build/Folio-DebugDylibInstallName-normal-x86_64.txt (in target 'FolioMobile' from project 'FolioMobile')
    cd /tmp/folio-hosted-queue-1622d9963f2d480fad43029d01951ab1/iphone
    write-file /tmp/folio-hosted-queue-1622d9963f2d480fad43029d01951ab1/iphone/dd/Build/Intermediates.noindex/FolioMobile.build/Debug-iphonesimulator/FolioMobile.build/Folio-DebugDylibInstallName-normal-x86_64.txt

WriteAuxiliaryFile /tmp/folio-hosted-queue-1622d9963f2d480fad43029d01951ab1/iphone/dd/Build/Intermediates.noindex/FolioMobile.build/Debug-iphonesimulator/FolioMobile.build/Folio-DebugDylibInstallName-normal-arm64.txt (in target 'FolioMobile' from project 'FolioMobile')
    cd /tmp/folio-hosted-queue-1622d9963f2d480fad43029d01951ab1/iphone
    write-file /tmp/folio-hosted-queue-1622d9963f2d480fad43029d01951ab1/iphone/dd/Build/Intermediates.noindex/FolioMobile.build/Debug-iphonesimulator/FolioMobile.build/Folio-DebugDylibInstallName-normal-arm64.txt

WriteAuxiliaryFile /tmp/folio-hosted-queue-1622d9963f2d480fad43029d01951ab1/iphone/dd/Build/Intermediates.noindex/FolioMobile.build/Debug-iphonesimulator/FolioHostedIntegration.build/Objects-normal/x86_64/FolioHostedIntegration.SwiftFileList (in target 'FolioHostedIntegration' from project 'FolioMobile')
    cd /tmp/folio-hosted-queue-1622d9963f2d480fad43029d01951ab1/iphone
    write-file /tmp/folio-hosted-queue-1622d9963f2d480fad43029d01951ab1/iphone/dd/Build/Intermediates.noindex/FolioMobile.build/Debug-iphonesimulator/FolioHostedIntegration.build/Objects-normal/x86_64/FolioHostedIntegration.SwiftFileList

WriteAuxiliaryFile /tmp/folio-hosted-queue-1622d9963f2d480fad43029d01951ab1/iphone/dd/Build/Intermediates.noindex/FolioMobile.build/Debug-iphonesimulator/FolioHostedIntegration.build/Objects-normal/x86_64/FolioHostedIntegration.SwiftConstValuesFileList (in target 'FolioHostedIntegration' from project 'FolioMobile')
    cd /tmp/folio-hosted-queue-1622d9963f2d480fad43029d01951ab1/iphone
    write-file /tmp/folio-hosted-queue-1622d9963f2d480fad43029d01951ab1/iphone/dd/Build/Intermediates.noindex/FolioMobile.build/Debug-iphonesimulator/FolioHostedIntegration.build/Objects-normal/x86_64/FolioHostedIntegration.SwiftConstValuesFileList

WriteAuxiliaryFile /tmp/folio-hosted-queue-1622d9963f2d480fad43029d01951ab1/iphone/dd/Build/Intermediates.noindex/FolioMobile.build/Debug-iphonesimulator/FolioHostedIntegration.build/Objects-normal/arm64/FolioHostedIntegration.SwiftFileList (in target 'FolioHostedIntegration' from project 'FolioMobile')
    cd /tmp/folio-hosted-queue-1622d9963f2d480fad43029d01951ab1/iphone
    write-file /tmp/folio-hosted-queue-1622d9963f2d480fad43029d01951ab1/iphone/dd/Build/Intermediates.noindex/FolioMobile.build/Debug-iphonesimulator/FolioHostedIntegration.build/Objects-normal/arm64/FolioHostedIntegration.SwiftFileList

WriteAuxiliaryFile /tmp/folio-hosted-queue-1622d9963f2d480fad43029d01951ab1/iphone/dd/Build/Intermediates.noindex/FolioMobile.build/Debug-iphonesimulator/FolioHostedIntegration.build/Objects-normal/arm64/FolioHostedIntegration.SwiftConstValuesFileList (in target 'FolioHostedIntegration' from project 'FolioMobile')
    cd /tmp/folio-hosted-queue-1622d9963f2d480fad43029d01951ab1/iphone
    write-file /tmp/folio-hosted-queue-1622d9963f2d480fad43029d01951ab1/iphone/dd/Build/Intermediates.noindex/FolioMobile.build/Debug-iphonesimulator/FolioHostedIntegration.build/Objects-normal/arm64/FolioHostedIntegration.SwiftConstValuesFileList

WriteAuxiliaryFile /tmp/folio-hosted-queue-1622d9963f2d480fad43029d01951ab1/iphone/dd/Build/Intermediates.noindex/FolioMobile.build/Debug-iphonesimulator/FolioHostedIntegration.build/Objects-normal/arm64/FolioHostedIntegration.LinkFileList (in target 'FolioHostedIntegration' from project 'FolioMobile')
    cd /tmp/folio-hosted-queue-1622d9963f2d480fad43029d01951ab1/iphone
    write-file /tmp/folio-hosted-queue-1622d9963f2d480fad43029d01951ab1/iphone/dd/Build/Intermediates.noindex/FolioMobile.build/Debug-iphonesimulator/FolioHostedIntegration.build/Objects-normal/arm64/FolioHostedIntegration.LinkFileList

WriteAuxiliaryFile /tmp/folio-hosted-queue-1622d9963f2d480fad43029d01951ab1/iphone/dd/Build/Intermediates.noindex/FolioMobile.build/Debug-iphonesimulator/FolioHostedIntegration.build/FolioHostedIntegration.hmap (in target 'FolioHostedIntegration' from project 'FolioMobile')
    cd /tmp/folio-hosted-queue-1622d9963f2d480fad43029d01951ab1/iphone
    write-file /tmp/folio-hosted-queue-1622d9963f2d480fad43029d01951ab1/iphone/dd/Build/Intermediates.noindex/FolioMobile.build/Debug-iphonesimulator/FolioHostedIntegration.build/FolioHostedIntegration.hmap

WriteAuxiliaryFile /tmp/folio-hosted-queue-1622d9963f2d480fad43029d01951ab1/iphone/dd/Build/Intermediates.noindex/FolioMobile.build/Debug-iphonesimulator/FolioHostedIntegration.build/FolioHostedIntegration.DependencyMetadataFileList (in target 'FolioHostedIntegration' from project 'FolioMobile')
    cd /tmp/folio-hosted-queue-1622d9963f2d480fad43029d01951ab1/iphone
    write-file /tmp/folio-hosted-queue-1622d9963f2d480fad43029d01951ab1/iphone/dd/Build/Intermediates.noindex/FolioMobile.build/Debug-iphonesimulator/FolioHostedIntegration.build/FolioHostedIntegration.DependencyMetadataFileList

WriteAuxiliaryFile /tmp/folio-hosted-queue-1622d9963f2d480fad43029d01951ab1/iphone/dd/Build/Intermediates.noindex/FolioMobile.build/Debug-iphonesimulator/FolioHostedIntegration.build/FolioHostedIntegration.DependencyStaticMetadataFileList (in target 'FolioHostedIntegration' from project 'FolioMobile')
    cd /tmp/folio-hosted-queue-1622d9963f2d480fad43029d01951ab1/iphone
    write-file /tmp/folio-hosted-queue-1622d9963f2d480fad43029d01951ab1/iphone/dd/Build/Intermediates.noindex/FolioMobile.build/Debug-iphonesimulator/FolioHostedIntegration.build/FolioHostedIntegration.DependencyStaticMetadataFileList

WriteAuxiliaryFile /tmp/folio-hosted-queue-1622d9963f2d480fad43029d01951ab1/iphone/dd/Build/Intermediates.noindex/FolioMobile.build/Debug-iphonesimulator/FolioHostedIntegration.build/FolioHostedIntegration-project-headers.hmap (in target 'FolioHostedIntegration' from project 'FolioMobile')
    cd /tmp/folio-hosted-queue-1622d9963f2d480fad43029d01951ab1/iphone
    write-file /tmp/folio-hosted-queue-1622d9963f2d480fad43029d01951ab1/iphone/dd/Build/Intermediates.noindex/FolioMobile.build/Debug-iphonesimulator/FolioHostedIntegration.build/FolioHostedIntegration-project-headers.hmap

WriteAuxiliaryFile /tmp/folio-hosted-queue-1622d9963f2d480fad43029d01951ab1/iphone/dd/Build/Intermediates.noindex/FolioMobile.build/Debug-iphonesimulator/FolioHostedIntegration.build/FolioHostedIntegration-own-target-headers.hmap (in target 'FolioHostedIntegration' from project 'FolioMobile')
    cd /tmp/folio-hosted-queue-1622d9963f2d480fad43029d01951ab1/iphone
    write-file /tmp/folio-hosted-queue-1622d9963f2d480fad43029d01951ab1/iphone/dd/Build/Intermediates.noindex/FolioMobile.build/Debug-iphonesimulator/FolioHostedIntegration.build/FolioHostedIntegration-own-target-headers.hmap

WriteAuxiliaryFile /tmp/folio-hosted-queue-1622d9963f2d480fad43029d01951ab1/iphone/dd/Build/Intermediates.noindex/FolioMobile.build/Debug-iphonesimulator/FolioHostedIntegration.build/FolioHostedIntegration-generated-files.hmap (in target 'FolioHostedIntegration' from project 'FolioMobile')
    cd /tmp/folio-hosted-queue-1622d9963f2d480fad43029d01951ab1/iphone
    write-file /tmp/folio-hosted-queue-1622d9963f2d480fad43029d01951ab1/iphone/dd/Build/Intermediates.noindex/FolioMobile.build/Debug-iphonesimulator/FolioHostedIntegration.build/FolioHostedIntegration-generated-files.hmap

WriteAuxiliaryFile /tmp/folio-hosted-queue-1622d9963f2d480fad43029d01951ab1/iphone/dd/Build/Intermediates.noindex/FolioMobile.build/Debug-iphonesimulator/FolioHostedIntegration.build/FolioHostedIntegration-all-target-headers.hmap (in target 'FolioHostedIntegration' from project 'FolioMobile')
    cd /tmp/folio-hosted-queue-1622d9963f2d480fad43029d01951ab1/iphone
    write-file /tmp/folio-hosted-queue-1622d9963f2d480fad43029d01951ab1/iphone/dd/Build/Intermediates.noindex/FolioMobile.build/Debug-iphonesimulator/FolioHostedIntegration.build/FolioHostedIntegration-all-target-headers.hmap

WriteAuxiliaryFile /tmp/folio-hosted-queue-1622d9963f2d480fad43029d01951ab1/iphone/dd/Build/Intermediates.noindex/FolioMobile.build/Debug-iphonesimulator/FolioHostedIntegration.build/FolioHostedIntegration-all-non-framework-target-headers.hmap (in target 'FolioHostedIntegration' from project 'FolioMobile')
    cd /tmp/folio-hosted-queue-1622d9963f2d480fad43029d01951ab1/iphone
    write-file /tmp/folio-hosted-queue-1622d9963f2d480fad43029d01951ab1/iphone/dd/Build/Intermediates.noindex/FolioMobile.build/Debug-iphonesimulator/FolioHostedIntegration.build/FolioHostedIntegration-all-non-framework-target-headers.hmap

MkDir /tmp/folio-hosted-queue-1622d9963f2d480fad43029d01951ab1/iphone/dd/Build/Products/Debug-iphonesimulator/Folio.app (in target 'FolioMobile' from project 'FolioMobile')
    cd /tmp/folio-hosted-queue-1622d9963f2d480fad43029d01951ab1/iphone
    /bin/mkdir -p /tmp/folio-hosted-queue-1622d9963f2d480fad43029d01951ab1/iphone/dd/Build/Products/Debug-iphonesimulator/Folio.app

MkDir /tmp/folio-hosted-queue-1622d9963f2d480fad43029d01951ab1/iphone/dd/Build/Products/Debug-iphonesimulator/Folio.app/PlugIns (in target 'FolioMobile' from project 'FolioMobile')
    cd /tmp/folio-hosted-queue-1622d9963f2d480fad43029d01951ab1/iphone
    /bin/mkdir -p /tmp/folio-hosted-queue-1622d9963f2d480fad43029d01951ab1/iphone/dd/Build/Products/Debug-iphonesimulator/Folio.app/PlugIns

MkDir /tmp/folio-hosted-queue-1622d9963f2d480fad43029d01951ab1/iphone/dd/Build/Products/Debug-iphonesimulator/Folio.app/PlugIns/FolioHostedIntegration.xctest (in target 'FolioHostedIntegration' from project 'FolioMobile')
    cd /tmp/folio-hosted-queue-1622d9963f2d480fad43029d01951ab1/iphone
    /bin/mkdir -p /tmp/folio-hosted-queue-1622d9963f2d480fad43029d01951ab1/iphone/dd/Build/Products/Debug-iphonesimulator/Folio.app/PlugIns/FolioHostedIntegration.xctest

MkDir /tmp/folio-hosted-queue-1622d9963f2d480fad43029d01951ab1/iphone/dd/Build/Intermediates.noindex/FolioMobile.build/Debug-iphonesimulator/FolioMobile.build/assetcatalog_output/unthinned (in target 'FolioMobile' from project 'FolioMobile')
    cd /tmp/folio-hosted-queue-1622d9963f2d480fad43029d01951ab1/iphone
    /bin/mkdir -p /tmp/folio-hosted-queue-1622d9963f2d480fad43029d01951ab1/iphone/dd/Build/Intermediates.noindex/FolioMobile.build/Debug-iphonesimulator/FolioMobile.build/assetcatalog_output/unthinned

MkDir /tmp/folio-hosted-queue-1622d9963f2d480fad43029d01951ab1/iphone/dd/Build/Intermediates.noindex/FolioMobile.build/Debug-iphonesimulator/FolioMobile.build/assetcatalog_output/thinned (in target 'FolioMobile' from project 'FolioMobile')
    cd /tmp/folio-hosted-queue-1622d9963f2d480fad43029d01951ab1/iphone
    /bin/mkdir -p /tmp/folio-hosted-queue-1622d9963f2d480fad43029d01951ab1/iphone/dd/Build/Intermediates.noindex/FolioMobile.build/Debug-iphonesimulator/FolioMobile.build/assetcatalog_output/thinned

CpResource /tmp/folio-hosted-queue-1622d9963f2d480fad43029d01951ab1/iphone/dd/Build/Products/Debug-iphonesimulator/Folio.app/THIRD-PARTY-NOTICES.txt /Users/tianli/Library/Caches/sim-lane/platform-measure/sim-lane-build.e6982c0791732bfce73b18268bda234214598f596023b7e4fb5e4d72f08f88e6/sim-lane-build.ixvqzr98/src/Resources/THIRD-PARTY-NOTICES.txt (in target 'FolioMobile' from project 'FolioMobile')
    cd /tmp/folio-hosted-queue-1622d9963f2d480fad43029d01951ab1/iphone
    builtin-copy -exclude .DS_Store -exclude CVS -exclude .svn -exclude .git -exclude .hg -resolve-src-symlinks /Users/tianli/Library/Caches/sim-lane/platform-measure/sim-lane-build.e6982c0791732bfce73b18268bda234214598f596023b7e4fb5e4d72f08f88e6/sim-lane-build.ixvqzr98/src/Resources/THIRD-PARTY-NOTICES.txt /tmp/folio-hosted-queue-1622d9963f2d480fad43029d01951ab1/iphone/dd/Build/Products/Debug-iphonesimulator/Folio.app

GenerateAssetSymbols /Users/tianli/Library/Caches/sim-lane/platform-measure/sim-lane-build.e6982c0791732bfce73b18268bda234214598f596023b7e4fb5e4d72f08f88e6/sim-lane-build.ixvqzr98/src/ios/01-源程序/Resources/Assets.xcassets (in target 'FolioMobile' from project 'FolioMobile')
    cd /tmp/folio-hosted-queue-1622d9963f2d480fad43029d01951ab1/iphone
    /Applications/Xcode.app/Contents/Developer/usr/bin/actool /Users/tianli/Library/Caches/sim-lane/platform-measure/sim-lane-build.e6982c0791732bfce73b18268bda234214598f596023b7e4fb5e4d72f08f88e6/sim-lane-build.ixvqzr98/src/ios/01-源程序/Resources/Assets.xcassets --compile /tmp/folio-hosted-queue-1622d9963f2d480fad43029d01951ab1/iphone/dd/Build/Products/Debug-iphonesimulator/Folio.app --output-format human-readable-text --notices --warnings --export-dependency-info /tmp/folio-hosted-queue-1622d9963f2d480fad43029d01951ab1/iphone/dd/Build/Intermediates.noindex/FolioMobile.build/Debug-iphonesimulator/FolioMobile.build/assetcatalog_dependencies --output-partial-info-plist /tmp/folio-hosted-queue-1622d9963f2d480fad43029d01951ab1/iphone/dd/Build/Intermediates.noindex/FolioMobile.build/Debug-iphonesimulator/FolioMobile.build/assetcatalog_generated_info.plist --app-icon AppIcon --compress-pngs --enable-on-demand-resources YES --development-region en --target-device iphone --target-device ipad --minimum-deployment-target 18.0 --platform iphonesimulator --bundle-identifier cyou.tianli.TLMarkdown.mobile --generate-swift-asset-symbol-extensions NO --generate-swift-asset-symbols /tmp/folio-hosted-queue-1622d9963f2d480fad43029d01951ab1/iphone/dd/Build/Intermediates.noindex/FolioMobile.build/Debug-iphonesimulator/FolioMobile.build/DerivedSources/GeneratedAssetSymbols.swift --generate-objc-asset-symbols /tmp/folio-hosted-queue-1622d9963f2d480fad43029d01951ab1/iphone/dd/Build/Intermediates.noindex/FolioMobile.build/Debug-iphonesimulator/FolioMobile.build/DerivedSources/GeneratedAssetSymbols.h --generate-asset-symbol-index /tmp/folio-hosted-queue-1622d9963f2d480fad43029d01951ab1/iphone/dd/Build/Intermediates.noindex/FolioMobile.build/Debug-iphonesimulator/FolioMobile.build/DerivedSources/GeneratedAssetSymbols-Index.plist
/* com.apple.actool.compilation-results */
/tmp/folio-hosted-queue-1622d9963f2d480fad43029d01951ab1/iphone/dd/Build/Intermediates.noindex/FolioMobile.build/Debug-iphonesimulator/FolioMobile.build/DerivedSources/GeneratedAssetSymbols-Index.plist
/tmp/folio-hosted-queue-1622d9963f2d480fad43029d01951ab1/iphone/dd/Build/Intermediates.noindex/FolioMobile.build/Debug-iphonesimulator/FolioMobile.build/DerivedSources/GeneratedAssetSymbols.h
/tmp/folio-hosted-queue-1622d9963f2d480fad43029d01951ab1/iphone/dd/Build/Intermediates.noindex/FolioMobile.build/Debug-iphonesimulator/FolioMobile.build/DerivedSources/GeneratedAssetSymbols.swift


CpResource /tmp/folio-hosted-queue-1622d9963f2d480fad43029d01951ab1/iphone/dd/Build/Products/Debug-iphonesimulator/Folio.app/demo.md /Users/tianli/Library/Caches/sim-lane/platform-measure/sim-lane-build.e6982c0791732bfce73b18268bda234214598f596023b7e4fb5e4d72f08f88e6/sim-lane-build.ixvqzr98/src/ios/01-源程序/Fixtures/demo.md (in target 'FolioMobile' from project 'FolioMobile')
    cd /tmp/folio-hosted-queue-1622d9963f2d480fad43029d01951ab1/iphone
    builtin-copy -exclude .DS_Store -exclude CVS -exclude .svn -exclude .git -exclude .hg -resolve-src-symlinks /Users/tianli/Library/Caches/sim-lane/platform-measure/sim-lane-build.e6982c0791732bfce73b18268bda234214598f596023b7e4fb5e4d72f08f88e6/sim-lane-build.ixvqzr98/src/ios/01-源程序/Fixtures/demo.md /tmp/folio-hosted-queue-1622d9963f2d480fad43029d01951ab1/iphone/dd/Build/Products/Debug-iphonesimulator/Folio.app

Ld /tmp/folio-hosted-queue-1622d9963f2d480fad43029d01951ab1/iphone/dd/Build/Intermediates.noindex/FolioMobile.build/Debug-iphonesimulator/FolioMobile.build/Objects-normal/arm64/Binary/__preview.dylib normal arm64 (in target 'FolioMobile' from project 'FolioMobile')
    cd /tmp/folio-hosted-queue-1622d9963f2d480fad43029d01951ab1/iphone
    /Applications/Xcode.app/Contents/Developer/Toolchains/XcodeDefault.xctoolchain/usr/bin/clang -Xlinker -reproducible -target arm64-apple-ios18.0-simulator -dynamiclib -isysroot /Applications/Xcode.app/Contents/Developer/Platforms/iPhoneSimulator.platform/Developer/SDKs/iPhoneSimulator27.0.sdk -O0 -Xlinker -no_warn_duplicate_libraries -L/tmp/folio-hosted-queue-1622d9963f2d480fad43029d01951ab1/iphone/dd/Build/Products/Debug-iphonesimulator -F/tmp/folio-hosted-queue-1622d9963f2d480fad43029d01951ab1/iphone/dd/Build/Products/Debug-iphonesimulator -install_name @rpath/Folio.debug.dylib -Xlinker -dead_strip -rdynamic -Xlinker -no_deduplicate -Xlinker -objc_abi_version -Xlinker 2 -Xlinker -dependency_info -Xlinker /tmp/folio-hosted-queue-1622d9963f2d480fad43029d01951ab1/iphone/dd/Build/Intermediates.noindex/FolioMobile.build/Debug-iphonesimulator/FolioMobile.build/Objects-normal/arm64/Folio_dependency_info.dat -o /tmp/folio-hosted-queue-1622d9963f2d480fad43029d01951ab1/iphone/dd/Build/Intermediates.noindex/FolioMobile.build/Debug-iphonesimulator/FolioMobile.build/Objects-normal/arm64/Binary/__preview.dylib

Ld /tmp/folio-hosted-queue-1622d9963f2d480fad43029d01951ab1/iphone/dd/Build/Intermediates.noindex/FolioMobile.build/Debug-iphonesimulator/FolioMobile.build/Objects-normal/x86_64/Binary/__preview.dylib normal x86_64 (in target 'FolioMobile' from project 'FolioMobile')
    cd /tmp/folio-hosted-queue-1622d9963f2d480fad43029d01951ab1/iphone
    /Applications/Xcode.app/Contents/Developer/Toolchains/XcodeDefault.xctoolchain/usr/bin/clang -Xlinker -reproducible -target x86_64-apple-ios18.0-simulator -dynamiclib -isysroot /Applications/Xcode.app/Contents/Developer/Platforms/iPhoneSimulator.platform/Developer/SDKs/iPhoneSimulator27.0.sdk -O0 -Xlinker -no_warn_duplicate_libraries -L/tmp/folio-hosted-queue-1622d9963f2d480fad43029d01951ab1/iphone/dd/Build/Products/Debug-iphonesimulator -F/tmp/folio-hosted-queue-1622d9963f2d480fad43029d01951ab1/iphone/dd/Build/Products/Debug-iphonesimulator -install_name @rpath/Folio.debug.dylib -Xlinker -dead_strip -rdynamic -Xlinker -no_deduplicate -Xlinker -objc_abi_version -Xlinker 2 -Xlinker -dependency_info -Xlinker /tmp/folio-hosted-queue-1622d9963f2d480fad43029d01951ab1/iphone/dd/Build/Intermediates.noindex/FolioMobile.build/Debug-iphonesimulator/FolioMobile.build/Objects-normal/x86_64/Folio_dependency_info.dat -o /tmp/folio-hosted-queue-1622d9963f2d480fad43029d01951ab1/iphone/dd/Build/Intermediates.noindex/FolioMobile.build/Debug-iphonesimulator/FolioMobile.build/Objects-normal/x86_64/Binary/__preview.dylib

CpResource /tmp/folio-hosted-queue-1622d9963f2d480fad43029d01951ab1/iphone/dd/Build/Products/Debug-iphonesimulator/Folio.app/Editor /Users/tianli/Library/Caches/sim-lane/platform-measure/sim-lane-build.e6982c0791732bfce73b18268bda234214598f596023b7e4fb5e4d72f08f88e6/sim-lane-build.ixvqzr98/src/Resources/Editor (in target 'FolioMobile' from project 'FolioMobile')
    cd /tmp/folio-hosted-queue-1622d9963f2d480fad43029d01951ab1/iphone
    builtin-copy -exclude .DS_Store -exclude CVS -exclude .svn -exclude .git -exclude .hg -resolve-src-symlinks /Users/tianli/Library/Caches/sim-lane/platform-measure/sim-lane-build.e6982c0791732bfce73b18268bda234214598f596023b7e4fb5e4d72f08f88e6/sim-lane-build.ixvqzr98/src/Resources/Editor /tmp/folio-hosted-queue-1622d9963f2d480fad43029d01951ab1/iphone/dd/Build/Products/Debug-iphonesimulator/Folio.app

CpResource /tmp/folio-hosted-queue-1622d9963f2d480fad43029d01951ab1/iphone/dd/Build/Products/Debug-iphonesimulator/Folio.app/PrivacyInfo.xcprivacy /Users/tianli/Library/Caches/sim-lane/platform-measure/sim-lane-build.e6982c0791732bfce73b18268bda234214598f596023b7e4fb5e4d72f08f88e6/sim-lane-build.ixvqzr98/src/ios/01-源程序/Resources/PrivacyInfo.xcprivacy (in target 'FolioMobile' from project 'FolioMobile')
    cd /tmp/folio-hosted-queue-1622d9963f2d480fad43029d01951ab1/iphone
    builtin-copy -exclude .DS_Store -exclude CVS -exclude .svn -exclude .git -exclude .hg -resolve-src-symlinks /Users/tianli/Library/Caches/sim-lane/platform-measure/sim-lane-build.e6982c0791732bfce73b18268bda234214598f596023b7e4fb5e4d72f08f88e6/sim-lane-build.ixvqzr98/src/ios/01-源程序/Resources/PrivacyInfo.xcprivacy /tmp/folio-hosted-queue-1622d9963f2d480fad43029d01951ab1/iphone/dd/Build/Products/Debug-iphonesimulator/Folio.app

CompileAssetCatalogVariant thinned /tmp/folio-hosted-queue-1622d9963f2d480fad43029d01951ab1/iphone/dd/Build/Products/Debug-iphonesimulator/Folio.app /Users/tianli/Library/Caches/sim-lane/platform-measure/sim-lane-build.e6982c0791732bfce73b18268bda234214598f596023b7e4fb5e4d72f08f88e6/sim-lane-build.ixvqzr98/src/ios/01-源程序/Resources/Assets.xcassets (in target 'FolioMobile' from project 'FolioMobile')
    cd /tmp/folio-hosted-queue-1622d9963f2d480fad43029d01951ab1/iphone
    /Applications/Xcode.app/Contents/Developer/usr/bin/actool /Users/tianli/Library/Caches/sim-lane/platform-measure/sim-lane-build.e6982c0791732bfce73b18268bda234214598f596023b7e4fb5e4d72f08f88e6/sim-lane-build.ixvqzr98/src/ios/01-源程序/Resources/Assets.xcassets --compile /tmp/folio-hosted-queue-1622d9963f2d480fad43029d01951ab1/iphone/dd/Build/Intermediates.noindex/FolioMobile.build/Debug-iphonesimulator/FolioMobile.build/assetcatalog_output/thinned --output-format human-readable-text --notices --warnings --export-dependency-info /tmp/folio-hosted-queue-1622d9963f2d480fad43029d01951ab1/iphone/dd/Build/Intermediates.noindex/FolioMobile.build/Debug-iphonesimulator/FolioMobile.build/assetcatalog_dependencies_thinned --output-partial-info-plist /tmp/folio-hosted-queue-1622d9963f2d480fad43029d01951ab1/iphone/dd/Build/Intermediates.noindex/FolioMobile.build/Debug-iphonesimulator/FolioMobile.build/assetcatalog_generated_info.plist_thinned --app-icon AppIcon --compress-pngs --enable-on-demand-resources YES --development-region en --target-device iphone --target-device ipad --minimum-deployment-target 18.0 --platform iphonesimulator
/* com.apple.actool.compilation-results */
/tmp/folio-hosted-queue-1622d9963f2d480fad43029d01951ab1/iphone/dd/Build/Intermediates.noindex/FolioMobile.build/Debug-iphonesimulator/FolioMobile.build/assetcatalog_generated_info.plist_thinned
/tmp/folio-hosted-queue-1622d9963f2d480fad43029d01951ab1/iphone/dd/Build/Intermediates.noindex/FolioMobile.build/Debug-iphonesimulator/FolioMobile.build/assetcatalog_output/thinned/AppIcon60x60@2x.png
/tmp/folio-hosted-queue-1622d9963f2d480fad43029d01951ab1/iphone/dd/Build/Intermediates.noindex/FolioMobile.build/Debug-iphonesimulator/FolioMobile.build/assetcatalog_output/thinned/AppIcon76x76@2x~ipad.png
/tmp/folio-hosted-queue-1622d9963f2d480fad43029d01951ab1/iphone/dd/Build/Intermediates.noindex/FolioMobile.build/Debug-iphonesimulator/FolioMobile.build/assetcatalog_output/thinned/Assets.car


CreateUniversalBinary /tmp/folio-hosted-queue-1622d9963f2d480fad43029d01951ab1/iphone/dd/Build/Products/Debug-iphonesimulator/Folio.app/__preview.dylib normal arm64\ x86_64 (in target 'FolioMobile' from project 'FolioMobile')
    cd /tmp/folio-hosted-queue-1622d9963f2d480fad43029d01951ab1/iphone
    /Applications/Xcode.app/Contents/Developer/Toolchains/XcodeDefault.xctoolchain/usr/bin/lipo -create /tmp/folio-hosted-queue-1622d9963f2d480fad43029d01951ab1/iphone/dd/Build/Intermediates.noindex/FolioMobile.build/Debug-iphonesimulator/FolioMobile.build/Objects-normal/arm64/Binary/__preview.dylib /tmp/folio-hosted-queue-1622d9963f2d480fad43029d01951ab1/iphone/dd/Build/Intermediates.noindex/FolioMobile.build/Debug-iphonesimulator/FolioMobile.build/Objects-normal/x86_64/Binary/__preview.dylib -output /tmp/folio-hosted-queue-1622d9963f2d480fad43029d01951ab1/iphone/dd/Build/Products/Debug-iphonesimulator/Folio.app/__preview.dylib

SwiftDriver FolioMobile normal arm64 com.apple.xcode.tools.swift.compiler (in target 'FolioMobile' from project 'FolioMobile')
    cd /tmp/folio-hosted-queue-1622d9963f2d480fad43029d01951ab1/iphone
    builtin-SwiftDriver -- /Applications/Xcode.app/Contents/Developer/Toolchains/XcodeDefault.xctoolchain/usr/bin/swiftc -module-name Folio -Onone @/tmp/folio-hosted-queue-1622d9963f2d480fad43029d01951ab1/iphone/dd/Build/Intermediates.noindex/FolioMobile.build/Debug-iphonesimulator/FolioMobile.build/Objects-normal/arm64/Folio.SwiftFileList -DDEBUG -enable-bare-slash-regex -enable-experimental-feature DebugDescriptionMacro -sdk /Applications/Xcode.app/Contents/Developer/Platforms/iPhoneSimulator.platform/Developer/SDKs/iPhoneSimulator27.0.sdk -target arm64-apple-ios18.0-simulator -g -module-cache-path /tmp/folio-hosted-queue-1622d9963f2d480fad43029d01951ab1/iphone/dd/ModuleCache.noindex -Xfrontend -serialize-debugging-options -enable-testing -index-store-path /tmp/folio-hosted-queue-1622d9963f2d480fad43029d01951ab1/iphone/dd/Index.noindex/DataStore -Xcc -D_LIBCPP_HARDENING_MODE\=_LIBCPP_HARDENING_MODE_DEBUG -swift-version 5 -I /tmp/folio-hosted-queue-1622d9963f2d480fad43029d01951ab1/iphone/dd/Build/Products/Debug-iphonesimulator -F /tmp/folio-hosted-queue-1622d9963f2d480fad43029d01951ab1/iphone/dd/Build/Products/Debug-iphonesimulator -c -j10 -enable-batch-mode -incremental -output-file-map /tmp/folio-hosted-queue-1622d9963f2d480fad43029d01951ab1/iphone/dd/Build/Intermediates.noindex/FolioMobile.build/Debug-iphonesimulator/FolioMobile.build/Objects-normal/arm64/FolioMobile-OutputFileMap.json -save-temps -no-color-diagnostics -explicit-module-build -module-cache-path /tmp/folio-hosted-queue-1622d9963f2d480fad43029d01951ab1/iphone/dd/Build/Intermediates.noindex/SwiftExplicitPrecompiledModules -clang-scanner-module-cache-path /tmp/folio-hosted-queue-1622d9963f2d480fad43029d01951ab1/iphone/dd/ModuleCache.noindex -sdk-module-cache-path /tmp/folio-hosted-queue-1622d9963f2d480fad43029d01951ab1/iphone/dd/SDKExplicitPrecompiledModules -emit-dependencies -emit-module -emit-module-path /tmp/folio-hosted-queue-1622d9963f2d480fad43029d01951ab1/iphone/dd/Build/Intermediates.noindex/FolioMobile.build/Debug-iphonesimulator/FolioMobile.build/Objects-normal/arm64/Folio.swiftmodule -serialize-diagnostics -dependency-scan-serialize-diagnostics-path /tmp/folio-hosted-queue-1622d9963f2d480fad43029d01951ab1/iphone/dd/Build/Intermediates.noindex/FolioMobile.build/Debug-iphonesimulator/FolioMobile.build/Objects-normal/arm64/Folio-dependency-scan.dia -validate-clang-modules-once -clang-build-session-file /tmp/folio-hosted-queue-1622d9963f2d480fad43029d01951ab1/iphone/dd/ModuleCache.noindex/Session.modulevalidation -Xcc -fmodules-prune-interval\=86400 -Xcc -fmodules-prune-after\=345600 -emit-const-values -const-gather-protocols-list /tmp/folio-hosted-queue-1622d9963f2d480fad43029d01951ab1/iphone/dd/Build/Intermediates.noindex/FolioMobile.build/Debug-iphonesimulator/FolioMobile.build/Objects-normal/arm64/FolioMobile_const_extract_protocols.json -Xcc -iquote -Xcc /tmp/folio-hosted-queue-1622d9963f2d480fad43029d01951ab1/iphone/dd/Build/Intermediates.noindex/FolioMobile.build/Debug-iphonesimulator/FolioMobile.build/Folio-generated-files.hmap -Xcc -I/tmp/folio-hosted-queue-1622d9963f2d480fad43029d01951ab1/iphone/dd/Build/Intermediates.noindex/FolioMobile.build/Debug-iphonesimulator/FolioMobile.build/Folio-own-target-headers.hmap -Xcc -I/tmp/folio-hosted-queue-1622d9963f2d480fad43029d01951ab1/iphone/dd/Build/Intermediates.noindex/FolioMobile.build/Debug-iphonesimulator/FolioMobile.build/Folio-all-target-headers.hmap -Xcc -iquote -Xcc /tmp/folio-hosted-queue-1622d9963f2d480fad43029d01951ab1/iphone/dd/Build/Intermediates.noindex/FolioMobile.build/Debug-iphonesimulator/FolioMobile.build/Folio-project-headers.hmap -Xcc -I/tmp/folio-hosted-queue-1622d9963f2d480fad43029d01951ab1/iphone/dd/Build/Products/Debug-iphonesimulator/include -Xcc -I/tmp/folio-hosted-queue-1622d9963f2d480fad43029d01951ab1/iphone/dd/Build/Intermediates.noindex/FolioMobile.build/Debug-iphonesimulator/FolioMobile.build/DerivedSources-normal/arm64 -Xcc -I/tmp/folio-hosted-queue-1622d9963f2d480fad43029d01951ab1/iphone/dd/Build/Intermediates.noindex/FolioMobile.build/Debug-iphonesimulator/FolioMobile.build/DerivedSources/arm64 -Xcc -I/tmp/folio-hosted-queue-1622d9963f2d480fad43029d01951ab1/iphone/dd/Build/Intermediates.noindex/FolioMobile.build/Debug-iphonesimulator/FolioMobile.build/DerivedSources -Xcc -DDEBUG\=1 -emit-objc-header -emit-objc-header-path /tmp/folio-hosted-queue-1622d9963f2d480fad43029d01951ab1/iphone/dd/Build/Intermediates.noindex/FolioMobile.build/Debug-iphonesimulator/FolioMobile.build/Objects-normal/arm64/Folio-Swift.h -working-directory /tmp/folio-hosted-queue-1622d9963f2d480fad43029d01951ab1/iphone -experimental-emit-module-separately -disable-cmo

SwiftDriver FolioMobile normal x86_64 com.apple.xcode.tools.swift.compiler (in target 'FolioMobile' from project 'FolioMobile')
    cd /tmp/folio-hosted-queue-1622d9963f2d480fad43029d01951ab1/iphone
    builtin-SwiftDriver -- /Applications/Xcode.app/Contents/Developer/Toolchains/XcodeDefault.xctoolchain/usr/bin/swiftc -module-name Folio -Onone @/tmp/folio-hosted-queue-1622d9963f2d480fad43029d01951ab1/iphone/dd/Build/Intermediates.noindex/FolioMobile.build/Debug-iphonesimulator/FolioMobile.build/Objects-normal/x86_64/Folio.SwiftFileList -DDEBUG -enable-bare-slash-regex -enable-experimental-feature DebugDescriptionMacro -sdk /Applications/Xcode.app/Contents/Developer/Platforms/iPhoneSimulator.platform/Developer/SDKs/iPhoneSimulator27.0.sdk -target x86_64-apple-ios18.0-simulator -g -module-cache-path /tmp/folio-hosted-queue-1622d9963f2d480fad43029d01951ab1/iphone/dd/ModuleCache.noindex -Xfrontend -serialize-debugging-options -enable-testing -index-store-path /tmp/folio-hosted-queue-1622d9963f2d480fad43029d01951ab1/iphone/dd/Index.noindex/DataStore -Xcc -D_LIBCPP_HARDENING_MODE\=_LIBCPP_HARDENING_MODE_DEBUG -swift-version 5 -I /tmp/folio-hosted-queue-1622d9963f2d480fad43029d01951ab1/iphone/dd/Build/Products/Debug-iphonesimulator -F /tmp/folio-hosted-queue-1622d9963f2d480fad43029d01951ab1/iphone/dd/Build/Products/Debug-iphonesimulator -c -j10 -enable-batch-mode -incremental -output-file-map /tmp/folio-hosted-queue-1622d9963f2d480fad43029d01951ab1/iphone/dd/Build/Intermediates.noindex/FolioMobile.build/Debug-iphonesimulator/FolioMobile.build/Objects-normal/x86_64/FolioMobile-OutputFileMap.json -save-temps -no-color-diagnostics -explicit-module-build -module-cache-path /tmp/folio-hosted-queue-1622d9963f2d480fad43029d01951ab1/iphone/dd/Build/Intermediates.noindex/SwiftExplicitPrecompiledModules -clang-scanner-module-cache-path /tmp/folio-hosted-queue-1622d9963f2d480fad43029d01951ab1/iphone/dd/ModuleCache.noindex -sdk-module-cache-path /tmp/folio-hosted-queue-1622d9963f2d480fad43029d01951ab1/iphone/dd/SDKExplicitPrecompiledModules -emit-dependencies -emit-module -emit-module-path /tmp/folio-hosted-queue-1622d9963f2d480fad43029d01951ab1/iphone/dd/Build/Intermediates.noindex/FolioMobile.build/Debug-iphonesimulator/FolioMobile.build/Objects-normal/x86_64/Folio.swiftmodule -serialize-diagnostics -dependency-scan-serialize-diagnostics-path /tmp/folio-hosted-queue-1622d9963f2d480fad43029d01951ab1/iphone/dd/Build/Intermediates.noindex/FolioMobile.build/Debug-iphonesimulator/FolioMobile.build/Objects-normal/x86_64/Folio-dependency-scan.dia -validate-clang-modules-once -clang-build-session-file /tmp/folio-hosted-queue-1622d9963f2d480fad43029d01951ab1/iphone/dd/ModuleCache.noindex/Session.modulevalidation -Xcc -fmodules-prune-interval\=86400 -Xcc -fmodules-prune-after\=345600 -emit-const-values -const-gather-protocols-list /tmp/folio-hosted-queue-1622d9963f2d480fad43029d01951ab1/iphone/dd/Build/Intermediates.noindex/FolioMobile.build/Debug-iphonesimulator/FolioMobile.build/Objects-normal/x86_64/FolioMobile_const_extract_protocols.json -Xcc -iquote -Xcc /tmp/folio-hosted-queue-1622d9963f2d480fad43029d01951ab1/iphone/dd/Build/Intermediates.noindex/FolioMobile.build/Debug-iphonesimulator/FolioMobile.build/Folio-generated-files.hmap -Xcc -I/tmp/folio-hosted-queue-1622d9963f2d480fad43029d01951ab1/iphone/dd/Build/Intermediates.noindex/FolioMobile.build/Debug-iphonesimulator/FolioMobile.build/Folio-own-target-headers.hmap -Xcc -I/tmp/folio-hosted-queue-1622d9963f2d480fad43029d01951ab1/iphone/dd/Build/Intermediates.noindex/FolioMobile.build/Debug-iphonesimulator/FolioMobile.build/Folio-all-target-headers.hmap -Xcc -iquote -Xcc /tmp/folio-hosted-queue-1622d9963f2d480fad43029d01951ab1/iphone/dd/Build/Intermediates.noindex/FolioMobile.build/Debug-iphonesimulator/FolioMobile.build/Folio-project-headers.hmap -Xcc -I/tmp/folio-hosted-queue-1622d9963f2d480fad43029d01951ab1/iphone/dd/Build/Products/Debug-iphonesimulator/include -Xcc -I/tmp/folio-hosted-queue-1622d9963f2d480fad43029d01951ab1/iphone/dd/Build/Intermediates.noindex/FolioMobile.build/Debug-iphonesimulator/FolioMobile.build/DerivedSources-normal/x86_64 -Xcc -I/tmp/folio-hosted-queue-1622d9963f2d480fad43029d01951ab1/iphone/dd/Build/Intermediates.noindex/FolioMobile.build/Debug-iphonesimulator/FolioMobile.build/DerivedSources/x86_64 -Xcc -I/tmp/folio-hosted-queue-1622d9963f2d480fad43029d01951ab1/iphone/dd/Build/Intermediates.noindex/FolioMobile.build/Debug-iphonesimulator/FolioMobile.build/DerivedSources -Xcc -DDEBUG\=1 -emit-objc-header -emit-objc-header-path /tmp/folio-hosted-queue-1622d9963f2d480fad43029d01951ab1/iphone/dd/Build/Intermediates.noindex/FolioMobile.build/Debug-iphonesimulator/FolioMobile.build/Objects-normal/x86_64/Folio-Swift.h -working-directory /tmp/folio-hosted-queue-1622d9963f2d480fad43029d01951ab1/iphone -experimental-emit-module-separately -disable-cmo

SwiftExplicitDependencyGeneratePcm arm64 /tmp/folio-hosted-queue-1622d9963f2d480fad43029d01951ab1/iphone/dd/SDKExplicitPrecompiledModules/_Builtin_stddef-8H7YX0R44G2RVIXU6YI42ST9A.pcm

SwiftExplicitDependencyGeneratePcm arm64 /tmp/folio-hosted-queue-1622d9963f2d480fad43029d01951ab1/iphone/dd/SDKExplicitPrecompiledModules/_Builtin_stdarg-1A1BOKISGL84G5ORRSCBFXG8T.pcm

SwiftExplicitDependencyGeneratePcm arm64 /tmp/folio-hosted-queue-1622d9963f2d480fad43029d01951ab1/iphone/dd/SDKExplicitPrecompiledModules/ptrcheck-8JFNYZOS06TQY3UOC64NMBFT4.pcm

SwiftExplicitDependencyGeneratePcm arm64 /tmp/folio-hosted-queue-1622d9963f2d480fad43029d01951ab1/iphone/dd/SDKExplicitPrecompiledModules/_Builtin_stdbool-BILINQ4AIO1MMSPM3A0MCRJYZ.pcm

SwiftExplicitDependencyGeneratePcm arm64 /tmp/folio-hosted-queue-1622d9963f2d480fad43029d01951ab1/iphone/dd/SDKExplicitPrecompiledModules/ptrauth-DA7VTLRROTCU5E5YJ2QPBKX5T.pcm

SwiftExplicitDependencyGeneratePcm arm64 /tmp/folio-hosted-queue-1622d9963f2d480fad43029d01951ab1/iphone/dd/SDKExplicitPrecompiledModules/_SwiftConcurrencyShims-7FIEPAGKHVMOH7W2D4AQ0ZXI3.pcm

SwiftExplicitDependencyGeneratePcm arm64 /tmp/folio-hosted-queue-1622d9963f2d480fad43029d01951ab1/iphone/dd/SDKExplicitPrecompiledModules/SwiftShims-DSDZ3A1CS4ZLXX70EA2LZ4OTG.pcm

SwiftExplicitDependencyGeneratePcm arm64 /tmp/folio-hosted-queue-1622d9963f2d480fad43029d01951ab1/iphone/dd/SDKExplicitPrecompiledModules/_AvailabilityInternal-50PBUJ61559XRJ47DSL4JSPIX.pcm

SwiftExplicitDependencyGeneratePcm arm64 /tmp/folio-hosted-queue-1622d9963f2d480fad43029d01951ab1/iphone/dd/SDKExplicitPrecompiledModules/_Builtin_float-D387SMUS42HJUF5RNO15IFBYT.pcm

SwiftExplicitDependencyGeneratePcm x86_64 /tmp/folio-hosted-queue-1622d9963f2d480fad43029d01951ab1/iphone/dd/SDKExplicitPrecompiledModules/ptrauth-35VLNB9R6NXEW9U459NJZO7BG.pcm

SwiftExplicitDependencyGeneratePcm x86_64 /tmp/folio-hosted-queue-1622d9963f2d480fad43029d01951ab1/iphone/dd/SDKExplicitPrecompiledModules/_Builtin_float-9RD5WE62HF87NH160RLOOMAJO.pcm

SwiftExplicitDependencyGeneratePcm x86_64 /tmp/folio-hosted-queue-1622d9963f2d480fad43029d01951ab1/iphone/dd/SDKExplicitPrecompiledModules/SwiftShims-69ICLAGF3ZKISYCVFYWOG0IZW.pcm

SwiftExplicitDependencyGeneratePcm x86_64 /tmp/folio-hosted-queue-1622d9963f2d480fad43029d01951ab1/iphone/dd/SDKExplicitPrecompiledModules/DeveloperToolsSupport-4DI63MDZIBY7N8Q5J8H68LBI3.pcm

SwiftExplicitDependencyGeneratePcm x86_64 /tmp/folio-hosted-queue-1622d9963f2d480fad43029d01951ab1/iphone/dd/SDKExplicitPrecompiledModules/_Builtin_stdarg-22KQ4JM4BP86KXWDXLVORH9XE.pcm

SwiftExplicitDependencyGeneratePcm x86_64 /tmp/folio-hosted-queue-1622d9963f2d480fad43029d01951ab1/iphone/dd/SDKExplicitPrecompiledModules/ptrcheck-5APB1RTEVWNF3OER0EZHPLWNS.pcm

SwiftExplicitDependencyGeneratePcm x86_64 /tmp/folio-hosted-queue-1622d9963f2d480fad43029d01951ab1/iphone/dd/SDKExplicitPrecompiledModules/_AvailabilityInternal-23Y6BR2VUX5B56YDW0S1E4E4N.pcm

SwiftExplicitDependencyGeneratePcm x86_64 /tmp/folio-hosted-queue-1622d9963f2d480fad43029d01951ab1/iphone/dd/SDKExplicitPrecompiledModules/_Builtin_stddef-5LQTOUU58GJ55M5HTCEO07ANB.pcm

SwiftExplicitDependencyGeneratePcm arm64 /tmp/folio-hosted-queue-1622d9963f2d480fad43029d01951ab1/iphone/dd/SDKExplicitPrecompiledModules/_DarwinFoundation1-ECJUMJGV6X1TIFGVD8ITX9VIB.pcm

SwiftExplicitDependencyGeneratePcm x86_64 /tmp/folio-hosted-queue-1622d9963f2d480fad43029d01951ab1/iphone/dd/SDKExplicitPrecompiledModules/_SwiftConcurrencyShims-67T96V282IEPBCR7WPBJOO7E7.pcm

SwiftExplicitDependencyGeneratePcm arm64 /tmp/folio-hosted-queue-1622d9963f2d480fad43029d01951ab1/iphone/dd/SDKExplicitPrecompiledModules/DeveloperToolsSupport-4MW5KO1Y9SE8ZA6A53NBO75L5.pcm

SwiftExplicitDependencyGeneratePcm x86_64 /tmp/folio-hosted-queue-1622d9963f2d480fad43029d01951ab1/iphone/dd/SDKExplicitPrecompiledModules/_Builtin_stdbool-43JZ58BJULSS8QAR9Y4V7BOXB.pcm

SwiftExplicitDependencyGeneratePcm x86_64 /tmp/folio-hosted-queue-1622d9963f2d480fad43029d01951ab1/iphone/dd/SDKExplicitPrecompiledModules/_DarwinFoundation1-71230I4ZBU73L34H2PTT8P2VG.pcm

SwiftExplicitDependencyGeneratePcm arm64 /tmp/folio-hosted-queue-1622d9963f2d480fad43029d01951ab1/iphone/dd/SDKExplicitPrecompiledModules/SQLite3-HRHS6NW5T7SAYV9T7NJ83MZ0.pcm

SwiftExplicitDependencyGeneratePcm arm64 /tmp/folio-hosted-queue-1622d9963f2d480fad43029d01951ab1/iphone/dd/SDKExplicitPrecompiledModules/_Builtin_limits-DV2VVMQGSGAXWSDAVGO2ITGS0.pcm

SwiftExplicitDependencyGeneratePcm arm64 /tmp/folio-hosted-queue-1622d9963f2d480fad43029d01951ab1/iphone/dd/SDKExplicitPrecompiledModules/_DarwinFoundation2-C7RT7ASYAORV8I2BM18BVINU7.pcm

SwiftExplicitDependencyGeneratePcm x86_64 /tmp/folio-hosted-queue-1622d9963f2d480fad43029d01951ab1/iphone/dd/SDKExplicitPrecompiledModules/_Builtin_limits-3GOA4GHNJJSBFGA5M2NNEEZIT.pcm

SwiftExplicitDependencyGeneratePcm x86_64 /tmp/folio-hosted-queue-1622d9963f2d480fad43029d01951ab1/iphone/dd/SDKExplicitPrecompiledModules/_DarwinFoundation2-CDL99U6DG8JDQJSFCLFU6GLLV.pcm

SwiftExplicitDependencyGeneratePcm x86_64 /tmp/folio-hosted-queue-1622d9963f2d480fad43029d01951ab1/iphone/dd/SDKExplicitPrecompiledModules/SQLite3-A9F21ET1TG84EIB57RAEGTZ4K.pcm

SwiftExplicitDependencyGeneratePcm arm64 /tmp/folio-hosted-queue-1622d9963f2d480fad43029d01951ab1/iphone/dd/SDKExplicitPrecompiledModules/sys_types-231ETUZFO2FTRJVWTP3W9VEQM.pcm

SwiftExplicitDependencyGeneratePcm arm64 /tmp/folio-hosted-queue-1622d9963f2d480fad43029d01951ab1/iphone/dd/SDKExplicitPrecompiledModules/_Builtin_stdint-9UV3I0FQOHNF0DRPBWM041R7K.pcm

SwiftExplicitDependencyGeneratePcm arm64 /tmp/folio-hosted-queue-1622d9963f2d480fad43029d01951ab1/iphone/dd/SDKExplicitPrecompiledModules/_Builtin_tgmath-3JL58MG2W7G5FFM75G0INF7LE.pcm

SwiftExplicitDependencyGeneratePcm arm64 /tmp/folio-hosted-queue-1622d9963f2d480fad43029d01951ab1/iphone/dd/SDKExplicitPrecompiledModules/string_h-61XCQ66N437KZ1M22ACEL79BA.pcm

SwiftExplicitDependencyGeneratePcm x86_64 /tmp/folio-hosted-queue-1622d9963f2d480fad43029d01951ab1/iphone/dd/SDKExplicitPrecompiledModules/sys_types-41R0O0NIZUVLUMEVQVFOWSW2V.pcm

SwiftExplicitDependencyGeneratePcm x86_64 /tmp/folio-hosted-queue-1622d9963f2d480fad43029d01951ab1/iphone/dd/SDKExplicitPrecompiledModules/string_h-1N54TKJVZ3ZTUE82ELDH7P56J.pcm

SwiftExplicitDependencyGeneratePcm x86_64 /tmp/folio-hosted-queue-1622d9963f2d480fad43029d01951ab1/iphone/dd/SDKExplicitPrecompiledModules/_Builtin_tgmath-1VH422IR5I607GLUMNNX1OX6B.pcm

SwiftExplicitDependencyGeneratePcm x86_64 /tmp/folio-hosted-queue-1622d9963f2d480fad43029d01951ab1/iphone/dd/SDKExplicitPrecompiledModules/_Builtin_stdint-6TWRWZFMOY9AN3AIC6JFX8EZZ.pcm

SwiftExplicitDependencyGeneratePcm arm64 /tmp/folio-hosted-queue-1622d9963f2d480fad43029d01951ab1/iphone/dd/SDKExplicitPrecompiledModules/_Builtin_stdatomic-9BIUMJV7JYYB62KUPTJ6GCTT5.pcm

SwiftExplicitDependencyGeneratePcm arm64 /tmp/folio-hosted-queue-1622d9963f2d480fad43029d01951ab1/iphone/dd/SDKExplicitPrecompiledModules/_Builtin_intrinsics-2MD7KL3X8B845SVC5693MXVZ.pcm

SwiftExplicitDependencyGeneratePcm arm64 /tmp/folio-hosted-queue-1622d9963f2d480fad43029d01951ab1/iphone/dd/SDKExplicitPrecompiledModules/_DarwinFoundation3-7TB1U7BS16BZTPWH8KLH1TCYG.pcm

SwiftExplicitDependencyGeneratePcm x86_64 /tmp/folio-hosted-queue-1622d9963f2d480fad43029d01951ab1/iphone/dd/SDKExplicitPrecompiledModules/_DarwinFoundation3-EXZ6FKR5V9IVPJ9A14IICKF6D.pcm

SwiftExplicitDependencyGeneratePcm x86_64 /tmp/folio-hosted-queue-1622d9963f2d480fad43029d01951ab1/iphone/dd/SDKExplicitPrecompiledModules/_Builtin_stdatomic-3EVHCKP32WGA6GXLWOG0NHBCK.pcm

SwiftExplicitDependencyGeneratePcm arm64 /tmp/folio-hosted-queue-1622d9963f2d480fad43029d01951ab1/iphone/dd/SDKExplicitPrecompiledModules/_Builtin_inttypes-478TCHW37S2TXN0BD79BQACRQ.pcm

SwiftExplicitDependencyGeneratePcm x86_64 /tmp/folio-hosted-queue-1622d9963f2d480fad43029d01951ab1/iphone/dd/SDKExplicitPrecompiledModules/_Builtin_inttypes-AZPQA9QGEMZHE3M1JPVUEQ01D.pcm

SwiftExplicitDependencyGeneratePcm x86_64 /tmp/folio-hosted-queue-1622d9963f2d480fad43029d01951ab1/iphone/dd/SDKExplicitPrecompiledModules/_Builtin_intrinsics-903ATOPTUN1O4M20MXPK4SMIY.pcm

SwiftExplicitDependencyGeneratePcm arm64 /tmp/folio-hosted-queue-1622d9963f2d480fad43029d01951ab1/iphone/dd/SDKExplicitPrecompiledModules/Darwin-63QT89JZ7R2E7P5ECBAISJX4I.pcm

SwiftExplicitDependencyGeneratePcm x86_64 /tmp/folio-hosted-queue-1622d9963f2d480fad43029d01951ab1/iphone/dd/SDKExplicitPrecompiledModules/Darwin-864B5B9C8EJYJ506DLWOOIMN4.pcm

LinkAssetCatalog /Users/tianli/Library/Caches/sim-lane/platform-measure/sim-lane-build.e6982c0791732bfce73b18268bda234214598f596023b7e4fb5e4d72f08f88e6/sim-lane-build.ixvqzr98/src/ios/01-源程序/Resources/Assets.xcassets (in target 'FolioMobile' from project 'FolioMobile')
    cd /tmp/folio-hosted-queue-1622d9963f2d480fad43029d01951ab1/iphone
    builtin-linkAssetCatalog --thinned /tmp/folio-hosted-queue-1622d9963f2d480fad43029d01951ab1/iphone/dd/Build/Intermediates.noindex/FolioMobile.build/Debug-iphonesimulator/FolioMobile.build/assetcatalog_output/thinned --thinned-dependencies /tmp/folio-hosted-queue-1622d9963f2d480fad43029d01951ab1/iphone/dd/Build/Intermediates.noindex/FolioMobile.build/Debug-iphonesimulator/FolioMobile.build/assetcatalog_dependencies_thinned --thinned-info-plist-content /tmp/folio-hosted-queue-1622d9963f2d480fad43029d01951ab1/iphone/dd/Build/Intermediates.noindex/FolioMobile.build/Debug-iphonesimulator/FolioMobile.build/assetcatalog_generated_info.plist_thinned --unthinned /tmp/folio-hosted-queue-1622d9963f2d480fad43029d01951ab1/iphone/dd/Build/Intermediates.noindex/FolioMobile.build/Debug-iphonesimulator/FolioMobile.build/assetcatalog_output/unthinned --unthinned-dependencies /tmp/folio-hosted-queue-1622d9963f2d480fad43029d01951ab1/iphone/dd/Build/Intermediates.noindex/FolioMobile.build/Debug-iphonesimulator/FolioMobile.build/assetcatalog_dependencies_unthinned --unthinned-info-plist-content /tmp/folio-hosted-queue-1622d9963f2d480fad43029d01951ab1/iphone/dd/Build/Intermediates.noindex/FolioMobile.build/Debug-iphonesimulator/FolioMobile.build/assetcatalog_generated_info.plist_unthinned --output /tmp/folio-hosted-queue-1622d9963f2d480fad43029d01951ab1/iphone/dd/Build/Products/Debug-iphonesimulator/Folio.app --plist-output /tmp/folio-hosted-queue-1622d9963f2d480fad43029d01951ab1/iphone/dd/Build/Intermediates.noindex/FolioMobile.build/Debug-iphonesimulator/FolioMobile.build/assetcatalog_generated_info.plist
note: Emplaced /tmp/folio-hosted-queue-1622d9963f2d480fad43029d01951ab1/iphone/dd/Build/Products/Debug-iphonesimulator/Folio.app/AppIcon76x76@2x~ipad.png (in target 'FolioMobile' from project 'FolioMobile')
note: Emplaced /tmp/folio-hosted-queue-1622d9963f2d480fad43029d01951ab1/iphone/dd/Build/Products/Debug-iphonesimulator/Folio.app/Assets.car (in target 'FolioMobile' from project 'FolioMobile')
note: Emplaced /tmp/folio-hosted-queue-1622d9963f2d480fad43029d01951ab1/iphone/dd/Build/Products/Debug-iphonesimulator/Folio.app/AppIcon60x60@2x.png (in target 'FolioMobile' from project 'FolioMobile')

ProcessInfoPlistFile /tmp/folio-hosted-queue-1622d9963f2d480fad43029d01951ab1/iphone/dd/Build/Products/Debug-iphonesimulator/Folio.app/Info.plist /private/tmp/folio-hosted-queue-1622d9963f2d480fad43029d01951ab1/iphone/Generated/FolioMobile-Info.plist (in target 'FolioMobile' from project 'FolioMobile')
    cd /tmp/folio-hosted-queue-1622d9963f2d480fad43029d01951ab1/iphone
    builtin-infoPlistUtility /private/tmp/folio-hosted-queue-1622d9963f2d480fad43029d01951ab1/iphone/Generated/FolioMobile-Info.plist -producttype com.apple.product-type.application -genpkginfo /tmp/folio-hosted-queue-1622d9963f2d480fad43029d01951ab1/iphone/dd/Build/Products/Debug-iphonesimulator/Folio.app/PkgInfo -expandbuildsettings -format binary -platform iphonesimulator -additionalcontentfile /tmp/folio-hosted-queue-1622d9963f2d480fad43029d01951ab1/iphone/dd/Build/Intermediates.noindex/FolioMobile.build/Debug-iphonesimulator/FolioMobile.build/assetcatalog_generated_info.plist -o /tmp/folio-hosted-queue-1622d9963f2d480fad43029d01951ab1/iphone/dd/Build/Products/Debug-iphonesimulator/Folio.app/Info.plist

SwiftExplicitDependencyGeneratePcm arm64 /tmp/folio-hosted-queue-1622d9963f2d480fad43029d01951ab1/iphone/dd/SDKExplicitPrecompiledModules/simd-3HM8CMYHGYK8TW389GWEINENN.pcm

SwiftExplicitDependencyGeneratePcm x86_64 /tmp/folio-hosted-queue-1622d9963f2d480fad43029d01951ab1/iphone/dd/SDKExplicitPrecompiledModules/ObjectiveC-CFN9NYSM6SCOUZM8NN26L0WQJ.pcm

SwiftExplicitDependencyGeneratePcm x86_64 /tmp/folio-hosted-queue-1622d9963f2d480fad43029d01951ab1/iphone/dd/SDKExplicitPrecompiledModules/MachO-CPGAK6YRVC88CQ5MS3X3MVES4.pcm

SwiftExplicitDependencyGeneratePcm arm64 /tmp/folio-hosted-queue-1622d9963f2d480fad43029d01951ab1/iphone/dd/SDKExplicitPrecompiledModules/ObjectiveC-6CM5EK82G8XB8SHAVF3M9P3DF.pcm

SwiftExplicitDependencyGeneratePcm arm64 /tmp/folio-hosted-queue-1622d9963f2d480fad43029d01951ab1/iphone/dd/SDKExplicitPrecompiledModules/MachO-JBQJMS7CC3A50D313US51EKI.pcm

SwiftExplicitDependencyGeneratePcm x86_64 /tmp/folio-hosted-queue-1622d9963f2d480fad43029d01951ab1/iphone/dd/SDKExplicitPrecompiledModules/simd-BTEEUHW6KW7ISH6ZM58B2VSSC.pcm

SwiftExplicitDependencyGeneratePcm arm64 /tmp/folio-hosted-queue-1622d9963f2d480fad43029d01951ab1/iphone/dd/SDKExplicitPrecompiledModules/os_object-8PRI5X5U7WDNJBBMIKIULNT0U.pcm

SwiftExplicitDependencyGeneratePcm x86_64 /tmp/folio-hosted-queue-1622d9963f2d480fad43029d01951ab1/iphone/dd/SDKExplicitPrecompiledModules/os_object-8J4VDHECBKPB99GZSKEMKYN4Z.pcm

SwiftExplicitDependencyGeneratePcm x86_64 /tmp/folio-hosted-queue-1622d9963f2d480fad43029d01951ab1/iphone/dd/SDKExplicitPrecompiledModules/os_workgroup-DVFAMTBKEWRJPX573S2DPY3FB.pcm

SwiftExplicitDependencyGeneratePcm arm64 /tmp/folio-hosted-queue-1622d9963f2d480fad43029d01951ab1/iphone/dd/SDKExplicitPrecompiledModules/os_workgroup-F45M78EYNY0VVVY6AEDF04E2N.pcm

SwiftExplicitDependencyGeneratePcm arm64 /tmp/folio-hosted-queue-1622d9963f2d480fad43029d01951ab1/iphone/dd/SDKExplicitPrecompiledModules/Spatial-7OR5PNCQZFXDH0S0Q3VWU5N7W.pcm

SwiftExplicitDependencyGeneratePcm x86_64 /tmp/folio-hosted-queue-1622d9963f2d480fad43029d01951ab1/iphone/dd/SDKExplicitPrecompiledModules/Dispatch-1ADCM9ZE7D1PWRNKGKNFONI6D.pcm

SwiftExplicitDependencyGeneratePcm arm64 /tmp/folio-hosted-queue-1622d9963f2d480fad43029d01951ab1/iphone/dd/SDKExplicitPrecompiledModules/Dispatch-JTO4FAYCMSC7E9N3D5Q6L3BM.pcm

SwiftExplicitDependencyGeneratePcm x86_64 /tmp/folio-hosted-queue-1622d9963f2d480fad43029d01951ab1/iphone/dd/SDKExplicitPrecompiledModules/dnssd-72AT798Q2IXN9UF1YCQGTVUUL.pcm

SwiftExplicitDependencyGeneratePcm x86_64 /tmp/folio-hosted-queue-1622d9963f2d480fad43029d01951ab1/iphone/dd/SDKExplicitPrecompiledModules/CoreFoundation-BZ4OJFBY72NORAO9UVDCHYYE6.pcm

SwiftExplicitDependencyGeneratePcm x86_64 /tmp/folio-hosted-queue-1622d9963f2d480fad43029d01951ab1/iphone/dd/SDKExplicitPrecompiledModules/XPC-3KVL9HMKR40C17DQKXNV1IQYE.pcm

SwiftExplicitDependencyGeneratePcm arm64 /tmp/folio-hosted-queue-1622d9963f2d480fad43029d01951ab1/iphone/dd/SDKExplicitPrecompiledModules/XPC-C0KVK972V9GVJN90ABAE84Y7B.pcm

SwiftExplicitDependencyGeneratePcm arm64 /tmp/folio-hosted-queue-1622d9963f2d480fad43029d01951ab1/iphone/dd/SDKExplicitPrecompiledModules/dnssd-9CZMQ2F6YZOF4G56TW15CJJJB.pcm

SwiftExplicitDependencyGeneratePcm arm64 /tmp/folio-hosted-queue-1622d9963f2d480fad43029d01951ab1/iphone/dd/SDKExplicitPrecompiledModules/CoreFoundation-3F2BEEF49TK8VGRYIAYTIMXHA.pcm

SwiftExplicitDependencyGeneratePcm x86_64 /tmp/folio-hosted-queue-1622d9963f2d480fad43029d01951ab1/iphone/dd/SDKExplicitPrecompiledModules/os-EEVU3SO9F1AEHD1BIQYK9LMLJ.pcm

SwiftExplicitDependencyGeneratePcm x86_64 /tmp/folio-hosted-queue-1622d9963f2d480fad43029d01951ab1/iphone/dd/SDKExplicitPrecompiledModules/Spatial-5P0J8HZAKT9EAWLV4REV8P8UF.pcm

SwiftExplicitDependencyGeneratePcm arm64 /tmp/folio-hosted-queue-1622d9963f2d480fad43029d01951ab1/iphone/dd/SDKExplicitPrecompiledModules/os-7DGYU5CNXKFKFYBU4B041IM0B.pcm

SwiftExplicitDependencyGeneratePcm x86_64 /tmp/folio-hosted-queue-1622d9963f2d480fad43029d01951ab1/iphone/dd/SDKExplicitPrecompiledModules/Security-7EGYHO0BHP00DEPJ18IZGZY7R.pcm

SwiftExplicitDependencyGeneratePcm x86_64 /tmp/folio-hosted-queue-1622d9963f2d480fad43029d01951ab1/iphone/dd/SDKExplicitPrecompiledModules/CoreAudioTypes-E6B14DQ1M8QX89VAMNMDZA9W8.pcm

SwiftExplicitDependencyGeneratePcm x86_64 /tmp/folio-hosted-queue-1622d9963f2d480fad43029d01951ab1/iphone/dd/SDKExplicitPrecompiledModules/CFNetwork-EUQS07JWPSUCI3LUAD65E7U5B.pcm

SwiftExplicitDependencyGeneratePcm x86_64 /tmp/folio-hosted-queue-1622d9963f2d480fad43029d01951ab1/iphone/dd/SDKExplicitPrecompiledModules/CoreGraphics-EB0GMJPX6852693Y50VA105K1.pcm

SwiftExplicitDependencyGeneratePcm arm64 /tmp/folio-hosted-queue-1622d9963f2d480fad43029d01951ab1/iphone/dd/SDKExplicitPrecompiledModules/CFNetwork-1J90C0L4WOZQ16M4EGNZQALSY.pcm

SwiftExplicitDependencyGeneratePcm arm64 /tmp/folio-hosted-queue-1622d9963f2d480fad43029d01951ab1/iphone/dd/SDKExplicitPrecompiledModules/Security-B605D7ZV9XBNQIRZZYOT76Z12.pcm

SwiftExplicitDependencyGeneratePcm arm64 /tmp/folio-hosted-queue-1622d9963f2d480fad43029d01951ab1/iphone/dd/SDKExplicitPrecompiledModules/CoreAudioTypes-213XIHNN4LVBHTXSAZUUYRDCG.pcm

SwiftExplicitDependencyGeneratePcm arm64 /tmp/folio-hosted-queue-1622d9963f2d480fad43029d01951ab1/iphone/dd/SDKExplicitPrecompiledModules/CoreGraphics-XFNWHG4X6LUWDVDD92PNHK5A.pcm

SwiftExplicitDependencyGeneratePcm x86_64 /tmp/folio-hosted-queue-1622d9963f2d480fad43029d01951ab1/iphone/dd/SDKExplicitPrecompiledModules/CoreAudio-73XML0ZORO2MQOY1NRKRFT701.pcm

SwiftExplicitDependencyGeneratePcm arm64 /tmp/folio-hosted-queue-1622d9963f2d480fad43029d01951ab1/iphone/dd/SDKExplicitPrecompiledModules/CoreAudio-1I5BRYINF0DJBKVY43K037RP7.pcm

SwiftExplicitDependencyGeneratePcm x86_64 /tmp/folio-hosted-queue-1622d9963f2d480fad43029d01951ab1/iphone/dd/SDKExplicitPrecompiledModules/Foundation-A4EBFWLMMB8YJ4OWAOH50M1O8.pcm

SwiftExplicitDependencyGeneratePcm x86_64 /tmp/folio-hosted-queue-1622d9963f2d480fad43029d01951ab1/iphone/dd/SDKExplicitPrecompiledModules/CoreText-1FESGHDEHG6Y9YAJS4ZU9DBJK.pcm

SwiftExplicitDependencyGeneratePcm x86_64 /tmp/folio-hosted-queue-1622d9963f2d480fad43029d01951ab1/iphone/dd/SDKExplicitPrecompiledModules/ImageIO-200GI2P1EJQA01DD1IE5HGN51.pcm

SwiftExplicitDependencyGeneratePcm arm64 /tmp/folio-hosted-queue-1622d9963f2d480fad43029d01951ab1/iphone/dd/SDKExplicitPrecompiledModules/Foundation-5UXR37LKZLR1FDMQP44UDA2VL.pcm

SwiftExplicitDependencyGeneratePcm arm64 /tmp/folio-hosted-queue-1622d9963f2d480fad43029d01951ab1/iphone/dd/SDKExplicitPrecompiledModules/CoreText-7JQYTLIWP40JTICRLRP5AXNSS.pcm

SwiftExplicitDependencyGeneratePcm arm64 /tmp/folio-hosted-queue-1622d9963f2d480fad43029d01951ab1/iphone/dd/SDKExplicitPrecompiledModules/ImageIO-DJQPHBP5XGAT9FFKDHN05EAV3.pcm

SwiftExplicitDependencyGeneratePcm x86_64 /tmp/folio-hosted-queue-1622d9963f2d480fad43029d01951ab1/iphone/dd/SDKExplicitPrecompiledModules/OSLog-C3XMMRYYEZSFFW5YXDP7AGJZ2.pcm

SwiftExplicitDependencyGeneratePcm x86_64 /tmp/folio-hosted-queue-1622d9963f2d480fad43029d01951ab1/iphone/dd/SDKExplicitPrecompiledModules/IOSurface-CFI12FVM33E0VSW7JUIPFO2TC.pcm

SwiftExplicitDependencyGeneratePcm x86_64 /tmp/folio-hosted-queue-1622d9963f2d480fad43029d01951ab1/iphone/dd/SDKExplicitPrecompiledModules/CoreTransferable-3S1KLO7VLVW4X3N06EU3P27X0.pcm

SwiftExplicitDependencyGeneratePcm x86_64 /tmp/folio-hosted-queue-1622d9963f2d480fad43029d01951ab1/iphone/dd/SDKExplicitPrecompiledModules/CoreData-7J1J11T9PLI4EJ2O1N1ATPN6J.pcm

SwiftExplicitDependencyGeneratePcm x86_64 /tmp/folio-hosted-queue-1622d9963f2d480fad43029d01951ab1/iphone/dd/SDKExplicitPrecompiledModules/Symbols-1MEYQS52VL128RXDU6UKFLUYZ.pcm

SwiftExplicitDependencyGeneratePcm x86_64 /tmp/folio-hosted-queue-1622d9963f2d480fad43029d01951ab1/iphone/dd/SDKExplicitPrecompiledModules/UIUtilities-15KXF26MSCX2PPHV6RGHMV0SJ.pcm

SwiftExplicitDependencyGeneratePcm x86_64 /tmp/folio-hosted-queue-1622d9963f2d480fad43029d01951ab1/iphone/dd/SDKExplicitPrecompiledModules/OpenGLES-APRBDOJ7WPSBTXVPSUFJMFJX1.pcm

SwiftExplicitDependencyGeneratePcm x86_64 /tmp/folio-hosted-queue-1622d9963f2d480fad43029d01951ab1/iphone/dd/SDKExplicitPrecompiledModules/LocalAuthentication-7ZN50UWVE3BZR975SAW5M88HX.pcm

SwiftExplicitDependencyGeneratePcm x86_64 /tmp/folio-hosted-queue-1622d9963f2d480fad43029d01951ab1/iphone/dd/SDKExplicitPrecompiledModules/FileProvider-CINUA5QFFWT3K9GJA7DI71257.pcm

SwiftExplicitDependencyGeneratePcm x86_64 /tmp/folio-hosted-queue-1622d9963f2d480fad43029d01951ab1/iphone/dd/SDKExplicitPrecompiledModules/UserNotifications-6OGAG98WYA3F94HMH81AI7S9W.pcm

SwiftExplicitDependencyGeneratePcm arm64 /tmp/folio-hosted-queue-1622d9963f2d480fad43029d01951ab1/iphone/dd/SDKExplicitPrecompiledModules/UniformTypeIdentifiers-6SXZINPF6ZB96BZCKQ0EFX6N9.pcm

SwiftExplicitDependencyGeneratePcm arm64 /tmp/folio-hosted-queue-1622d9963f2d480fad43029d01951ab1/iphone/dd/SDKExplicitPrecompiledModules/Accessibility-F5FBAOGCCJQ964KW0GDC9W72Y.pcm

SwiftExplicitDependencyGeneratePcm arm64 /tmp/folio-hosted-queue-1622d9963f2d480fad43029d01951ab1/iphone/dd/SDKExplicitPrecompiledModules/Symbols-7H48Z98TYADP25WPWL3UM31G.pcm

SwiftExplicitDependencyGeneratePcm arm64 /tmp/folio-hosted-queue-1622d9963f2d480fad43029d01951ab1/iphone/dd/SDKExplicitPrecompiledModules/CoreData-7HY2UV0B6YFDEXKOWBHX79ZJ2.pcm

SwiftExplicitDependencyGeneratePcm arm64 /tmp/folio-hosted-queue-1622d9963f2d480fad43029d01951ab1/iphone/dd/SDKExplicitPrecompiledModules/_LocationEssentials-8ZNYDVI74NEU4QTQLD7GT5ARY.pcm

SwiftExplicitDependencyGeneratePcm arm64 /tmp/folio-hosted-queue-1622d9963f2d480fad43029d01951ab1/iphone/dd/SDKExplicitPrecompiledModules/UIUtilities-D3CF3MPINBTRMVR4LRS79IUVH.pcm

SwiftExplicitDependencyGeneratePcm arm64 /tmp/folio-hosted-queue-1622d9963f2d480fad43029d01951ab1/iphone/dd/SDKExplicitPrecompiledModules/OSLog-7Y0KG8MY1CPZ9ECJPRESPO0LP.pcm

SwiftExplicitDependencyGeneratePcm x86_64 /tmp/folio-hosted-queue-1622d9963f2d480fad43029d01951ab1/iphone/dd/SDKExplicitPrecompiledModules/Accessibility-35U6RSTR47FZOLME03YEYK86D.pcm

SwiftExplicitDependencyGeneratePcm arm64 /tmp/folio-hosted-queue-1622d9963f2d480fad43029d01951ab1/iphone/dd/SDKExplicitPrecompiledModules/FileProvider-ORIGL7FZW0FQ258S7OZ8V8KQ.pcm

SwiftExplicitDependencyGeneratePcm x86_64 /tmp/folio-hosted-queue-1622d9963f2d480fad43029d01951ab1/iphone/dd/SDKExplicitPrecompiledModules/DataDetection-3EIZPICMVQOX7LB28NRBHO16D.pcm

SwiftExplicitDependencyGeneratePcm arm64 /tmp/folio-hosted-queue-1622d9963f2d480fad43029d01951ab1/iphone/dd/SDKExplicitPrecompiledModules/UserNotifications-5J86BKO0UY6D7C803B7DO5SBH.pcm

SwiftExplicitDependencyGeneratePcm arm64 /tmp/folio-hosted-queue-1622d9963f2d480fad43029d01951ab1/iphone/dd/SDKExplicitPrecompiledModules/OpenGLES-BFKXDDRAHBQDYHLJHQCCT9DM7.pcm

SwiftExplicitDependencyGeneratePcm x86_64 /tmp/folio-hosted-queue-1622d9963f2d480fad43029d01951ab1/iphone/dd/SDKExplicitPrecompiledModules/_LocationEssentials-63EQEOC4LQLXDY07ZPESSYMR6.pcm

SwiftExplicitDependencyGeneratePcm arm64 /tmp/folio-hosted-queue-1622d9963f2d480fad43029d01951ab1/iphone/dd/SDKExplicitPrecompiledModules/LocalAuthentication-AN3KMKJRPMQDE47XDA6J50YR0.pcm

SwiftExplicitDependencyGeneratePcm arm64 /tmp/folio-hosted-queue-1622d9963f2d480fad43029d01951ab1/iphone/dd/SDKExplicitPrecompiledModules/CoreLocation-6BFRMB7E58GET14FY0PW2WGQ3.pcm

SwiftExplicitDependencyGeneratePcm arm64 /tmp/folio-hosted-queue-1622d9963f2d480fad43029d01951ab1/iphone/dd/SDKExplicitPrecompiledModules/DataDetection-A2BHCMV3BVIMRPXZ6G68UAGWW.pcm

SwiftExplicitDependencyGeneratePcm arm64 /tmp/folio-hosted-queue-1622d9963f2d480fad43029d01951ab1/iphone/dd/SDKExplicitPrecompiledModules/IOSurface-42JXZLTZ3U0ZIL1EMI40SY9FH.pcm

SwiftExplicitDependencyGeneratePcm arm64 /tmp/folio-hosted-queue-1622d9963f2d480fad43029d01951ab1/iphone/dd/SDKExplicitPrecompiledModules/Network-2BA1X6A9NV16XP00C59MIN7XO.pcm

SwiftExplicitDependencyGeneratePcm x86_64 /tmp/folio-hosted-queue-1622d9963f2d480fad43029d01951ab1/iphone/dd/SDKExplicitPrecompiledModules/Metal-C14OQSJRS6I2FEGTQ4GE2WKL6.pcm

SwiftExplicitDependencyGeneratePcm x86_64 /tmp/folio-hosted-queue-1622d9963f2d480fad43029d01951ab1/iphone/dd/SDKExplicitPrecompiledModules/CoreLocation-1DSU5GVIE0K4N99CRFNY8UN9L.pcm

SwiftExplicitDependencyGeneratePcm x86_64 /tmp/folio-hosted-queue-1622d9963f2d480fad43029d01951ab1/iphone/dd/SDKExplicitPrecompiledModules/UniformTypeIdentifiers-DVE28VEX0O1RJ99BB22LHMMVI.pcm

SwiftExplicitDependencyGeneratePcm x86_64 /tmp/folio-hosted-queue-1622d9963f2d480fad43029d01951ab1/iphone/dd/SDKExplicitPrecompiledModules/Network-CRSBRKNWXKK4VMXZFA16I4YAT.pcm

SwiftExplicitDependencyGeneratePcm arm64 /tmp/folio-hosted-queue-1622d9963f2d480fad43029d01951ab1/iphone/dd/SDKExplicitPrecompiledModules/CoreTransferable-BQXN3K0OGY64HWYXKOW8AUTYQ.pcm

SwiftExplicitDependencyGeneratePcm arm64 /tmp/folio-hosted-queue-1622d9963f2d480fad43029d01951ab1/iphone/dd/SDKExplicitPrecompiledModules/CoreMotion-54ITH53W6MSC53MQAARRLT63S.pcm

SwiftExplicitDependencyGeneratePcm arm64 /tmp/folio-hosted-queue-1622d9963f2d480fad43029d01951ab1/iphone/dd/SDKExplicitPrecompiledModules/Metal-DNPA1LRSNTE9IM9FUCJJHQ1PV.pcm

SwiftExplicitDependencyGeneratePcm x86_64 /tmp/folio-hosted-queue-1622d9963f2d480fad43029d01951ab1/iphone/dd/SDKExplicitPrecompiledModules/CoreMotion-EEMW1M9MQFPAMH7H5D6H7EXGB.pcm

SwiftExplicitDependencyGeneratePcm x86_64 /tmp/folio-hosted-queue-1622d9963f2d480fad43029d01951ab1/iphone/dd/SDKExplicitPrecompiledModules/CoreVideo-16F8MVBXBN1Y6DV0PC7IYOMKG.pcm

SwiftExplicitDependencyGeneratePcm arm64 /tmp/folio-hosted-queue-1622d9963f2d480fad43029d01951ab1/iphone/dd/SDKExplicitPrecompiledModules/CoreVideo-1PHSJPG7LA3GNM1E1M85ZA3M1.pcm

SwiftExplicitDependencyGeneratePcm x86_64 /tmp/folio-hosted-queue-1622d9963f2d480fad43029d01951ab1/iphone/dd/SDKExplicitPrecompiledModules/QuartzCore-4O4L5RV4HLKDFBL5B4SHFH7IW.pcm

SwiftExplicitDependencyGeneratePcm x86_64 /tmp/folio-hosted-queue-1622d9963f2d480fad43029d01951ab1/iphone/dd/SDKExplicitPrecompiledModules/CoreImage-DRYH5XU2RAYD8FSI8XM8OZ6ZA.pcm

SwiftExplicitDependencyGeneratePcm x86_64 /tmp/folio-hosted-queue-1622d9963f2d480fad43029d01951ab1/iphone/dd/SDKExplicitPrecompiledModules/CoreMedia-1AD9EWMNY1ZKKYICGIZAVI13W.pcm

SwiftExplicitDependencyGeneratePcm arm64 /tmp/folio-hosted-queue-1622d9963f2d480fad43029d01951ab1/iphone/dd/SDKExplicitPrecompiledModules/CoreMedia-8A2XE6GGLCOF8HG9XD1LNSSLL.pcm

SwiftExplicitDependencyGeneratePcm arm64 /tmp/folio-hosted-queue-1622d9963f2d480fad43029d01951ab1/iphone/dd/SDKExplicitPrecompiledModules/CoreImage-BFCRNA1CZS1OA8NWMDU0WQ4BO.pcm

SwiftExplicitDependencyGeneratePcm arm64 /tmp/folio-hosted-queue-1622d9963f2d480fad43029d01951ab1/iphone/dd/SDKExplicitPrecompiledModules/QuartzCore-10RHCP2Q7R3SFYIEN6C15IMXJ.pcm

SwiftExplicitDependencyGeneratePcm x86_64 /tmp/folio-hosted-queue-1622d9963f2d480fad43029d01951ab1/iphone/dd/SDKExplicitPrecompiledModules/SwiftUICore-24ZLL292FRMD4KQXV4F6AK4MD.pcm

SwiftExplicitDependencyGeneratePcm x86_64 /tmp/folio-hosted-queue-1622d9963f2d480fad43029d01951ab1/iphone/dd/SDKExplicitPrecompiledModules/UIKit-6S1KJ1CZ9BPZ0JIDJXPYX8FNX.pcm

SwiftExplicitDependencyGeneratePcm arm64 /tmp/folio-hosted-queue-1622d9963f2d480fad43029d01951ab1/iphone/dd/SDKExplicitPrecompiledModules/SwiftUICore-57FVMY134IW7WQNO5IOKYRO3U.pcm

SwiftExplicitDependencyGeneratePcm arm64 /tmp/folio-hosted-queue-1622d9963f2d480fad43029d01951ab1/iphone/dd/SDKExplicitPrecompiledModules/UIKit-69NS1GEVEAEIR1WBWCWUIA2CL.pcm

SwiftExplicitDependencyGeneratePcm x86_64 /tmp/folio-hosted-queue-1622d9963f2d480fad43029d01951ab1/iphone/dd/SDKExplicitPrecompiledModules/SwiftUI-8TPNH9MV933UBAXQ899HMP3H9.pcm

SwiftExplicitDependencyGeneratePcm x86_64 /tmp/folio-hosted-queue-1622d9963f2d480fad43029d01951ab1/iphone/dd/SDKExplicitPrecompiledModules/WebKit-9MQN711K8NYCMDQ0FCYEU57FK.pcm

SwiftExplicitDependencyGeneratePcm arm64 /tmp/folio-hosted-queue-1622d9963f2d480fad43029d01951ab1/iphone/dd/SDKExplicitPrecompiledModules/SwiftUI-55MA5YXCAQMU0WKINS41XKM2L.pcm

SwiftExplicitDependencyGeneratePcm arm64 /tmp/folio-hosted-queue-1622d9963f2d480fad43029d01951ab1/iphone/dd/SDKExplicitPrecompiledModules/WebKit-879TENB93L2AK2Z087CR042AB.pcm

SwiftCompile normal x86_64 Compiling\ Models.swift /Users/tianli/Library/Caches/sim-lane/platform-measure/sim-lane-build.e6982c0791732bfce73b18268bda234214598f596023b7e4fb5e4d72f08f88e6/sim-lane-build.ixvqzr98/src/Sources/Models.swift (in target 'FolioMobile' from project 'FolioMobile')

SwiftCompile normal x86_64 /Users/tianli/Library/Caches/sim-lane/platform-measure/sim-lane-build.e6982c0791732bfce73b18268bda234214598f596023b7e4fb5e4d72f08f88e6/sim-lane-build.ixvqzr98/src/Sources/Models.swift (in target 'FolioMobile' from project 'FolioMobile')
    cd /tmp/folio-hosted-queue-1622d9963f2d480fad43029d01951ab1/iphone
    builtin-SwiftPerFileCompile Models.swift

SwiftEmitModule normal x86_64 Emitting\ module\ for\ Folio (in target 'FolioMobile' from project 'FolioMobile')

SwiftCompile normal x86_64 (in target 'FolioMobile' from project 'FolioMobile')
    cd /tmp/folio-hosted-queue-1622d9963f2d480fad43029d01951ab1/iphone
    

SwiftCompile normal x86_64 Compiling\ MarkdownExport.swift,\ MobileEditor.swift /Users/tianli/Library/Caches/sim-lane/platform-measure/sim-lane-build.e6982c0791732bfce73b18268bda234214598f596023b7e4fb5e4d72f08f88e6/sim-lane-build.ixvqzr98/src/ios/01-源程序/Sources/MarkdownExport.swift /Users/tianli/Library/Caches/sim-lane/platform-measure/sim-lane-build.e6982c0791732bfce73b18268bda234214598f596023b7e4fb5e4d72f08f88e6/sim-lane-build.ixvqzr98/src/ios/01-源程序/Sources/MobileEditor.swift (in target 'FolioMobile' from project 'FolioMobile')

SwiftCompile normal x86_64 /Users/tianli/Library/Caches/sim-lane/platform-measure/sim-lane-build.e6982c0791732bfce73b18268bda234214598f596023b7e4fb5e4d72f08f88e6/sim-lane-build.ixvqzr98/src/ios/01-源程序/Sources/MarkdownExport.swift (in target 'FolioMobile' from project 'FolioMobile')
    cd /tmp/folio-hosted-queue-1622d9963f2d480fad43029d01951ab1/iphone
    builtin-SwiftPerFileCompile MarkdownExport.swift

SwiftCompile normal x86_64 /Users/tianli/Library/Caches/sim-lane/platform-measure/sim-lane-build.e6982c0791732bfce73b18268bda234214598f596023b7e4fb5e4d72f08f88e6/sim-lane-build.ixvqzr98/src/ios/01-源程序/Sources/MobileEditor.swift (in target 'FolioMobile' from project 'FolioMobile')
    cd /tmp/folio-hosted-queue-1622d9963f2d480fad43029d01951ab1/iphone
    builtin-SwiftPerFileCompile MobileEditor.swift

SwiftCompile normal x86_64 Compiling\ IndexEngine.swift,\ LaneSignal.swift /Users/tianli/Library/Caches/sim-lane/platform-measure/sim-lane-build.e6982c0791732bfce73b18268bda234214598f596023b7e4fb5e4d72f08f88e6/sim-lane-build.ixvqzr98/src/Sources/IndexEngine.swift /Users/tianli/Library/Caches/sim-lane/platform-measure/sim-lane-build.e6982c0791732bfce73b18268bda234214598f596023b7e4fb5e4d72f08f88e6/sim-lane-build.ixvqzr98/src/ios/01-源程序/Shared/LaneSignal.swift (in target 'FolioMobile' from project 'FolioMobile')

SwiftCompile normal x86_64 /Users/tianli/Library/Caches/sim-lane/platform-measure/sim-lane-build.e6982c0791732bfce73b18268bda234214598f596023b7e4fb5e4d72f08f88e6/sim-lane-build.ixvqzr98/src/Sources/IndexEngine.swift (in target 'FolioMobile' from project 'FolioMobile')
    cd /tmp/folio-hosted-queue-1622d9963f2d480fad43029d01951ab1/iphone
    builtin-SwiftPerFileCompile IndexEngine.swift

SwiftCompile normal x86_64 /Users/tianli/Library/Caches/sim-lane/platform-measure/sim-lane-build.e6982c0791732bfce73b18268bda234214598f596023b7e4fb5e4d72f08f88e6/sim-lane-build.ixvqzr98/src/ios/01-源程序/Shared/LaneSignal.swift (in target 'FolioMobile' from project 'FolioMobile')
    cd /tmp/folio-hosted-queue-1622d9963f2d480fad43029d01951ab1/iphone
    builtin-SwiftPerFileCompile LaneSignal.swift

SwiftCompile normal x86_64 Compiling\ AppLifecycleMobile.swift,\ ContentView.swift /Users/tianli/Library/Caches/sim-lane/platform-measure/sim-lane-build.e6982c0791732bfce73b18268bda234214598f596023b7e4fb5e4d72f08f88e6/sim-lane-build.ixvqzr98/src/ios/01-源程序/Shared/AppLifecycleMobile.swift /Users/tianli/Library/Caches/sim-lane/platform-measure/sim-lane-build.e6982c0791732bfce73b18268bda234214598f596023b7e4fb5e4d72f08f88e6/sim-lane-build.ixvqzr98/src/ios/01-源程序/Sources/ContentView.swift (in target 'FolioMobile' from project 'FolioMobile')

SwiftCompile normal x86_64 /Users/tianli/Library/Caches/sim-lane/platform-measure/sim-lane-build.e6982c0791732bfce73b18268bda234214598f596023b7e4fb5e4d72f08f88e6/sim-lane-build.ixvqzr98/src/ios/01-源程序/Shared/AppLifecycleMobile.swift (in target 'FolioMobile' from project 'FolioMobile')
    cd /tmp/folio-hosted-queue-1622d9963f2d480fad43029d01951ab1/iphone
    builtin-SwiftPerFileCompile AppLifecycleMobile.swift

SwiftCompile normal x86_64 /Users/tianli/Library/Caches/sim-lane/platform-measure/sim-lane-build.e6982c0791732bfce73b18268bda234214598f596023b7e4fb5e4d72f08f88e6/sim-lane-build.ixvqzr98/src/ios/01-源程序/Sources/ContentView.swift (in target 'FolioMobile' from project 'FolioMobile')
    cd /tmp/folio-hosted-queue-1622d9963f2d480fad43029d01951ab1/iphone
    builtin-SwiftPerFileCompile ContentView.swift

SwiftCompile normal x86_64 Compiling\ AppConfiguration.swift,\ AppLifecycle.swift /Users/tianli/Library/Caches/sim-lane/platform-measure/sim-lane-build.e6982c0791732bfce73b18268bda234214598f596023b7e4fb5e4d72f08f88e6/sim-lane-build.ixvqzr98/src/ios/01-源程序/Shared/AppConfiguration.swift /Users/tianli/Library/Caches/sim-lane/platform-measure/sim-lane-build.e6982c0791732bfce73b18268bda234214598f596023b7e4fb5e4d72f08f88e6/sim-lane-build.ixvqzr98/src/ios/01-源程序/Shared/AppLifecycle.swift (in target 'FolioMobile' from project 'FolioMobile')

SwiftCompile normal x86_64 /Users/tianli/Library/Caches/sim-lane/platform-measure/sim-lane-build.e6982c0791732bfce73b18268bda234214598f596023b7e4fb5e4d72f08f88e6/sim-lane-build.ixvqzr98/src/ios/01-源程序/Shared/AppConfiguration.swift (in target 'FolioMobile' from project 'FolioMobile')
    cd /tmp/folio-hosted-queue-1622d9963f2d480fad43029d01951ab1/iphone
    builtin-SwiftPerFileCompile AppConfiguration.swift

SwiftCompile normal x86_64 /Users/tianli/Library/Caches/sim-lane/platform-measure/sim-lane-build.e6982c0791732bfce73b18268bda234214598f596023b7e4fb5e4d72f08f88e6/sim-lane-build.ixvqzr98/src/ios/01-源程序/Shared/AppLifecycle.swift (in target 'FolioMobile' from project 'FolioMobile')
    cd /tmp/folio-hosted-queue-1622d9963f2d480fad43029d01951ab1/iphone
    builtin-SwiftPerFileCompile AppLifecycle.swift

SwiftCompile normal x86_64 Compiling\ PlatformCompat.swift /Users/tianli/Library/Caches/sim-lane/platform-measure/sim-lane-build.e6982c0791732bfce73b18268bda234214598f596023b7e4fb5e4d72f08f88e6/sim-lane-build.ixvqzr98/src/ios/01-源程序/Shared/PlatformCompat.swift (in target 'FolioMobile' from project 'FolioMobile')

SwiftCompile normal x86_64 /Users/tianli/Library/Caches/sim-lane/platform-measure/sim-lane-build.e6982c0791732bfce73b18268bda234214598f596023b7e4fb5e4d72f08f88e6/sim-lane-build.ixvqzr98/src/ios/01-源程序/Shared/PlatformCompat.swift (in target 'FolioMobile' from project 'FolioMobile')
    cd /tmp/folio-hosted-queue-1622d9963f2d480fad43029d01951ab1/iphone
    builtin-SwiftPerFileCompile PlatformCompat.swift

SwiftCompile normal x86_64 Compiling\ GeneratedAssetSymbols.swift /tmp/folio-hosted-queue-1622d9963f2d480fad43029d01951ab1/iphone/dd/Build/Intermediates.noindex/FolioMobile.build/Debug-iphonesimulator/FolioMobile.build/DerivedSources/GeneratedAssetSymbols.swift (in target 'FolioMobile' from project 'FolioMobile')

SwiftCompile normal x86_64 /tmp/folio-hosted-queue-1622d9963f2d480fad43029d01951ab1/iphone/dd/Build/Intermediates.noindex/FolioMobile.build/Debug-iphonesimulator/FolioMobile.build/DerivedSources/GeneratedAssetSymbols.swift (in target 'FolioMobile' from project 'FolioMobile')
    cd /tmp/folio-hosted-queue-1622d9963f2d480fad43029d01951ab1/iphone
    builtin-SwiftPerFileCompile GeneratedAssetSymbols.swift

SwiftCompile normal x86_64 Compiling\ MobileStore.swift /Users/tianli/Library/Caches/sim-lane/platform-measure/sim-lane-build.e6982c0791732bfce73b18268bda234214598f596023b7e4fb5e4d72f08f88e6/sim-lane-build.ixvqzr98/src/ios/01-源程序/Sources/MobileStore.swift (in target 'FolioMobile' from project 'FolioMobile')
/Users/tianli/Library/Caches/sim-lane/platform-measure/sim-lane-build.e6982c0791732bfce73b18268bda234214598f596023b7e4fb5e4d72f08f88e6/sim-lane-build.ixvqzr98/src/ios/01-源程序/Sources/MobileStore.swift:35:13: warning: result of 'try?' is unused [#NoUsage]
33 |            let fixture = Bundle.main.url(forResource: "demo", withExtension: "md"),
34 |            let text = try? String(contentsOf: fixture, encoding: .utf8) {
35 |             try? workspace.newDocument(text: text)
   |             `- warning: result of 'try?' is unused [#NoUsage]
36 |         }
37 |         refresh()

[#NoUsage]: <https://docs.swift.org/compiler/documentation/diagnostics/no-usage>

SwiftCompile normal x86_64 /Users/tianli/Library/Caches/sim-lane/platform-measure/sim-lane-build.e6982c0791732bfce73b18268bda234214598f596023b7e4fb5e4d72f08f88e6/sim-lane-build.ixvqzr98/src/ios/01-源程序/Sources/MobileStore.swift (in target 'FolioMobile' from project 'FolioMobile')
    cd /tmp/folio-hosted-queue-1622d9963f2d480fad43029d01951ab1/iphone
    builtin-SwiftPerFileCompile MobileStore.swift

SwiftCompile normal x86_64 Compiling\ MobileProductLifecycle.swift /Users/tianli/Library/Caches/sim-lane/platform-measure/sim-lane-build.e6982c0791732bfce73b18268bda234214598f596023b7e4fb5e4d72f08f88e6/sim-lane-build.ixvqzr98/src/ios/01-源程序/Sources/MobileProductLifecycle.swift (in target 'FolioMobile' from project 'FolioMobile')

SwiftCompile normal x86_64 /Users/tianli/Library/Caches/sim-lane/platform-measure/sim-lane-build.e6982c0791732bfce73b18268bda234214598f596023b7e4fb5e4d72f08f88e6/sim-lane-build.ixvqzr98/src/ios/01-源程序/Sources/MobileProductLifecycle.swift (in target 'FolioMobile' from project 'FolioMobile')
    cd /tmp/folio-hosted-queue-1622d9963f2d480fad43029d01951ab1/iphone
    builtin-SwiftPerFileCompile MobileProductLifecycle.swift

SwiftEmitModule normal arm64 Emitting\ module\ for\ Folio (in target 'FolioMobile' from project 'FolioMobile')

SwiftCompile normal arm64 (in target 'FolioMobile' from project 'FolioMobile')
    cd /tmp/folio-hosted-queue-1622d9963f2d480fad43029d01951ab1/iphone
    

SwiftDriverJobDiscovery normal x86_64 Emitting module for Folio (in target 'FolioMobile' from project 'FolioMobile')

SwiftDriver\ Compilation\ Requirements FolioMobile normal x86_64 com.apple.xcode.tools.swift.compiler (in target 'FolioMobile' from project 'FolioMobile')
    cd /tmp/folio-hosted-queue-1622d9963f2d480fad43029d01951ab1/iphone
    builtin-Swift-Compilation-Requirements -- /Applications/Xcode.app/Contents/Developer/Toolchains/XcodeDefault.xctoolchain/usr/bin/swiftc -module-name Folio -Onone @/tmp/folio-hosted-queue-1622d9963f2d480fad43029d01951ab1/iphone/dd/Build/Intermediates.noindex/FolioMobile.build/Debug-iphonesimulator/FolioMobile.build/Objects-normal/x86_64/Folio.SwiftFileList -DDEBUG -enable-bare-slash-regex -enable-experimental-feature DebugDescriptionMacro -sdk /Applications/Xcode.app/Contents/Developer/Platforms/iPhoneSimulator.platform/Developer/SDKs/iPhoneSimulator27.0.sdk -target x86_64-apple-ios18.0-simulator -g -module-cache-path /tmp/folio-hosted-queue-1622d9963f2d480fad43029d01951ab1/iphone/dd/ModuleCache.noindex -Xfrontend -serialize-debugging-options -enable-testing -index-store-path /tmp/folio-hosted-queue-1622d9963f2d480fad43029d01951ab1/iphone/dd/Index.noindex/DataStore -Xcc -D_LIBCPP_HARDENING_MODE\=_LIBCPP_HARDENING_MODE_DEBUG -swift-version 5 -I /tmp/folio-hosted-queue-1622d9963f2d480fad43029d01951ab1/iphone/dd/Build/Products/Debug-iphonesimulator -F /tmp/folio-hosted-queue-1622d9963f2d480fad43029d01951ab1/iphone/dd/Build/Products/Debug-iphonesimulator -c -j10 -enable-batch-mode -incremental -output-file-map /tmp/folio-hosted-queue-1622d9963f2d480fad43029d01951ab1/iphone/dd/Build/Intermediates.noindex/FolioMobile.build/Debug-iphonesimulator/FolioMobile.build/Objects-normal/x86_64/FolioMobile-OutputFileMap.json -save-temps -no-color-diagnostics -explicit-module-build -module-cache-path /tmp/folio-hosted-queue-1622d9963f2d480fad43029d01951ab1/iphone/dd/Build/Intermediates.noindex/SwiftExplicitPrecompiledModules -clang-scanner-module-cache-path /tmp/folio-hosted-queue-1622d9963f2d480fad43029d01951ab1/iphone/dd/ModuleCache.noindex -sdk-module-cache-path /tmp/folio-hosted-queue-1622d9963f2d480fad43029d01951ab1/iphone/dd/SDKExplicitPrecompiledModules -emit-dependencies -emit-module -emit-module-path /tmp/folio-hosted-queue-1622d9963f2d480fad43029d01951ab1/iphone/dd/Build/Intermediates.noindex/FolioMobile.build/Debug-iphonesimulator/FolioMobile.build/Objects-normal/x86_64/Folio.swiftmodule -serialize-diagnostics -dependency-scan-serialize-diagnostics-path /tmp/folio-hosted-queue-1622d9963f2d480fad43029d01951ab1/iphone/dd/Build/Intermediates.noindex/FolioMobile.build/Debug-iphonesimulator/FolioMobile.build/Objects-normal/x86_64/Folio-dependency-scan.dia -validate-clang-modules-once -clang-build-session-file /tmp/folio-hosted-queue-1622d9963f2d480fad43029d01951ab1/iphone/dd/ModuleCache.noindex/Session.modulevalidation -Xcc -fmodules-prune-interval\=86400 -Xcc -fmodules-prune-after\=345600 -emit-const-values -const-gather-protocols-list /tmp/folio-hosted-queue-1622d9963f2d480fad43029d01951ab1/iphone/dd/Build/Intermediates.noindex/FolioMobile.build/Debug-iphonesimulator/FolioMobile.build/Objects-normal/x86_64/FolioMobile_const_extract_protocols.json -Xcc -iquote -Xcc /tmp/folio-hosted-queue-1622d9963f2d480fad43029d01951ab1/iphone/dd/Build/Intermediates.noindex/FolioMobile.build/Debug-iphonesimulator/FolioMobile.build/Folio-generated-files.hmap -Xcc -I/tmp/folio-hosted-queue-1622d9963f2d480fad43029d01951ab1/iphone/dd/Build/Intermediates.noindex/FolioMobile.build/Debug-iphonesimulator/FolioMobile.build/Folio-own-target-headers.hmap -Xcc -I/tmp/folio-hosted-queue-1622d9963f2d480fad43029d01951ab1/iphone/dd/Build/Intermediates.noindex/FolioMobile.build/Debug-iphonesimulator/FolioMobile.build/Folio-all-target-headers.hmap -Xcc -iquote -Xcc /tmp/folio-hosted-queue-1622d9963f2d480fad43029d01951ab1/iphone/dd/Build/Intermediates.noindex/FolioMobile.build/Debug-iphonesimulator/FolioMobile.build/Folio-project-headers.hmap -Xcc -I/tmp/folio-hosted-queue-1622d9963f2d480fad43029d01951ab1/iphone/dd/Build/Products/Debug-iphonesimulator/include -Xcc -I/tmp/folio-hosted-queue-1622d9963f2d480fad43029d01951ab1/iphone/dd/Build/Intermediates.noindex/FolioMobile.build/Debug-iphonesimulator/FolioMobile.build/DerivedSources-normal/x86_64 -Xcc -I/tmp/folio-hosted-queue-1622d9963f2d480fad43029d01951ab1/iphone/dd/Build/Intermediates.noindex/FolioMobile.build/Debug-iphonesimulator/FolioMobile.build/DerivedSources/x86_64 -Xcc -I/tmp/folio-hosted-queue-1622d9963f2d480fad43029d01951ab1/iphone/dd/Build/Intermediates.noindex/FolioMobile.build/Debug-iphonesimulator/FolioMobile.build/DerivedSources -Xcc -DDEBUG\=1 -emit-objc-header -emit-objc-header-path /tmp/folio-hosted-queue-1622d9963f2d480fad43029d01951ab1/iphone/dd/Build/Intermediates.noindex/FolioMobile.build/Debug-iphonesimulator/FolioMobile.build/Objects-normal/x86_64/Folio-Swift.h -working-directory /tmp/folio-hosted-queue-1622d9963f2d480fad43029d01951ab1/iphone -experimental-emit-module-separately -disable-cmo

SwiftDriverJobDiscovery normal arm64 Emitting module for Folio (in target 'FolioMobile' from project 'FolioMobile')

SwiftCompile normal arm64 Compiling\ DocumentWorkspace.swift,\ FolioMobileApp.swift /Users/tianli/Library/Caches/sim-lane/platform-measure/sim-lane-build.e6982c0791732bfce73b18268bda234214598f596023b7e4fb5e4d72f08f88e6/sim-lane-build.ixvqzr98/src/ios/01-源程序/Sources/DocumentWorkspace.swift /Users/tianli/Library/Caches/sim-lane/platform-measure/sim-lane-build.e6982c0791732bfce73b18268bda234214598f596023b7e4fb5e4d72f08f88e6/sim-lane-build.ixvqzr98/src/ios/01-源程序/Sources/FolioMobileApp.swift (in target 'FolioMobile' from project 'FolioMobile')

SwiftCompile normal arm64 /Users/tianli/Library/Caches/sim-lane/platform-measure/sim-lane-build.e6982c0791732bfce73b18268bda234214598f596023b7e4fb5e4d72f08f88e6/sim-lane-build.ixvqzr98/src/ios/01-源程序/Sources/DocumentWorkspace.swift (in target 'FolioMobile' from project 'FolioMobile')
    cd /tmp/folio-hosted-queue-1622d9963f2d480fad43029d01951ab1/iphone
    builtin-SwiftPerFileCompile DocumentWorkspace.swift

SwiftCompile normal arm64 /Users/tianli/Library/Caches/sim-lane/platform-measure/sim-lane-build.e6982c0791732bfce73b18268bda234214598f596023b7e4fb5e4d72f08f88e6/sim-lane-build.ixvqzr98/src/ios/01-源程序/Sources/FolioMobileApp.swift (in target 'FolioMobile' from project 'FolioMobile')
    cd /tmp/folio-hosted-queue-1622d9963f2d480fad43029d01951ab1/iphone
    builtin-SwiftPerFileCompile FolioMobileApp.swift

SwiftDriverJobDiscovery normal x86_64 Compiling MobileProductLifecycle.swift (in target 'FolioMobile' from project 'FolioMobile')

SwiftDriver\ Compilation\ Requirements FolioMobile normal arm64 com.apple.xcode.tools.swift.compiler (in target 'FolioMobile' from project 'FolioMobile')
    cd /tmp/folio-hosted-queue-1622d9963f2d480fad43029d01951ab1/iphone
    builtin-Swift-Compilation-Requirements -- /Applications/Xcode.app/Contents/Developer/Toolchains/XcodeDefault.xctoolchain/usr/bin/swiftc -module-name Folio -Onone @/tmp/folio-hosted-queue-1622d9963f2d480fad43029d01951ab1/iphone/dd/Build/Intermediates.noindex/FolioMobile.build/Debug-iphonesimulator/FolioMobile.build/Objects-normal/arm64/Folio.SwiftFileList -DDEBUG -enable-bare-slash-regex -enable-experimental-feature DebugDescriptionMacro -sdk /Applications/Xcode.app/Contents/Developer/Platforms/iPhoneSimulator.platform/Developer/SDKs/iPhoneSimulator27.0.sdk -target arm64-apple-ios18.0-simulator -g -module-cache-path /tmp/folio-hosted-queue-1622d9963f2d480fad43029d01951ab1/iphone/dd/ModuleCache.noindex -Xfrontend -serialize-debugging-options -enable-testing -index-store-path /tmp/folio-hosted-queue-1622d9963f2d480fad43029d01951ab1/iphone/dd/Index.noindex/DataStore -Xcc -D_LIBCPP_HARDENING_MODE\=_LIBCPP_HARDENING_MODE_DEBUG -swift-version 5 -I /tmp/folio-hosted-queue-1622d9963f2d480fad43029d01951ab1/iphone/dd/Build/Products/Debug-iphonesimulator -F /tmp/folio-hosted-queue-1622d9963f2d480fad43029d01951ab1/iphone/dd/Build/Products/Debug-iphonesimulator -c -j10 -enable-batch-mode -incremental -output-file-map /tmp/folio-hosted-queue-1622d9963f2d480fad43029d01951ab1/iphone/dd/Build/Intermediates.noindex/FolioMobile.build/Debug-iphonesimulator/FolioMobile.build/Objects-normal/arm64/FolioMobile-OutputFileMap.json -save-temps -no-color-diagnostics -explicit-module-build -module-cache-path /tmp/folio-hosted-queue-1622d9963f2d480fad43029d01951ab1/iphone/dd/Build/Intermediates.noindex/SwiftExplicitPrecompiledModules -clang-scanner-module-cache-path /tmp/folio-hosted-queue-1622d9963f2d480fad43029d01951ab1/iphone/dd/ModuleCache.noindex -sdk-module-cache-path /tmp/folio-hosted-queue-1622d9963f2d480fad43029d01951ab1/iphone/dd/SDKExplicitPrecompiledModules -emit-dependencies -emit-module -emit-module-path /tmp/folio-hosted-queue-1622d9963f2d480fad43029d01951ab1/iphone/dd/Build/Intermediates.noindex/FolioMobile.build/Debug-iphonesimulator/FolioMobile.build/Objects-normal/arm64/Folio.swiftmodule -serialize-diagnostics -dependency-scan-serialize-diagnostics-path /tmp/folio-hosted-queue-1622d9963f2d480fad43029d01951ab1/iphone/dd/Build/Intermediates.noindex/FolioMobile.build/Debug-iphonesimulator/FolioMobile.build/Objects-normal/arm64/Folio-dependency-scan.dia -validate-clang-modules-once -clang-build-session-file /tmp/folio-hosted-queue-1622d9963f2d480fad43029d01951ab1/iphone/dd/ModuleCache.noindex/Session.modulevalidation -Xcc -fmodules-prune-interval\=86400 -Xcc -fmodules-prune-after\=345600 -emit-const-values -const-gather-protocols-list /tmp/folio-hosted-queue-1622d9963f2d480fad43029d01951ab1/iphone/dd/Build/Intermediates.noindex/FolioMobile.build/Debug-iphonesimulator/FolioMobile.build/Objects-normal/arm64/FolioMobile_const_extract_protocols.json -Xcc -iquote -Xcc /tmp/folio-hosted-queue-1622d9963f2d480fad43029d01951ab1/iphone/dd/Build/Intermediates.noindex/FolioMobile.build/Debug-iphonesimulator/FolioMobile.build/Folio-generated-files.hmap -Xcc -I/tmp/folio-hosted-queue-1622d9963f2d480fad43029d01951ab1/iphone/dd/Build/Intermediates.noindex/FolioMobile.build/Debug-iphonesimulator/FolioMobile.build/Folio-own-target-headers.hmap -Xcc -I/tmp/folio-hosted-queue-1622d9963f2d480fad43029d01951ab1/iphone/dd/Build/Intermediates.noindex/FolioMobile.build/Debug-iphonesimulator/FolioMobile.build/Folio-all-target-headers.hmap -Xcc -iquote -Xcc /tmp/folio-hosted-queue-1622d9963f2d480fad43029d01951ab1/iphone/dd/Build/Intermediates.noindex/FolioMobile.build/Debug-iphonesimulator/FolioMobile.build/Folio-project-headers.hmap -Xcc -I/tmp/folio-hosted-queue-1622d9963f2d480fad43029d01951ab1/iphone/dd/Build/Products/Debug-iphonesimulator/include -Xcc -I/tmp/folio-hosted-queue-1622d9963f2d480fad43029d01951ab1/iphone/dd/Build/Intermediates.noindex/FolioMobile.build/Debug-iphonesimulator/FolioMobile.build/DerivedSources-normal/arm64 -Xcc -I/tmp/folio-hosted-queue-1622d9963f2d480fad43029d01951ab1/iphone/dd/Build/Intermediates.noindex/FolioMobile.build/Debug-iphonesimulator/FolioMobile.build/DerivedSources/arm64 -Xcc -I/tmp/folio-hosted-queue-1622d9963f2d480fad43029d01951ab1/iphone/dd/Build/Intermediates.noindex/FolioMobile.build/Debug-iphonesimulator/FolioMobile.build/DerivedSources -Xcc -DDEBUG\=1 -emit-objc-header -emit-objc-header-path /tmp/folio-hosted-queue-1622d9963f2d480fad43029d01951ab1/iphone/dd/Build/Intermediates.noindex/FolioMobile.build/Debug-iphonesimulator/FolioMobile.build/Objects-normal/arm64/Folio-Swift.h -working-directory /tmp/folio-hosted-queue-1622d9963f2d480fad43029d01951ab1/iphone -experimental-emit-module-separately -disable-cmo

SwiftCompile normal arm64 Compiling\ PlatformCompat.swift /Users/tianli/Library/Caches/sim-lane/platform-measure/sim-lane-build.e6982c0791732bfce73b18268bda234214598f596023b7e4fb5e4d72f08f88e6/sim-lane-build.ixvqzr98/src/ios/01-源程序/Shared/PlatformCompat.swift (in target 'FolioMobile' from project 'FolioMobile')

SwiftCompile normal arm64 /Users/tianli/Library/Caches/sim-lane/platform-measure/sim-lane-build.e6982c0791732bfce73b18268bda234214598f596023b7e4fb5e4d72f08f88e6/sim-lane-build.ixvqzr98/src/ios/01-源程序/Shared/PlatformCompat.swift (in target 'FolioMobile' from project 'FolioMobile')
    cd /tmp/folio-hosted-queue-1622d9963f2d480fad43029d01951ab1/iphone
    builtin-SwiftPerFileCompile PlatformCompat.swift

SwiftMergeGeneratedHeaders /tmp/folio-hosted-queue-1622d9963f2d480fad43029d01951ab1/iphone/dd/Build/Intermediates.noindex/FolioMobile.build/Debug-iphonesimulator/FolioMobile.build/DerivedSources/Folio-Swift.h /tmp/folio-hosted-queue-1622d9963f2d480fad43029d01951ab1/iphone/dd/Build/Intermediates.noindex/FolioMobile.build/Debug-iphonesimulator/FolioMobile.build/Objects-normal/arm64/Folio-Swift.h /tmp/folio-hosted-queue-1622d9963f2d480fad43029d01951ab1/iphone/dd/Build/Intermediates.noindex/FolioMobile.build/Debug-iphonesimulator/FolioMobile.build/Objects-normal/x86_64/Folio-Swift.h (in target 'FolioMobile' from project 'FolioMobile')
    cd /tmp/folio-hosted-queue-1622d9963f2d480fad43029d01951ab1/iphone
    builtin-swiftHeaderTool -arch arm64 /tmp/folio-hosted-queue-1622d9963f2d480fad43029d01951ab1/iphone/dd/Build/Intermediates.noindex/FolioMobile.build/Debug-iphonesimulator/FolioMobile.build/Objects-normal/arm64/Folio-Swift.h -arch x86_64 /tmp/folio-hosted-queue-1622d9963f2d480fad43029d01951ab1/iphone/dd/Build/Intermediates.noindex/FolioMobile.build/Debug-iphonesimulator/FolioMobile.build/Objects-normal/x86_64/Folio-Swift.h -o /tmp/folio-hosted-queue-1622d9963f2d480fad43029d01951ab1/iphone/dd/Build/Intermediates.noindex/FolioMobile.build/Debug-iphonesimulator/FolioMobile.build/DerivedSources/Folio-Swift.h

SwiftDriverJobDiscovery normal x86_64 Compiling GeneratedAssetSymbols.swift (in target 'FolioMobile' from project 'FolioMobile')

Copy /tmp/folio-hosted-queue-1622d9963f2d480fad43029d01951ab1/iphone/dd/Build/Products/Debug-iphonesimulator/Folio.swiftmodule/x86_64-apple-ios-simulator.swiftmodule /tmp/folio-hosted-queue-1622d9963f2d480fad43029d01951ab1/iphone/dd/Build/Intermediates.noindex/FolioMobile.build/Debug-iphonesimulator/FolioMobile.build/Objects-normal/x86_64/Folio.swiftmodule (in target 'FolioMobile' from project 'FolioMobile')
    cd /tmp/folio-hosted-queue-1622d9963f2d480fad43029d01951ab1/iphone
    builtin-copy -exclude .DS_Store -exclude CVS -exclude .svn -exclude .git -exclude .hg -resolve-src-symlinks -rename /tmp/folio-hosted-queue-1622d9963f2d480fad43029d01951ab1/iphone/dd/Build/Intermediates.noindex/FolioMobile.build/Debug-iphonesimulator/FolioMobile.build/Objects-normal/x86_64/Folio.swiftmodule /tmp/folio-hosted-queue-1622d9963f2d480fad43029d01951ab1/iphone/dd/Build/Products/Debug-iphonesimulator/Folio.swiftmodule/x86_64-apple-ios-simulator.swiftmodule

Copy /tmp/folio-hosted-queue-1622d9963f2d480fad43029d01951ab1/iphone/dd/Build/Products/Debug-iphonesimulator/Folio.swiftmodule/x86_64-apple-ios-simulator.swiftdoc /tmp/folio-hosted-queue-1622d9963f2d480fad43029d01951ab1/iphone/dd/Build/Intermediates.noindex/FolioMobile.build/Debug-iphonesimulator/FolioMobile.build/Objects-normal/x86_64/Folio.swiftdoc (in target 'FolioMobile' from project 'FolioMobile')
    cd /tmp/folio-hosted-queue-1622d9963f2d480fad43029d01951ab1/iphone
    builtin-copy -exclude .DS_Store -exclude CVS -exclude .svn -exclude .git -exclude .hg -resolve-src-symlinks -rename /tmp/folio-hosted-queue-1622d9963f2d480fad43029d01951ab1/iphone/dd/Build/Intermediates.noindex/FolioMobile.build/Debug-iphonesimulator/FolioMobile.build/Objects-normal/x86_64/Folio.swiftdoc /tmp/folio-hosted-queue-1622d9963f2d480fad43029d01951ab1/iphone/dd/Build/Products/Debug-iphonesimulator/Folio.swiftmodule/x86_64-apple-ios-simulator.swiftdoc

Copy /tmp/folio-hosted-queue-1622d9963f2d480fad43029d01951ab1/iphone/dd/Build/Products/Debug-iphonesimulator/Folio.swiftmodule/x86_64-apple-ios-simulator.abi.json /tmp/folio-hosted-queue-1622d9963f2d480fad43029d01951ab1/iphone/dd/Build/Intermediates.noindex/FolioMobile.build/Debug-iphonesimulator/FolioMobile.build/Objects-normal/x86_64/Folio.abi.json (in target 'FolioMobile' from project 'FolioMobile')
    cd /tmp/folio-hosted-queue-1622d9963f2d480fad43029d01951ab1/iphone
    builtin-copy -exclude .DS_Store -exclude CVS -exclude .svn -exclude .git -exclude .hg -resolve-src-symlinks -rename /tmp/folio-hosted-queue-1622d9963f2d480fad43029d01951ab1/iphone/dd/Build/Intermediates.noindex/FolioMobile.build/Debug-iphonesimulator/FolioMobile.build/Objects-normal/x86_64/Folio.abi.json /tmp/folio-hosted-queue-1622d9963f2d480fad43029d01951ab1/iphone/dd/Build/Products/Debug-iphonesimulator/Folio.swiftmodule/x86_64-apple-ios-simulator.abi.json

Copy /tmp/folio-hosted-queue-1622d9963f2d480fad43029d01951ab1/iphone/dd/Build/Products/Debug-iphonesimulator/Folio.swiftmodule/arm64-apple-ios-simulator.swiftmodule /tmp/folio-hosted-queue-1622d9963f2d480fad43029d01951ab1/iphone/dd/Build/Intermediates.noindex/FolioMobile.build/Debug-iphonesimulator/FolioMobile.build/Objects-normal/arm64/Folio.swiftmodule (in target 'FolioMobile' from project 'FolioMobile')
    cd /tmp/folio-hosted-queue-1622d9963f2d480fad43029d01951ab1/iphone
    builtin-copy -exclude .DS_Store -exclude CVS -exclude .svn -exclude .git -exclude .hg -resolve-src-symlinks -rename /tmp/folio-hosted-queue-1622d9963f2d480fad43029d01951ab1/iphone/dd/Build/Intermediates.noindex/FolioMobile.build/Debug-iphonesimulator/FolioMobile.build/Objects-normal/arm64/Folio.swiftmodule /tmp/folio-hosted-queue-1622d9963f2d480fad43029d01951ab1/iphone/dd/Build/Products/Debug-iphonesimulator/Folio.swiftmodule/arm64-apple-ios-simulator.swiftmodule

Copy /tmp/folio-hosted-queue-1622d9963f2d480fad43029d01951ab1/iphone/dd/Build/Products/Debug-iphonesimulator/Folio.swiftmodule/arm64-apple-ios-simulator.swiftdoc /tmp/folio-hosted-queue-1622d9963f2d480fad43029d01951ab1/iphone/dd/Build/Intermediates.noindex/FolioMobile.build/Debug-iphonesimulator/FolioMobile.build/Objects-normal/arm64/Folio.swiftdoc (in target 'FolioMobile' from project 'FolioMobile')
    cd /tmp/folio-hosted-queue-1622d9963f2d480fad43029d01951ab1/iphone
    builtin-copy -exclude .DS_Store -exclude CVS -exclude .svn -exclude .git -exclude .hg -resolve-src-symlinks -rename /tmp/folio-hosted-queue-1622d9963f2d480fad43029d01951ab1/iphone/dd/Build/Intermediates.noindex/FolioMobile.build/Debug-iphonesimulator/FolioMobile.build/Objects-normal/arm64/Folio.swiftdoc /tmp/folio-hosted-queue-1622d9963f2d480fad43029d01951ab1/iphone/dd/Build/Products/Debug-iphonesimulator/Folio.swiftmodule/arm64-apple-ios-simulator.swiftdoc

Copy /tmp/folio-hosted-queue-1622d9963f2d480fad43029d01951ab1/iphone/dd/Build/Products/Debug-iphonesimulator/Folio.swiftmodule/arm64-apple-ios-simulator.abi.json /tmp/folio-hosted-queue-1622d9963f2d480fad43029d01951ab1/iphone/dd/Build/Intermediates.noindex/FolioMobile.build/Debug-iphonesimulator/FolioMobile.build/Objects-normal/arm64/Folio.abi.json (in target 'FolioMobile' from project 'FolioMobile')
    cd /tmp/folio-hosted-queue-1622d9963f2d480fad43029d01951ab1/iphone
    builtin-copy -exclude .DS_Store -exclude CVS -exclude .svn -exclude .git -exclude .hg -resolve-src-symlinks -rename /tmp/folio-hosted-queue-1622d9963f2d480fad43029d01951ab1/iphone/dd/Build/Intermediates.noindex/FolioMobile.build/Debug-iphonesimulator/FolioMobile.build/Objects-normal/arm64/Folio.abi.json /tmp/folio-hosted-queue-1622d9963f2d480fad43029d01951ab1/iphone/dd/Build/Products/Debug-iphonesimulator/Folio.swiftmodule/arm64-apple-ios-simulator.abi.json

Copy /tmp/folio-hosted-queue-1622d9963f2d480fad43029d01951ab1/iphone/dd/Build/Products/Debug-iphonesimulator/Folio.swiftmodule/Project/x86_64-apple-ios-simulator.swiftsourceinfo /tmp/folio-hosted-queue-1622d9963f2d480fad43029d01951ab1/iphone/dd/Build/Intermediates.noindex/FolioMobile.build/Debug-iphonesimulator/FolioMobile.build/Objects-normal/x86_64/Folio.swiftsourceinfo (in target 'FolioMobile' from project 'FolioMobile')
    cd /tmp/folio-hosted-queue-1622d9963f2d480fad43029d01951ab1/iphone
    builtin-copy -exclude .DS_Store -exclude CVS -exclude .svn -exclude .git -exclude .hg -resolve-src-symlinks -rename /tmp/folio-hosted-queue-1622d9963f2d480fad43029d01951ab1/iphone/dd/Build/Intermediates.noindex/FolioMobile.build/Debug-iphonesimulator/FolioMobile.build/Objects-normal/x86_64/Folio.swiftsourceinfo /tmp/folio-hosted-queue-1622d9963f2d480fad43029d01951ab1/iphone/dd/Build/Products/Debug-iphonesimulator/Folio.swiftmodule/Project/x86_64-apple-ios-simulator.swiftsourceinfo

Copy /tmp/folio-hosted-queue-1622d9963f2d480fad43029d01951ab1/iphone/dd/Build/Products/Debug-iphonesimulator/Folio.swiftmodule/Project/arm64-apple-ios-simulator.swiftsourceinfo /tmp/folio-hosted-queue-1622d9963f2d480fad43029d01951ab1/iphone/dd/Build/Intermediates.noindex/FolioMobile.build/Debug-iphonesimulator/FolioMobile.build/Objects-normal/arm64/Folio.swiftsourceinfo (in target 'FolioMobile' from project 'FolioMobile')
    cd /tmp/folio-hosted-queue-1622d9963f2d480fad43029d01951ab1/iphone
    builtin-copy -exclude .DS_Store -exclude CVS -exclude .svn -exclude .git -exclude .hg -resolve-src-symlinks -rename /tmp/folio-hosted-queue-1622d9963f2d480fad43029d01951ab1/iphone/dd/Build/Intermediates.noindex/FolioMobile.build/Debug-iphonesimulator/FolioMobile.build/Objects-normal/arm64/Folio.swiftsourceinfo /tmp/folio-hosted-queue-1622d9963f2d480fad43029d01951ab1/iphone/dd/Build/Products/Debug-iphonesimulator/Folio.swiftmodule/Project/arm64-apple-ios-simulator.swiftsourceinfo

SwiftCompile normal arm64 Compiling\ AppConfiguration.swift,\ AppLifecycle.swift /Users/tianli/Library/Caches/sim-lane/platform-measure/sim-lane-build.e6982c0791732bfce73b18268bda234214598f596023b7e4fb5e4d72f08f88e6/sim-lane-build.ixvqzr98/src/ios/01-源程序/Shared/AppConfiguration.swift /Users/tianli/Library/Caches/sim-lane/platform-measure/sim-lane-build.e6982c0791732bfce73b18268bda234214598f596023b7e4fb5e4d72f08f88e6/sim-lane-build.ixvqzr98/src/ios/01-源程序/Shared/AppLifecycle.swift (in target 'FolioMobile' from project 'FolioMobile')

SwiftCompile normal arm64 /Users/tianli/Library/Caches/sim-lane/platform-measure/sim-lane-build.e6982c0791732bfce73b18268bda234214598f596023b7e4fb5e4d72f08f88e6/sim-lane-build.ixvqzr98/src/ios/01-源程序/Shared/AppConfiguration.swift (in target 'FolioMobile' from project 'FolioMobile')
    cd /tmp/folio-hosted-queue-1622d9963f2d480fad43029d01951ab1/iphone
    builtin-SwiftPerFileCompile AppConfiguration.swift

SwiftCompile normal arm64 /Users/tianli/Library/Caches/sim-lane/platform-measure/sim-lane-build.e6982c0791732bfce73b18268bda234214598f596023b7e4fb5e4d72f08f88e6/sim-lane-build.ixvqzr98/src/ios/01-源程序/Shared/AppLifecycle.swift (in target 'FolioMobile' from project 'FolioMobile')
    cd /tmp/folio-hosted-queue-1622d9963f2d480fad43029d01951ab1/iphone
    builtin-SwiftPerFileCompile AppLifecycle.swift

SwiftDriverJobDiscovery normal x86_64 Compiling AppConfiguration.swift, AppLifecycle.swift (in target 'FolioMobile' from project 'FolioMobile')

SwiftCompile normal arm64 Compiling\ MarkdownExport.swift,\ MobileEditor.swift /Users/tianli/Library/Caches/sim-lane/platform-measure/sim-lane-build.e6982c0791732bfce73b18268bda234214598f596023b7e4fb5e4d72f08f88e6/sim-lane-build.ixvqzr98/src/ios/01-源程序/Sources/MarkdownExport.swift /Users/tianli/Library/Caches/sim-lane/platform-measure/sim-lane-build.e6982c0791732bfce73b18268bda234214598f596023b7e4fb5e4d72f08f88e6/sim-lane-build.ixvqzr98/src/ios/01-源程序/Sources/MobileEditor.swift (in target 'FolioMobile' from project 'FolioMobile')

SwiftCompile normal arm64 /Users/tianli/Library/Caches/sim-lane/platform-measure/sim-lane-build.e6982c0791732bfce73b18268bda234214598f596023b7e4fb5e4d72f08f88e6/sim-lane-build.ixvqzr98/src/ios/01-源程序/Sources/MarkdownExport.swift (in target 'FolioMobile' from project 'FolioMobile')
    cd /tmp/folio-hosted-queue-1622d9963f2d480fad43029d01951ab1/iphone
    builtin-SwiftPerFileCompile MarkdownExport.swift

SwiftCompile normal arm64 /Users/tianli/Library/Caches/sim-lane/platform-measure/sim-lane-build.e6982c0791732bfce73b18268bda234214598f596023b7e4fb5e4d72f08f88e6/sim-lane-build.ixvqzr98/src/ios/01-源程序/Sources/MobileEditor.swift (in target 'FolioMobile' from project 'FolioMobile')
    cd /tmp/folio-hosted-queue-1622d9963f2d480fad43029d01951ab1/iphone
    builtin-SwiftPerFileCompile MobileEditor.swift

SwiftCompile normal arm64 Compiling\ AppLifecycleMobile.swift,\ ContentView.swift /Users/tianli/Library/Caches/sim-lane/platform-measure/sim-lane-build.e6982c0791732bfce73b18268bda234214598f596023b7e4fb5e4d72f08f88e6/sim-lane-build.ixvqzr98/src/ios/01-源程序/Shared/AppLifecycleMobile.swift /Users/tianli/Library/Caches/sim-lane/platform-measure/sim-lane-build.e6982c0791732bfce73b18268bda234214598f596023b7e4fb5e4d72f08f88e6/sim-lane-build.ixvqzr98/src/ios/01-源程序/Sources/ContentView.swift (in target 'FolioMobile' from project 'FolioMobile')

SwiftCompile normal arm64 /Users/tianli/Library/Caches/sim-lane/platform-measure/sim-lane-build.e6982c0791732bfce73b18268bda234214598f596023b7e4fb5e4d72f08f88e6/sim-lane-build.ixvqzr98/src/ios/01-源程序/Shared/AppLifecycleMobile.swift (in target 'FolioMobile' from project 'FolioMobile')
    cd /tmp/folio-hosted-queue-1622d9963f2d480fad43029d01951ab1/iphone
    builtin-SwiftPerFileCompile AppLifecycleMobile.swift

SwiftCompile normal arm64 /Users/tianli/Library/Caches/sim-lane/platform-measure/sim-lane-build.e6982c0791732bfce73b18268bda234214598f596023b7e4fb5e4d72f08f88e6/sim-lane-build.ixvqzr98/src/ios/01-源程序/Sources/ContentView.swift (in target 'FolioMobile' from project 'FolioMobile')
    cd /tmp/folio-hosted-queue-1622d9963f2d480fad43029d01951ab1/iphone
    builtin-SwiftPerFileCompile ContentView.swift

SwiftDriverJobDiscovery normal x86_64 Compiling Models.swift (in target 'FolioMobile' from project 'FolioMobile')

SwiftCompile normal arm64 Compiling\ GeneratedAssetSymbols.swift /tmp/folio-hosted-queue-1622d9963f2d480fad43029d01951ab1/iphone/dd/Build/Intermediates.noindex/FolioMobile.build/Debug-iphonesimulator/FolioMobile.build/DerivedSources/GeneratedAssetSymbols.swift (in target 'FolioMobile' from project 'FolioMobile')

SwiftCompile normal arm64 /tmp/folio-hosted-queue-1622d9963f2d480fad43029d01951ab1/iphone/dd/Build/Intermediates.noindex/FolioMobile.build/Debug-iphonesimulator/FolioMobile.build/DerivedSources/GeneratedAssetSymbols.swift (in target 'FolioMobile' from project 'FolioMobile')
    cd /tmp/folio-hosted-queue-1622d9963f2d480fad43029d01951ab1/iphone
    builtin-SwiftPerFileCompile GeneratedAssetSymbols.swift

SwiftDriverJobDiscovery normal x86_64 Compiling IndexEngine.swift, LaneSignal.swift (in target 'FolioMobile' from project 'FolioMobile')

SwiftCompile normal arm64 Compiling\ MobileStore.swift /Users/tianli/Library/Caches/sim-lane/platform-measure/sim-lane-build.e6982c0791732bfce73b18268bda234214598f596023b7e4fb5e4d72f08f88e6/sim-lane-build.ixvqzr98/src/ios/01-源程序/Sources/MobileStore.swift (in target 'FolioMobile' from project 'FolioMobile')
/Users/tianli/Library/Caches/sim-lane/platform-measure/sim-lane-build.e6982c0791732bfce73b18268bda234214598f596023b7e4fb5e4d72f08f88e6/sim-lane-build.ixvqzr98/src/ios/01-源程序/Sources/MobileStore.swift:35:13: warning: result of 'try?' is unused [#NoUsage]
33 |            let fixture = Bundle.main.url(forResource: "demo", withExtension: "md"),
34 |            let text = try? String(contentsOf: fixture, encoding: .utf8) {
35 |             try? workspace.newDocument(text: text)
   |             `- warning: result of 'try?' is unused [#NoUsage]
36 |         }
37 |         refresh()

[#NoUsage]: <https://docs.swift.org/compiler/documentation/diagnostics/no-usage>

SwiftCompile normal arm64 /Users/tianli/Library/Caches/sim-lane/platform-measure/sim-lane-build.e6982c0791732bfce73b18268bda234214598f596023b7e4fb5e4d72f08f88e6/sim-lane-build.ixvqzr98/src/ios/01-源程序/Sources/MobileStore.swift (in target 'FolioMobile' from project 'FolioMobile')
    cd /tmp/folio-hosted-queue-1622d9963f2d480fad43029d01951ab1/iphone
    builtin-SwiftPerFileCompile MobileStore.swift

SwiftDriverJobDiscovery normal x86_64 Compiling PlatformCompat.swift (in target 'FolioMobile' from project 'FolioMobile')

SwiftCompile normal arm64 Compiling\ MobileProductLifecycle.swift /Users/tianli/Library/Caches/sim-lane/platform-measure/sim-lane-build.e6982c0791732bfce73b18268bda234214598f596023b7e4fb5e4d72f08f88e6/sim-lane-build.ixvqzr98/src/ios/01-源程序/Sources/MobileProductLifecycle.swift (in target 'FolioMobile' from project 'FolioMobile')

SwiftCompile normal arm64 /Users/tianli/Library/Caches/sim-lane/platform-measure/sim-lane-build.e6982c0791732bfce73b18268bda234214598f596023b7e4fb5e4d72f08f88e6/sim-lane-build.ixvqzr98/src/ios/01-源程序/Sources/MobileProductLifecycle.swift (in target 'FolioMobile' from project 'FolioMobile')
    cd /tmp/folio-hosted-queue-1622d9963f2d480fad43029d01951ab1/iphone
    builtin-SwiftPerFileCompile MobileProductLifecycle.swift

SwiftDriverJobDiscovery normal x86_64 Compiling MobileStore.swift (in target 'FolioMobile' from project 'FolioMobile')

SwiftCompile normal arm64 Compiling\ IndexEngine.swift,\ LaneSignal.swift /Users/tianli/Library/Caches/sim-lane/platform-measure/sim-lane-build.e6982c0791732bfce73b18268bda234214598f596023b7e4fb5e4d72f08f88e6/sim-lane-build.ixvqzr98/src/Sources/IndexEngine.swift /Users/tianli/Library/Caches/sim-lane/platform-measure/sim-lane-build.e6982c0791732bfce73b18268bda234214598f596023b7e4fb5e4d72f08f88e6/sim-lane-build.ixvqzr98/src/ios/01-源程序/Shared/LaneSignal.swift (in target 'FolioMobile' from project 'FolioMobile')

SwiftCompile normal arm64 /Users/tianli/Library/Caches/sim-lane/platform-measure/sim-lane-build.e6982c0791732bfce73b18268bda234214598f596023b7e4fb5e4d72f08f88e6/sim-lane-build.ixvqzr98/src/Sources/IndexEngine.swift (in target 'FolioMobile' from project 'FolioMobile')
    cd /tmp/folio-hosted-queue-1622d9963f2d480fad43029d01951ab1/iphone
    builtin-SwiftPerFileCompile IndexEngine.swift

SwiftCompile normal arm64 /Users/tianli/Library/Caches/sim-lane/platform-measure/sim-lane-build.e6982c0791732bfce73b18268bda234214598f596023b7e4fb5e4d72f08f88e6/sim-lane-build.ixvqzr98/src/ios/01-源程序/Shared/LaneSignal.swift (in target 'FolioMobile' from project 'FolioMobile')
    cd /tmp/folio-hosted-queue-1622d9963f2d480fad43029d01951ab1/iphone
    builtin-SwiftPerFileCompile LaneSignal.swift

SwiftDriverJobDiscovery normal x86_64 Compiling AppLifecycleMobile.swift, ContentView.swift (in target 'FolioMobile' from project 'FolioMobile')

SwiftCompile normal arm64 Compiling\ Models.swift /Users/tianli/Library/Caches/sim-lane/platform-measure/sim-lane-build.e6982c0791732bfce73b18268bda234214598f596023b7e4fb5e4d72f08f88e6/sim-lane-build.ixvqzr98/src/Sources/Models.swift (in target 'FolioMobile' from project 'FolioMobile')

SwiftCompile normal arm64 /Users/tianli/Library/Caches/sim-lane/platform-measure/sim-lane-build.e6982c0791732bfce73b18268bda234214598f596023b7e4fb5e4d72f08f88e6/sim-lane-build.ixvqzr98/src/Sources/Models.swift (in target 'FolioMobile' from project 'FolioMobile')
    cd /tmp/folio-hosted-queue-1622d9963f2d480fad43029d01951ab1/iphone
    builtin-SwiftPerFileCompile Models.swift

SwiftDriverJobDiscovery normal x86_64 Compiling MarkdownExport.swift, MobileEditor.swift (in target 'FolioMobile' from project 'FolioMobile')

SwiftCompile normal x86_64 Compiling\ DocumentWorkspace.swift,\ FolioMobileApp.swift /Users/tianli/Library/Caches/sim-lane/platform-measure/sim-lane-build.e6982c0791732bfce73b18268bda234214598f596023b7e4fb5e4d72f08f88e6/sim-lane-build.ixvqzr98/src/ios/01-源程序/Sources/DocumentWorkspace.swift /Users/tianli/Library/Caches/sim-lane/platform-measure/sim-lane-build.e6982c0791732bfce73b18268bda234214598f596023b7e4fb5e4d72f08f88e6/sim-lane-build.ixvqzr98/src/ios/01-源程序/Sources/FolioMobileApp.swift (in target 'FolioMobile' from project 'FolioMobile')

SwiftCompile normal x86_64 /Users/tianli/Library/Caches/sim-lane/platform-measure/sim-lane-build.e6982c0791732bfce73b18268bda234214598f596023b7e4fb5e4d72f08f88e6/sim-lane-build.ixvqzr98/src/ios/01-源程序/Sources/DocumentWorkspace.swift (in target 'FolioMobile' from project 'FolioMobile')
    cd /tmp/folio-hosted-queue-1622d9963f2d480fad43029d01951ab1/iphone
    builtin-SwiftPerFileCompile DocumentWorkspace.swift

SwiftCompile normal x86_64 /Users/tianli/Library/Caches/sim-lane/platform-measure/sim-lane-build.e6982c0791732bfce73b18268bda234214598f596023b7e4fb5e4d72f08f88e6/sim-lane-build.ixvqzr98/src/ios/01-源程序/Sources/FolioMobileApp.swift (in target 'FolioMobile' from project 'FolioMobile')
    cd /tmp/folio-hosted-queue-1622d9963f2d480fad43029d01951ab1/iphone
    builtin-SwiftPerFileCompile FolioMobileApp.swift

SwiftDriverJobDiscovery normal arm64 Compiling MobileProductLifecycle.swift (in target 'FolioMobile' from project 'FolioMobile')

SwiftDriverJobDiscovery normal arm64 Compiling AppConfiguration.swift, AppLifecycle.swift (in target 'FolioMobile' from project 'FolioMobile')

SwiftDriver FolioHostedIntegration normal x86_64 com.apple.xcode.tools.swift.compiler (in target 'FolioHostedIntegration' from project 'FolioMobile')
    cd /tmp/folio-hosted-queue-1622d9963f2d480fad43029d01951ab1/iphone
    builtin-SwiftDriver -- /Applications/Xcode.app/Contents/Developer/Toolchains/XcodeDefault.xctoolchain/usr/bin/swiftc -module-name FolioHostedIntegration -Onone @/tmp/folio-hosted-queue-1622d9963f2d480fad43029d01951ab1/iphone/dd/Build/Intermediates.noindex/FolioMobile.build/Debug-iphonesimulator/FolioHostedIntegration.build/Objects-normal/x86_64/FolioHostedIntegration.SwiftFileList -DDEBUG -plugin-path /Applications/Xcode.app/Contents/Developer/Toolchains/XcodeDefault.xctoolchain/usr/lib/swift/host/plugins/testing -enable-bare-slash-regex -enable-experimental-feature DebugDescriptionMacro -sdk /Applications/Xcode.app/Contents/Developer/Platforms/iPhoneSimulator.platform/Developer/SDKs/iPhoneSimulator27.0.sdk -target x86_64-apple-ios18.0-simulator -g -module-cache-path /tmp/folio-hosted-queue-1622d9963f2d480fad43029d01951ab1/iphone/dd/ModuleCache.noindex -Xfrontend -serialize-debugging-options -enable-testing -index-store-path /tmp/folio-hosted-queue-1622d9963f2d480fad43029d01951ab1/iphone/dd/Index.noindex/DataStore -Xcc -D_LIBCPP_HARDENING_MODE\=_LIBCPP_HARDENING_MODE_DEBUG -swift-version 5 -I /tmp/folio-hosted-queue-1622d9963f2d480fad43029d01951ab1/iphone/dd/Build/Products/Debug-iphonesimulator -Isystem /Applications/Xcode.app/Contents/Developer/Platforms/iPhoneSimulator.platform/Developer/usr/lib -F /tmp/folio-hosted-queue-1622d9963f2d480fad43029d01951ab1/iphone/dd/Build/Products/Debug-iphonesimulator -F /Applications/Xcode.app/Contents/Developer/Platforms/iPhoneSimulator.platform/Developer/Library/Frameworks -F /Applications/Xcode.app/Contents/Developer/Platforms/iPhoneSimulator.platform/Developer/SDKs/iPhoneSimulator27.0.sdk/Developer/Library/Frameworks -parse-as-library -c -j10 -enable-batch-mode -incremental -output-file-map /tmp/folio-hosted-queue-1622d9963f2d480fad43029d01951ab1/iphone/dd/Build/Intermediates.noindex/FolioMobile.build/Debug-iphonesimulator/FolioHostedIntegration.build/Objects-normal/x86_64/FolioHostedIntegration-OutputFileMap.json -save-temps -no-color-diagnostics -explicit-module-build -module-cache-path /tmp/folio-hosted-queue-1622d9963f2d480fad43029d01951ab1/iphone/dd/Build/Intermediates.noindex/SwiftExplicitPrecompiledModules -clang-scanner-module-cache-path /tmp/folio-hosted-queue-1622d9963f2d480fad43029d01951ab1/iphone/dd/ModuleCache.noindex -sdk-module-cache-path /tmp/folio-hosted-queue-1622d9963f2d480fad43029d01951ab1/iphone/dd/SDKExplicitPrecompiledModules -emit-dependencies -emit-module -emit-module-path /tmp/folio-hosted-queue-1622d9963f2d480fad43029d01951ab1/iphone/dd/Build/Intermediates.noindex/FolioMobile.build/Debug-iphonesimulator/FolioHostedIntegration.build/Objects-normal/x86_64/FolioHostedIntegration.swiftmodule -serialize-diagnostics -dependency-scan-serialize-diagnostics-path /tmp/folio-hosted-queue-1622d9963f2d480fad43029d01951ab1/iphone/dd/Build/Intermediates.noindex/FolioMobile.build/Debug-iphonesimulator/FolioHostedIntegration.build/Objects-normal/x86_64/FolioHostedIntegration-dependency-scan.dia -validate-clang-modules-once -clang-build-session-file /tmp/folio-hosted-queue-1622d9963f2d480fad43029d01951ab1/iphone/dd/ModuleCache.noindex/Session.modulevalidation -Xcc -fmodules-prune-interval\=86400 -Xcc -fmodules-prune-after\=345600 -emit-const-values -const-gather-protocols-list /tmp/folio-hosted-queue-1622d9963f2d480fad43029d01951ab1/iphone/dd/Build/Intermediates.noindex/FolioMobile.build/Debug-iphonesimulator/FolioHostedIntegration.build/Objects-normal/x86_64/FolioHostedIntegration_const_extract_protocols.json -Xcc -iquote -Xcc /tmp/folio-hosted-queue-1622d9963f2d480fad43029d01951ab1/iphone/dd/Build/Intermediates.noindex/FolioMobile.build/Debug-iphonesimulator/FolioHostedIntegration.build/FolioHostedIntegration-generated-files.hmap -Xcc -I/tmp/folio-hosted-queue-1622d9963f2d480fad43029d01951ab1/iphone/dd/Build/Intermediates.noindex/FolioMobile.build/Debug-iphonesimulator/FolioHostedIntegration.build/FolioHostedIntegration-own-target-headers.hmap -Xcc -I/tmp/folio-hosted-queue-1622d9963f2d480fad43029d01951ab1/iphone/dd/Build/Intermediates.noindex/FolioMobile.build/Debug-iphonesimulator/FolioHostedIntegration.build/FolioHostedIntegration-all-target-headers.hmap -Xcc -iquote -Xcc /tmp/folio-hosted-queue-1622d9963f2d480fad43029d01951ab1/iphone/dd/Build/Intermediates.noindex/FolioMobile.build/Debug-iphonesimulator/FolioHostedIntegration.build/FolioHostedIntegration-project-headers.hmap -Xcc -I/tmp/folio-hosted-queue-1622d9963f2d480fad43029d01951ab1/iphone/dd/Build/Products/Debug-iphonesimulator/include -Xcc -I/tmp/folio-hosted-queue-1622d9963f2d480fad43029d01951ab1/iphone/dd/Build/Intermediates.noindex/FolioMobile.build/Debug-iphonesimulator/FolioHostedIntegration.build/DerivedSources-normal/x86_64 -Xcc -I/tmp/folio-hosted-queue-1622d9963f2d480fad43029d01951ab1/iphone/dd/Build/Intermediates.noindex/FolioMobile.build/Debug-iphonesimulator/FolioHostedIntegration.build/DerivedSources/x86_64 -Xcc -I/tmp/folio-hosted-queue-1622d9963f2d480fad43029d01951ab1/iphone/dd/Build/Intermediates.noindex/FolioMobile.build/Debug-iphonesimulator/FolioHostedIntegration.build/DerivedSources -Xcc -DDEBUG\=1 -emit-objc-header -emit-objc-header-path /tmp/folio-hosted-queue-1622d9963f2d480fad43029d01951ab1/iphone/dd/Build/Intermediates.noindex/FolioMobile.build/Debug-iphonesimulator/FolioHostedIntegration.build/Objects-normal/x86_64/FolioHostedIntegration-Swift.h -working-directory /tmp/folio-hosted-queue-1622d9963f2d480fad43029d01951ab1/iphone -experimental-emit-module-separately -disable-cmo

SwiftDriver FolioHostedIntegration normal arm64 com.apple.xcode.tools.swift.compiler (in target 'FolioHostedIntegration' from project 'FolioMobile')
    cd /tmp/folio-hosted-queue-1622d9963f2d480fad43029d01951ab1/iphone
    builtin-SwiftDriver -- /Applications/Xcode.app/Contents/Developer/Toolchains/XcodeDefault.xctoolchain/usr/bin/swiftc -module-name FolioHostedIntegration -Onone @/tmp/folio-hosted-queue-1622d9963f2d480fad43029d01951ab1/iphone/dd/Build/Intermediates.noindex/FolioMobile.build/Debug-iphonesimulator/FolioHostedIntegration.build/Objects-normal/arm64/FolioHostedIntegration.SwiftFileList -DDEBUG -plugin-path /Applications/Xcode.app/Contents/Developer/Toolchains/XcodeDefault.xctoolchain/usr/lib/swift/host/plugins/testing -enable-bare-slash-regex -enable-experimental-feature DebugDescriptionMacro -sdk /Applications/Xcode.app/Contents/Developer/Platforms/iPhoneSimulator.platform/Developer/SDKs/iPhoneSimulator27.0.sdk -target arm64-apple-ios18.0-simulator -g -module-cache-path /tmp/folio-hosted-queue-1622d9963f2d480fad43029d01951ab1/iphone/dd/ModuleCache.noindex -Xfrontend -serialize-debugging-options -enable-testing -index-store-path /tmp/folio-hosted-queue-1622d9963f2d480fad43029d01951ab1/iphone/dd/Index.noindex/DataStore -Xcc -D_LIBCPP_HARDENING_MODE\=_LIBCPP_HARDENING_MODE_DEBUG -swift-version 5 -I /tmp/folio-hosted-queue-1622d9963f2d480fad43029d01951ab1/iphone/dd/Build/Products/Debug-iphonesimulator -Isystem /Applications/Xcode.app/Contents/Developer/Platforms/iPhoneSimulator.platform/Developer/usr/lib -F /tmp/folio-hosted-queue-1622d9963f2d480fad43029d01951ab1/iphone/dd/Build/Products/Debug-iphonesimulator -F /Applications/Xcode.app/Contents/Developer/Platforms/iPhoneSimulator.platform/Developer/Library/Frameworks -F /Applications/Xcode.app/Contents/Developer/Platforms/iPhoneSimulator.platform/Developer/SDKs/iPhoneSimulator27.0.sdk/Developer/Library/Frameworks -parse-as-library -c -j10 -enable-batch-mode -incremental -output-file-map /tmp/folio-hosted-queue-1622d9963f2d480fad43029d01951ab1/iphone/dd/Build/Intermediates.noindex/FolioMobile.build/Debug-iphonesimulator/FolioHostedIntegration.build/Objects-normal/arm64/FolioHostedIntegration-OutputFileMap.json -save-temps -no-color-diagnostics -explicit-module-build -module-cache-path /tmp/folio-hosted-queue-1622d9963f2d480fad43029d01951ab1/iphone/dd/Build/Intermediates.noindex/SwiftExplicitPrecompiledModules -clang-scanner-module-cache-path /tmp/folio-hosted-queue-1622d9963f2d480fad43029d01951ab1/iphone/dd/ModuleCache.noindex -sdk-module-cache-path /tmp/folio-hosted-queue-1622d9963f2d480fad43029d01951ab1/iphone/dd/SDKExplicitPrecompiledModules -emit-dependencies -emit-module -emit-module-path /tmp/folio-hosted-queue-1622d9963f2d480fad43029d01951ab1/iphone/dd/Build/Intermediates.noindex/FolioMobile.build/Debug-iphonesimulator/FolioHostedIntegration.build/Objects-normal/arm64/FolioHostedIntegration.swiftmodule -serialize-diagnostics -dependency-scan-serialize-diagnostics-path /tmp/folio-hosted-queue-1622d9963f2d480fad43029d01951ab1/iphone/dd/Build/Intermediates.noindex/FolioMobile.build/Debug-iphonesimulator/FolioHostedIntegration.build/Objects-normal/arm64/FolioHostedIntegration-dependency-scan.dia -validate-clang-modules-once -clang-build-session-file /tmp/folio-hosted-queue-1622d9963f2d480fad43029d01951ab1/iphone/dd/ModuleCache.noindex/Session.modulevalidation -Xcc -fmodules-prune-interval\=86400 -Xcc -fmodules-prune-after\=345600 -emit-const-values -const-gather-protocols-list /tmp/folio-hosted-queue-1622d9963f2d480fad43029d01951ab1/iphone/dd/Build/Intermediates.noindex/FolioMobile.build/Debug-iphonesimulator/FolioHostedIntegration.build/Objects-normal/arm64/FolioHostedIntegration_const_extract_protocols.json -Xcc -iquote -Xcc /tmp/folio-hosted-queue-1622d9963f2d480fad43029d01951ab1/iphone/dd/Build/Intermediates.noindex/FolioMobile.build/Debug-iphonesimulator/FolioHostedIntegration.build/FolioHostedIntegration-generated-files.hmap -Xcc -I/tmp/folio-hosted-queue-1622d9963f2d480fad43029d01951ab1/iphone/dd/Build/Intermediates.noindex/FolioMobile.build/Debug-iphonesimulator/FolioHostedIntegration.build/FolioHostedIntegration-own-target-headers.hmap -Xcc -I/tmp/folio-hosted-queue-1622d9963f2d480fad43029d01951ab1/iphone/dd/Build/Intermediates.noindex/FolioMobile.build/Debug-iphonesimulator/FolioHostedIntegration.build/FolioHostedIntegration-all-target-headers.hmap -Xcc -iquote -Xcc /tmp/folio-hosted-queue-1622d9963f2d480fad43029d01951ab1/iphone/dd/Build/Intermediates.noindex/FolioMobile.build/Debug-iphonesimulator/FolioHostedIntegration.build/FolioHostedIntegration-project-headers.hmap -Xcc -I/tmp/folio-hosted-queue-1622d9963f2d480fad43029d01951ab1/iphone/dd/Build/Products/Debug-iphonesimulator/include -Xcc -I/tmp/folio-hosted-queue-1622d9963f2d480fad43029d01951ab1/iphone/dd/Build/Intermediates.noindex/FolioMobile.build/Debug-iphonesimulator/FolioHostedIntegration.build/DerivedSources-normal/arm64 -Xcc -I/tmp/folio-hosted-queue-1622d9963f2d480fad43029d01951ab1/iphone/dd/Build/Intermediates.noindex/FolioMobile.build/Debug-iphonesimulator/FolioHostedIntegration.build/DerivedSources/arm64 -Xcc -I/tmp/folio-hosted-queue-1622d9963f2d480fad43029d01951ab1/iphone/dd/Build/Intermediates.noindex/FolioMobile.build/Debug-iphonesimulator/FolioHostedIntegration.build/DerivedSources -Xcc -DDEBUG\=1 -emit-objc-header -emit-objc-header-path /tmp/folio-hosted-queue-1622d9963f2d480fad43029d01951ab1/iphone/dd/Build/Intermediates.noindex/FolioMobile.build/Debug-iphonesimulator/FolioHostedIntegration.build/Objects-normal/arm64/FolioHostedIntegration-Swift.h -working-directory /tmp/folio-hosted-queue-1622d9963f2d480fad43029d01951ab1/iphone -experimental-emit-module-separately -disable-cmo

SwiftDriverJobDiscovery normal arm64 Compiling GeneratedAssetSymbols.swift (in target 'FolioMobile' from project 'FolioMobile')

SwiftExplicitDependencyGeneratePcm x86_64 /tmp/folio-hosted-queue-1622d9963f2d480fad43029d01951ab1/iphone/dd/Build/Intermediates.noindex/SwiftExplicitPrecompiledModules/XCUIAutomation-3XFPFDOKVH5GW21MC3TNJ0P0O.pcm

SwiftExplicitDependencyGeneratePcm arm64 /tmp/folio-hosted-queue-1622d9963f2d480fad43029d01951ab1/iphone/dd/Build/Intermediates.noindex/SwiftExplicitPrecompiledModules/XCUIAutomation-2RTJWN2IYMRG274AY7VYPUZ0R.pcm

SwiftExplicitDependencyCompileModuleFromInterface x86_64 /tmp/folio-hosted-queue-1622d9963f2d480fad43029d01951ab1/iphone/dd/Build/Intermediates.noindex/SwiftExplicitPrecompiledModules/XCUIAutomation-ABGIAGD14BLA.swiftmodule

SwiftExplicitDependencyGeneratePcm x86_64 /tmp/folio-hosted-queue-1622d9963f2d480fad43029d01951ab1/iphone/dd/Build/Intermediates.noindex/SwiftExplicitPrecompiledModules/XCTest-EGFQ0I9ARZXX71QTM2BZH4AQ6.pcm

SwiftExplicitDependencyCompileModuleFromInterface arm64 /tmp/folio-hosted-queue-1622d9963f2d480fad43029d01951ab1/iphone/dd/Build/Intermediates.noindex/SwiftExplicitPrecompiledModules/XCUIAutomation-425KZB0BXC19.swiftmodule

SwiftDriverJobDiscovery normal arm64 Compiling Models.swift (in target 'FolioMobile' from project 'FolioMobile')

SwiftExplicitDependencyGeneratePcm arm64 /tmp/folio-hosted-queue-1622d9963f2d480fad43029d01951ab1/iphone/dd/Build/Intermediates.noindex/SwiftExplicitPrecompiledModules/XCTest-ASKRELYY7YEWUWKMWXVPWW44L.pcm

SwiftExplicitDependencyCompileModuleFromInterface x86_64 /tmp/folio-hosted-queue-1622d9963f2d480fad43029d01951ab1/iphone/dd/Build/Intermediates.noindex/SwiftExplicitPrecompiledModules/XCTest-2SK28PK6QJ46Q.swiftmodule

SwiftExplicitDependencyCompileModuleFromInterface arm64 /tmp/folio-hosted-queue-1622d9963f2d480fad43029d01951ab1/iphone/dd/Build/Intermediates.noindex/SwiftExplicitPrecompiledModules/XCTest-2N770ELC8HSDS.swiftmodule

SwiftEmitModule normal x86_64 Emitting\ module\ for\ FolioHostedIntegration (in target 'FolioHostedIntegration' from project 'FolioMobile')

SwiftCompile normal x86_64 (in target 'FolioHostedIntegration' from project 'FolioMobile')
    cd /tmp/folio-hosted-queue-1622d9963f2d480fad43029d01951ab1/iphone
    

SwiftCompile normal x86_64 Compiling\ HostedIntegrationTests.swift /tmp/folio-hosted-queue-1622d9963f2d480fad43029d01951ab1/iphone/test_src/HostedIntegrationTests.swift (in target 'FolioHostedIntegration' from project 'FolioMobile')

SwiftCompile normal x86_64 /tmp/folio-hosted-queue-1622d9963f2d480fad43029d01951ab1/iphone/test_src/HostedIntegrationTests.swift (in target 'FolioHostedIntegration' from project 'FolioMobile')
    cd /tmp/folio-hosted-queue-1622d9963f2d480fad43029d01951ab1/iphone
    builtin-SwiftPerFileCompile HostedIntegrationTests.swift

SwiftEmitModule normal arm64 Emitting\ module\ for\ FolioHostedIntegration (in target 'FolioHostedIntegration' from project 'FolioMobile')

SwiftCompile normal arm64 (in target 'FolioHostedIntegration' from project 'FolioMobile')
    cd /tmp/folio-hosted-queue-1622d9963f2d480fad43029d01951ab1/iphone
    

SwiftCompile normal arm64 Compiling\ HostedIntegrationTests.swift /tmp/folio-hosted-queue-1622d9963f2d480fad43029d01951ab1/iphone/test_src/HostedIntegrationTests.swift (in target 'FolioHostedIntegration' from project 'FolioMobile')

SwiftCompile normal arm64 /tmp/folio-hosted-queue-1622d9963f2d480fad43029d01951ab1/iphone/test_src/HostedIntegrationTests.swift (in target 'FolioHostedIntegration' from project 'FolioMobile')
    cd /tmp/folio-hosted-queue-1622d9963f2d480fad43029d01951ab1/iphone
    builtin-SwiftPerFileCompile HostedIntegrationTests.swift

SwiftDriverJobDiscovery normal x86_64 Compiling DocumentWorkspace.swift, FolioMobileApp.swift (in target 'FolioMobile' from project 'FolioMobile')

SwiftDriverJobDiscovery normal x86_64 Emitting module for FolioHostedIntegration (in target 'FolioHostedIntegration' from project 'FolioMobile')

SwiftDriver\ Compilation FolioMobile normal x86_64 com.apple.xcode.tools.swift.compiler (in target 'FolioMobile' from project 'FolioMobile')
    cd /tmp/folio-hosted-queue-1622d9963f2d480fad43029d01951ab1/iphone
    builtin-Swift-Compilation -- /Applications/Xcode.app/Contents/Developer/Toolchains/XcodeDefault.xctoolchain/usr/bin/swiftc -module-name Folio -Onone @/tmp/folio-hosted-queue-1622d9963f2d480fad43029d01951ab1/iphone/dd/Build/Intermediates.noindex/FolioMobile.build/Debug-iphonesimulator/FolioMobile.build/Objects-normal/x86_64/Folio.SwiftFileList -DDEBUG -enable-bare-slash-regex -enable-experimental-feature DebugDescriptionMacro -sdk /Applications/Xcode.app/Contents/Developer/Platforms/iPhoneSimulator.platform/Developer/SDKs/iPhoneSimulator27.0.sdk -target x86_64-apple-ios18.0-simulator -g -module-cache-path /tmp/folio-hosted-queue-1622d9963f2d480fad43029d01951ab1/iphone/dd/ModuleCache.noindex -Xfrontend -serialize-debugging-options -enable-testing -index-store-path /tmp/folio-hosted-queue-1622d9963f2d480fad43029d01951ab1/iphone/dd/Index.noindex/DataStore -Xcc -D_LIBCPP_HARDENING_MODE\=_LIBCPP_HARDENING_MODE_DEBUG -swift-version 5 -I /tmp/folio-hosted-queue-1622d9963f2d480fad43029d01951ab1/iphone/dd/Build/Products/Debug-iphonesimulator -F /tmp/folio-hosted-queue-1622d9963f2d480fad43029d01951ab1/iphone/dd/Build/Products/Debug-iphonesimulator -c -j10 -enable-batch-mode -incremental -output-file-map /tmp/folio-hosted-queue-1622d9963f2d480fad43029d01951ab1/iphone/dd/Build/Intermediates.noindex/FolioMobile.build/Debug-iphonesimulator/FolioMobile.build/Objects-normal/x86_64/FolioMobile-OutputFileMap.json -save-temps -no-color-diagnostics -explicit-module-build -module-cache-path /tmp/folio-hosted-queue-1622d9963f2d480fad43029d01951ab1/iphone/dd/Build/Intermediates.noindex/SwiftExplicitPrecompiledModules -clang-scanner-module-cache-path /tmp/folio-hosted-queue-1622d9963f2d480fad43029d01951ab1/iphone/dd/ModuleCache.noindex -sdk-module-cache-path /tmp/folio-hosted-queue-1622d9963f2d480fad43029d01951ab1/iphone/dd/SDKExplicitPrecompiledModules -emit-dependencies -emit-module -emit-module-path /tmp/folio-hosted-queue-1622d9963f2d480fad43029d01951ab1/iphone/dd/Build/Intermediates.noindex/FolioMobile.build/Debug-iphonesimulator/FolioMobile.build/Objects-normal/x86_64/Folio.swiftmodule -serialize-diagnostics -dependency-scan-serialize-diagnostics-path /tmp/folio-hosted-queue-1622d9963f2d480fad43029d01951ab1/iphone/dd/Build/Intermediates.noindex/FolioMobile.build/Debug-iphonesimulator/FolioMobile.build/Objects-normal/x86_64/Folio-dependency-scan.dia -validate-clang-modules-once -clang-build-session-file /tmp/folio-hosted-queue-1622d9963f2d480fad43029d01951ab1/iphone/dd/ModuleCache.noindex/Session.modulevalidation -Xcc -fmodules-prune-interval\=86400 -Xcc -fmodules-prune-after\=345600 -emit-const-values -const-gather-protocols-list /tmp/folio-hosted-queue-1622d9963f2d480fad43029d01951ab1/iphone/dd/Build/Intermediates.noindex/FolioMobile.build/Debug-iphonesimulator/FolioMobile.build/Objects-normal/x86_64/FolioMobile_const_extract_protocols.json -Xcc -iquote -Xcc /tmp/folio-hosted-queue-1622d9963f2d480fad43029d01951ab1/iphone/dd/Build/Intermediates.noindex/FolioMobile.build/Debug-iphonesimulator/FolioMobile.build/Folio-generated-files.hmap -Xcc -I/tmp/folio-hosted-queue-1622d9963f2d480fad43029d01951ab1/iphone/dd/Build/Intermediates.noindex/FolioMobile.build/Debug-iphonesimulator/FolioMobile.build/Folio-own-target-headers.hmap -Xcc -I/tmp/folio-hosted-queue-1622d9963f2d480fad43029d01951ab1/iphone/dd/Build/Intermediates.noindex/FolioMobile.build/Debug-iphonesimulator/FolioMobile.build/Folio-all-target-headers.hmap -Xcc -iquote -Xcc /tmp/folio-hosted-queue-1622d9963f2d480fad43029d01951ab1/iphone/dd/Build/Intermediates.noindex/FolioMobile.build/Debug-iphonesimulator/FolioMobile.build/Folio-project-headers.hmap -Xcc -I/tmp/folio-hosted-queue-1622d9963f2d480fad43029d01951ab1/iphone/dd/Build/Products/Debug-iphonesimulator/include -Xcc -I/tmp/folio-hosted-queue-1622d9963f2d480fad43029d01951ab1/iphone/dd/Build/Intermediates.noindex/FolioMobile.build/Debug-iphonesimulator/FolioMobile.build/DerivedSources-normal/x86_64 -Xcc -I/tmp/folio-hosted-queue-1622d9963f2d480fad43029d01951ab1/iphone/dd/Build/Intermediates.noindex/FolioMobile.build/Debug-iphonesimulator/FolioMobile.build/DerivedSources/x86_64 -Xcc -I/tmp/folio-hosted-queue-1622d9963f2d480fad43029d01951ab1/iphone/dd/Build/Intermediates.noindex/FolioMobile.build/Debug-iphonesimulator/FolioMobile.build/DerivedSources -Xcc -DDEBUG\=1 -emit-objc-header -emit-objc-header-path /tmp/folio-hosted-queue-1622d9963f2d480fad43029d01951ab1/iphone/dd/Build/Intermediates.noindex/FolioMobile.build/Debug-iphonesimulator/FolioMobile.build/Objects-normal/x86_64/Folio-Swift.h -working-directory /tmp/folio-hosted-queue-1622d9963f2d480fad43029d01951ab1/iphone -experimental-emit-module-separately -disable-cmo

SwiftDriver\ Compilation\ Requirements FolioHostedIntegration normal x86_64 com.apple.xcode.tools.swift.compiler (in target 'FolioHostedIntegration' from project 'FolioMobile')
    cd /tmp/folio-hosted-queue-1622d9963f2d480fad43029d01951ab1/iphone
    builtin-Swift-Compilation-Requirements -- /Applications/Xcode.app/Contents/Developer/Toolchains/XcodeDefault.xctoolchain/usr/bin/swiftc -module-name FolioHostedIntegration -Onone @/tmp/folio-hosted-queue-1622d9963f2d480fad43029d01951ab1/iphone/dd/Build/Intermediates.noindex/FolioMobile.build/Debug-iphonesimulator/FolioHostedIntegration.build/Objects-normal/x86_64/FolioHostedIntegration.SwiftFileList -DDEBUG -plugin-path /Applications/Xcode.app/Contents/Developer/Toolchains/XcodeDefault.xctoolchain/usr/lib/swift/host/plugins/testing -enable-bare-slash-regex -enable-experimental-feature DebugDescriptionMacro -sdk /Applications/Xcode.app/Contents/Developer/Platforms/iPhoneSimulator.platform/Developer/SDKs/iPhoneSimulator27.0.sdk -target x86_64-apple-ios18.0-simulator -g -module-cache-path /tmp/folio-hosted-queue-1622d9963f2d480fad43029d01951ab1/iphone/dd/ModuleCache.noindex -Xfrontend -serialize-debugging-options -enable-testing -index-store-path /tmp/folio-hosted-queue-1622d9963f2d480fad43029d01951ab1/iphone/dd/Index.noindex/DataStore -Xcc -D_LIBCPP_HARDENING_MODE\=_LIBCPP_HARDENING_MODE_DEBUG -swift-version 5 -I /tmp/folio-hosted-queue-1622d9963f2d480fad43029d01951ab1/iphone/dd/Build/Products/Debug-iphonesimulator -Isystem /Applications/Xcode.app/Contents/Developer/Platforms/iPhoneSimulator.platform/Developer/usr/lib -F /tmp/folio-hosted-queue-1622d9963f2d480fad43029d01951ab1/iphone/dd/Build/Products/Debug-iphonesimulator -F /Applications/Xcode.app/Contents/Developer/Platforms/iPhoneSimulator.platform/Developer/Library/Frameworks -F /Applications/Xcode.app/Contents/Developer/Platforms/iPhoneSimulator.platform/Developer/SDKs/iPhoneSimulator27.0.sdk/Developer/Library/Frameworks -parse-as-library -c -j10 -enable-batch-mode -incremental -output-file-map /tmp/folio-hosted-queue-1622d9963f2d480fad43029d01951ab1/iphone/dd/Build/Intermediates.noindex/FolioMobile.build/Debug-iphonesimulator/FolioHostedIntegration.build/Objects-normal/x86_64/FolioHostedIntegration-OutputFileMap.json -save-temps -no-color-diagnostics -explicit-module-build -module-cache-path /tmp/folio-hosted-queue-1622d9963f2d480fad43029d01951ab1/iphone/dd/Build/Intermediates.noindex/SwiftExplicitPrecompiledModules -clang-scanner-module-cache-path /tmp/folio-hosted-queue-1622d9963f2d480fad43029d01951ab1/iphone/dd/ModuleCache.noindex -sdk-module-cache-path /tmp/folio-hosted-queue-1622d9963f2d480fad43029d01951ab1/iphone/dd/SDKExplicitPrecompiledModules -emit-dependencies -emit-module -emit-module-path /tmp/folio-hosted-queue-1622d9963f2d480fad43029d01951ab1/iphone/dd/Build/Intermediates.noindex/FolioMobile.build/Debug-iphonesimulator/FolioHostedIntegration.build/Objects-normal/x86_64/FolioHostedIntegration.swiftmodule -serialize-diagnostics -dependency-scan-serialize-diagnostics-path /tmp/folio-hosted-queue-1622d9963f2d480fad43029d01951ab1/iphone/dd/Build/Intermediates.noindex/FolioMobile.build/Debug-iphonesimulator/FolioHostedIntegration.build/Objects-normal/x86_64/FolioHostedIntegration-dependency-scan.dia -validate-clang-modules-once -clang-build-session-file /tmp/folio-hosted-queue-1622d9963f2d480fad43029d01951ab1/iphone/dd/ModuleCache.noindex/Session.modulevalidation -Xcc -fmodules-prune-interval\=86400 -Xcc -fmodules-prune-after\=345600 -emit-const-values -const-gather-protocols-list /tmp/folio-hosted-queue-1622d9963f2d480fad43029d01951ab1/iphone/dd/Build/Intermediates.noindex/FolioMobile.build/Debug-iphonesimulator/FolioHostedIntegration.build/Objects-normal/x86_64/FolioHostedIntegration_const_extract_protocols.json -Xcc -iquote -Xcc /tmp/folio-hosted-queue-1622d9963f2d480fad43029d01951ab1/iphone/dd/Build/Intermediates.noindex/FolioMobile.build/Debug-iphonesimulator/FolioHostedIntegration.build/FolioHostedIntegration-generated-files.hmap -Xcc -I/tmp/folio-hosted-queue-1622d9963f2d480fad43029d01951ab1/iphone/dd/Build/Intermediates.noindex/FolioMobile.build/Debug-iphonesimulator/FolioHostedIntegration.build/FolioHostedIntegration-own-target-headers.hmap -Xcc -I/tmp/folio-hosted-queue-1622d9963f2d480fad43029d01951ab1/iphone/dd/Build/Intermediates.noindex/FolioMobile.build/Debug-iphonesimulator/FolioHostedIntegration.build/FolioHostedIntegration-all-target-headers.hmap -Xcc -iquote -Xcc /tmp/folio-hosted-queue-1622d9963f2d480fad43029d01951ab1/iphone/dd/Build/Intermediates.noindex/FolioMobile.build/Debug-iphonesimulator/FolioHostedIntegration.build/FolioHostedIntegration-project-headers.hmap -Xcc -I/tmp/folio-hosted-queue-1622d9963f2d480fad43029d01951ab1/iphone/dd/Build/Products/Debug-iphonesimulator/include -Xcc -I/tmp/folio-hosted-queue-1622d9963f2d480fad43029d01951ab1/iphone/dd/Build/Intermediates.noindex/FolioMobile.build/Debug-iphonesimulator/FolioHostedIntegration.build/DerivedSources-normal/x86_64 -Xcc -I/tmp/folio-hosted-queue-1622d9963f2d480fad43029d01951ab1/iphone/dd/Build/Intermediates.noindex/FolioMobile.build/Debug-iphonesimulator/FolioHostedIntegration.build/DerivedSources/x86_64 -Xcc -I/tmp/folio-hosted-queue-1622d9963f2d480fad43029d01951ab1/iphone/dd/Build/Intermediates.noindex/FolioMobile.build/Debug-iphonesimulator/FolioHostedIntegration.build/DerivedSources -Xcc -DDEBUG\=1 -emit-objc-header -emit-objc-header-path /tmp/folio-hosted-queue-1622d9963f2d480fad43029d01951ab1/iphone/dd/Build/Intermediates.noindex/FolioMobile.build/Debug-iphonesimulator/FolioHostedIntegration.build/Objects-normal/x86_64/FolioHostedIntegration-Swift.h -working-directory /tmp/folio-hosted-queue-1622d9963f2d480fad43029d01951ab1/iphone -experimental-emit-module-separately -disable-cmo

Ld /tmp/folio-hosted-queue-1622d9963f2d480fad43029d01951ab1/iphone/dd/Build/Intermediates.noindex/FolioMobile.build/Debug-iphonesimulator/FolioMobile.build/Objects-normal/x86_64/Binary/Folio.debug.dylib normal x86_64 (in target 'FolioMobile' from project 'FolioMobile')
    cd /tmp/folio-hosted-queue-1622d9963f2d480fad43029d01951ab1/iphone
    /Applications/Xcode.app/Contents/Developer/Toolchains/XcodeDefault.xctoolchain/usr/bin/clang -Xlinker -reproducible -target x86_64-apple-ios18.0-simulator -dynamiclib -isysroot /Applications/Xcode.app/Contents/Developer/Platforms/iPhoneSimulator.platform/Developer/SDKs/iPhoneSimulator27.0.sdk -O0 -Xlinker -no_warn_duplicate_libraries -L/tmp/folio-hosted-queue-1622d9963f2d480fad43029d01951ab1/iphone/dd/Build/Intermediates.noindex/EagerLinkingTBDs/Debug-iphonesimulator -L/tmp/folio-hosted-queue-1622d9963f2d480fad43029d01951ab1/iphone/dd/Build/Products/Debug-iphonesimulator -F/tmp/folio-hosted-queue-1622d9963f2d480fad43029d01951ab1/iphone/dd/Build/Intermediates.noindex/EagerLinkingTBDs/Debug-iphonesimulator -F/tmp/folio-hosted-queue-1622d9963f2d480fad43029d01951ab1/iphone/dd/Build/Products/Debug-iphonesimulator -filelist /tmp/folio-hosted-queue-1622d9963f2d480fad43029d01951ab1/iphone/dd/Build/Intermediates.noindex/FolioMobile.build/Debug-iphonesimulator/FolioMobile.build/Objects-normal/x86_64/Folio.LinkFileList -install_name @rpath/Folio.debug.dylib -Xlinker -rpath -Xlinker /usr/lib/swift -Xlinker -rpath -Xlinker @executable_path/Frameworks -Xlinker -dead_strip -Xlinker -object_path_lto -Xlinker /tmp/folio-hosted-queue-1622d9963f2d480fad43029d01951ab1/iphone/dd/Build/Intermediates.noindex/FolioMobile.build/Debug-iphonesimulator/FolioMobile.build/Objects-normal/x86_64/Folio_lto.o -rdynamic -Xlinker -no_deduplicate -Xlinker -objc_abi_version -Xlinker 2 -Xlinker -dependency_info -Xlinker /tmp/folio-hosted-queue-1622d9963f2d480fad43029d01951ab1/iphone/dd/Build/Intermediates.noindex/FolioMobile.build/Debug-iphonesimulator/FolioMobile.build/Objects-normal/x86_64/Folio_dependency_info.dat -fobjc-link-runtime -L/Applications/Xcode.app/Contents/Developer/Toolchains/XcodeDefault.xctoolchain/usr/lib/swift/iphonesimulator -L/usr/lib/swift -Xlinker -add_ast_path -Xlinker /tmp/folio-hosted-queue-1622d9963f2d480fad43029d01951ab1/iphone/dd/Build/Intermediates.noindex/FolioMobile.build/Debug-iphonesimulator/FolioMobile.build/Objects-normal/x86_64/Folio.swiftmodule -Xlinker -alias -Xlinker _main -Xlinker ___debug_main_executable_dylib_entry_point -lsqlite3 -o /tmp/folio-hosted-queue-1622d9963f2d480fad43029d01951ab1/iphone/dd/Build/Intermediates.noindex/FolioMobile.build/Debug-iphonesimulator/FolioMobile.build/Objects-normal/x86_64/Binary/Folio.debug.dylib

Copy /tmp/folio-hosted-queue-1622d9963f2d480fad43029d01951ab1/iphone/dd/Build/Products/Debug-iphonesimulator/FolioHostedIntegration.swiftmodule/x86_64-apple-ios-simulator.swiftmodule /tmp/folio-hosted-queue-1622d9963f2d480fad43029d01951ab1/iphone/dd/Build/Intermediates.noindex/FolioMobile.build/Debug-iphonesimulator/FolioHostedIntegration.build/Objects-normal/x86_64/FolioHostedIntegration.swiftmodule (in target 'FolioHostedIntegration' from project 'FolioMobile')
    cd /tmp/folio-hosted-queue-1622d9963f2d480fad43029d01951ab1/iphone
    builtin-copy -exclude .DS_Store -exclude CVS -exclude .svn -exclude .git -exclude .hg -resolve-src-symlinks -rename /tmp/folio-hosted-queue-1622d9963f2d480fad43029d01951ab1/iphone/dd/Build/Intermediates.noindex/FolioMobile.build/Debug-iphonesimulator/FolioHostedIntegration.build/Objects-normal/x86_64/FolioHostedIntegration.swiftmodule /tmp/folio-hosted-queue-1622d9963f2d480fad43029d01951ab1/iphone/dd/Build/Products/Debug-iphonesimulator/FolioHostedIntegration.swiftmodule/x86_64-apple-ios-simulator.swiftmodule

SwiftDriverJobDiscovery normal arm64 Emitting module for FolioHostedIntegration (in target 'FolioHostedIntegration' from project 'FolioMobile')

SwiftDriver\ Compilation\ Requirements FolioHostedIntegration normal arm64 com.apple.xcode.tools.swift.compiler (in target 'FolioHostedIntegration' from project 'FolioMobile')
    cd /tmp/folio-hosted-queue-1622d9963f2d480fad43029d01951ab1/iphone
    builtin-Swift-Compilation-Requirements -- /Applications/Xcode.app/Contents/Developer/Toolchains/XcodeDefault.xctoolchain/usr/bin/swiftc -module-name FolioHostedIntegration -Onone @/tmp/folio-hosted-queue-1622d9963f2d480fad43029d01951ab1/iphone/dd/Build/Intermediates.noindex/FolioMobile.build/Debug-iphonesimulator/FolioHostedIntegration.build/Objects-normal/arm64/FolioHostedIntegration.SwiftFileList -DDEBUG -plugin-path /Applications/Xcode.app/Contents/Developer/Toolchains/XcodeDefault.xctoolchain/usr/lib/swift/host/plugins/testing -enable-bare-slash-regex -enable-experimental-feature DebugDescriptionMacro -sdk /Applications/Xcode.app/Contents/Developer/Platforms/iPhoneSimulator.platform/Developer/SDKs/iPhoneSimulator27.0.sdk -target arm64-apple-ios18.0-simulator -g -module-cache-path /tmp/folio-hosted-queue-1622d9963f2d480fad43029d01951ab1/iphone/dd/ModuleCache.noindex -Xfrontend -serialize-debugging-options -enable-testing -index-store-path /tmp/folio-hosted-queue-1622d9963f2d480fad43029d01951ab1/iphone/dd/Index.noindex/DataStore -Xcc -D_LIBCPP_HARDENING_MODE\=_LIBCPP_HARDENING_MODE_DEBUG -swift-version 5 -I /tmp/folio-hosted-queue-1622d9963f2d480fad43029d01951ab1/iphone/dd/Build/Products/Debug-iphonesimulator -Isystem /Applications/Xcode.app/Contents/Developer/Platforms/iPhoneSimulator.platform/Developer/usr/lib -F /tmp/folio-hosted-queue-1622d9963f2d480fad43029d01951ab1/iphone/dd/Build/Products/Debug-iphonesimulator -F /Applications/Xcode.app/Contents/Developer/Platforms/iPhoneSimulator.platform/Developer/Library/Frameworks -F /Applications/Xcode.app/Contents/Developer/Platforms/iPhoneSimulator.platform/Developer/SDKs/iPhoneSimulator27.0.sdk/Developer/Library/Frameworks -parse-as-library -c -j10 -enable-batch-mode -incremental -output-file-map /tmp/folio-hosted-queue-1622d9963f2d480fad43029d01951ab1/iphone/dd/Build/Intermediates.noindex/FolioMobile.build/Debug-iphonesimulator/FolioHostedIntegration.build/Objects-normal/arm64/FolioHostedIntegration-OutputFileMap.json -save-temps -no-color-diagnostics -explicit-module-build -module-cache-path /tmp/folio-hosted-queue-1622d9963f2d480fad43029d01951ab1/iphone/dd/Build/Intermediates.noindex/SwiftExplicitPrecompiledModules -clang-scanner-module-cache-path /tmp/folio-hosted-queue-1622d9963f2d480fad43029d01951ab1/iphone/dd/ModuleCache.noindex -sdk-module-cache-path /tmp/folio-hosted-queue-1622d9963f2d480fad43029d01951ab1/iphone/dd/SDKExplicitPrecompiledModules -emit-dependencies -emit-module -emit-module-path /tmp/folio-hosted-queue-1622d9963f2d480fad43029d01951ab1/iphone/dd/Build/Intermediates.noindex/FolioMobile.build/Debug-iphonesimulator/FolioHostedIntegration.build/Objects-normal/arm64/FolioHostedIntegration.swiftmodule -serialize-diagnostics -dependency-scan-serialize-diagnostics-path /tmp/folio-hosted-queue-1622d9963f2d480fad43029d01951ab1/iphone/dd/Build/Intermediates.noindex/FolioMobile.build/Debug-iphonesimulator/FolioHostedIntegration.build/Objects-normal/arm64/FolioHostedIntegration-dependency-scan.dia -validate-clang-modules-once -clang-build-session-file /tmp/folio-hosted-queue-1622d9963f2d480fad43029d01951ab1/iphone/dd/ModuleCache.noindex/Session.modulevalidation -Xcc -fmodules-prune-interval\=86400 -Xcc -fmodules-prune-after\=345600 -emit-const-values -const-gather-protocols-list /tmp/folio-hosted-queue-1622d9963f2d480fad43029d01951ab1/iphone/dd/Build/Intermediates.noindex/FolioMobile.build/Debug-iphonesimulator/FolioHostedIntegration.build/Objects-normal/arm64/FolioHostedIntegration_const_extract_protocols.json -Xcc -iquote -Xcc /tmp/folio-hosted-queue-1622d9963f2d480fad43029d01951ab1/iphone/dd/Build/Intermediates.noindex/FolioMobile.build/Debug-iphonesimulator/FolioHostedIntegration.build/FolioHostedIntegration-generated-files.hmap -Xcc -I/tmp/folio-hosted-queue-1622d9963f2d480fad43029d01951ab1/iphone/dd/Build/Intermediates.noindex/FolioMobile.build/Debug-iphonesimulator/FolioHostedIntegration.build/FolioHostedIntegration-own-target-headers.hmap -Xcc -I/tmp/folio-hosted-queue-1622d9963f2d480fad43029d01951ab1/iphone/dd/Build/Intermediates.noindex/FolioMobile.build/Debug-iphonesimulator/FolioHostedIntegration.build/FolioHostedIntegration-all-target-headers.hmap -Xcc -iquote -Xcc /tmp/folio-hosted-queue-1622d9963f2d480fad43029d01951ab1/iphone/dd/Build/Intermediates.noindex/FolioMobile.build/Debug-iphonesimulator/FolioHostedIntegration.build/FolioHostedIntegration-project-headers.hmap -Xcc -I/tmp/folio-hosted-queue-1622d9963f2d480fad43029d01951ab1/iphone/dd/Build/Products/Debug-iphonesimulator/include -Xcc -I/tmp/folio-hosted-queue-1622d9963f2d480fad43029d01951ab1/iphone/dd/Build/Intermediates.noindex/FolioMobile.build/Debug-iphonesimulator/FolioHostedIntegration.build/DerivedSources-normal/arm64 -Xcc -I/tmp/folio-hosted-queue-1622d9963f2d480fad43029d01951ab1/iphone/dd/Build/Intermediates.noindex/FolioMobile.build/Debug-iphonesimulator/FolioHostedIntegration.build/DerivedSources/arm64 -Xcc -I/tmp/folio-hosted-queue-1622d9963f2d480fad43029d01951ab1/iphone/dd/Build/Intermediates.noindex/FolioMobile.build/Debug-iphonesimulator/FolioHostedIntegration.build/DerivedSources -Xcc -DDEBUG\=1 -emit-objc-header -emit-objc-header-path /tmp/folio-hosted-queue-1622d9963f2d480fad43029d01951ab1/iphone/dd/Build/Intermediates.noindex/FolioMobile.build/Debug-iphonesimulator/FolioHostedIntegration.build/Objects-normal/arm64/FolioHostedIntegration-Swift.h -working-directory /tmp/folio-hosted-queue-1622d9963f2d480fad43029d01951ab1/iphone -experimental-emit-module-separately -disable-cmo

Copy /tmp/folio-hosted-queue-1622d9963f2d480fad43029d01951ab1/iphone/dd/Build/Products/Debug-iphonesimulator/FolioHostedIntegration.swiftmodule/x86_64-apple-ios-simulator.swiftdoc /tmp/folio-hosted-queue-1622d9963f2d480fad43029d01951ab1/iphone/dd/Build/Intermediates.noindex/FolioMobile.build/Debug-iphonesimulator/FolioHostedIntegration.build/Objects-normal/x86_64/FolioHostedIntegration.swiftdoc (in target 'FolioHostedIntegration' from project 'FolioMobile')
    cd /tmp/folio-hosted-queue-1622d9963f2d480fad43029d01951ab1/iphone
    builtin-copy -exclude .DS_Store -exclude CVS -exclude .svn -exclude .git -exclude .hg -resolve-src-symlinks -rename /tmp/folio-hosted-queue-1622d9963f2d480fad43029d01951ab1/iphone/dd/Build/Intermediates.noindex/FolioMobile.build/Debug-iphonesimulator/FolioHostedIntegration.build/Objects-normal/x86_64/FolioHostedIntegration.swiftdoc /tmp/folio-hosted-queue-1622d9963f2d480fad43029d01951ab1/iphone/dd/Build/Products/Debug-iphonesimulator/FolioHostedIntegration.swiftmodule/x86_64-apple-ios-simulator.swiftdoc

SwiftMergeGeneratedHeaders /tmp/folio-hosted-queue-1622d9963f2d480fad43029d01951ab1/iphone/dd/Build/Intermediates.noindex/FolioMobile.build/Debug-iphonesimulator/FolioHostedIntegration.build/DerivedSources/FolioHostedIntegration-Swift.h /tmp/folio-hosted-queue-1622d9963f2d480fad43029d01951ab1/iphone/dd/Build/Intermediates.noindex/FolioMobile.build/Debug-iphonesimulator/FolioHostedIntegration.build/Objects-normal/arm64/FolioHostedIntegration-Swift.h /tmp/folio-hosted-queue-1622d9963f2d480fad43029d01951ab1/iphone/dd/Build/Intermediates.noindex/FolioMobile.build/Debug-iphonesimulator/FolioHostedIntegration.build/Objects-normal/x86_64/FolioHostedIntegration-Swift.h (in target 'FolioHostedIntegration' from project 'FolioMobile')
    cd /tmp/folio-hosted-queue-1622d9963f2d480fad43029d01951ab1/iphone
    builtin-swiftHeaderTool -arch arm64 /tmp/folio-hosted-queue-1622d9963f2d480fad43029d01951ab1/iphone/dd/Build/Intermediates.noindex/FolioMobile.build/Debug-iphonesimulator/FolioHostedIntegration.build/Objects-normal/arm64/FolioHostedIntegration-Swift.h -arch x86_64 /tmp/folio-hosted-queue-1622d9963f2d480fad43029d01951ab1/iphone/dd/Build/Intermediates.noindex/FolioMobile.build/Debug-iphonesimulator/FolioHostedIntegration.build/Objects-normal/x86_64/FolioHostedIntegration-Swift.h -o /tmp/folio-hosted-queue-1622d9963f2d480fad43029d01951ab1/iphone/dd/Build/Intermediates.noindex/FolioMobile.build/Debug-iphonesimulator/FolioHostedIntegration.build/DerivedSources/FolioHostedIntegration-Swift.h

Copy /tmp/folio-hosted-queue-1622d9963f2d480fad43029d01951ab1/iphone/dd/Build/Products/Debug-iphonesimulator/FolioHostedIntegration.swiftmodule/x86_64-apple-ios-simulator.abi.json /tmp/folio-hosted-queue-1622d9963f2d480fad43029d01951ab1/iphone/dd/Build/Intermediates.noindex/FolioMobile.build/Debug-iphonesimulator/FolioHostedIntegration.build/Objects-normal/x86_64/FolioHostedIntegration.abi.json (in target 'FolioHostedIntegration' from project 'FolioMobile')
    cd /tmp/folio-hosted-queue-1622d9963f2d480fad43029d01951ab1/iphone
    builtin-copy -exclude .DS_Store -exclude CVS -exclude .svn -exclude .git -exclude .hg -resolve-src-symlinks -rename /tmp/folio-hosted-queue-1622d9963f2d480fad43029d01951ab1/iphone/dd/Build/Intermediates.noindex/FolioMobile.build/Debug-iphonesimulator/FolioHostedIntegration.build/Objects-normal/x86_64/FolioHostedIntegration.abi.json /tmp/folio-hosted-queue-1622d9963f2d480fad43029d01951ab1/iphone/dd/Build/Products/Debug-iphonesimulator/FolioHostedIntegration.swiftmodule/x86_64-apple-ios-simulator.abi.json

Copy /tmp/folio-hosted-queue-1622d9963f2d480fad43029d01951ab1/iphone/dd/Build/Products/Debug-iphonesimulator/FolioHostedIntegration.swiftmodule/arm64-apple-ios-simulator.swiftmodule /tmp/folio-hosted-queue-1622d9963f2d480fad43029d01951ab1/iphone/dd/Build/Intermediates.noindex/FolioMobile.build/Debug-iphonesimulator/FolioHostedIntegration.build/Objects-normal/arm64/FolioHostedIntegration.swiftmodule (in target 'FolioHostedIntegration' from project 'FolioMobile')
    cd /tmp/folio-hosted-queue-1622d9963f2d480fad43029d01951ab1/iphone
    builtin-copy -exclude .DS_Store -exclude CVS -exclude .svn -exclude .git -exclude .hg -resolve-src-symlinks -rename /tmp/folio-hosted-queue-1622d9963f2d480fad43029d01951ab1/iphone/dd/Build/Intermediates.noindex/FolioMobile.build/Debug-iphonesimulator/FolioHostedIntegration.build/Objects-normal/arm64/FolioHostedIntegration.swiftmodule /tmp/folio-hosted-queue-1622d9963f2d480fad43029d01951ab1/iphone/dd/Build/Products/Debug-iphonesimulator/FolioHostedIntegration.swiftmodule/arm64-apple-ios-simulator.swiftmodule

Copy /tmp/folio-hosted-queue-1622d9963f2d480fad43029d01951ab1/iphone/dd/Build/Products/Debug-iphonesimulator/FolioHostedIntegration.swiftmodule/arm64-apple-ios-simulator.swiftdoc /tmp/folio-hosted-queue-1622d9963f2d480fad43029d01951ab1/iphone/dd/Build/Intermediates.noindex/FolioMobile.build/Debug-iphonesimulator/FolioHostedIntegration.build/Objects-normal/arm64/FolioHostedIntegration.swiftdoc (in target 'FolioHostedIntegration' from project 'FolioMobile')
    cd /tmp/folio-hosted-queue-1622d9963f2d480fad43029d01951ab1/iphone
    builtin-copy -exclude .DS_Store -exclude CVS -exclude .svn -exclude .git -exclude .hg -resolve-src-symlinks -rename /tmp/folio-hosted-queue-1622d9963f2d480fad43029d01951ab1/iphone/dd/Build/Intermediates.noindex/FolioMobile.build/Debug-iphonesimulator/FolioHostedIntegration.build/Objects-normal/arm64/FolioHostedIntegration.swiftdoc /tmp/folio-hosted-queue-1622d9963f2d480fad43029d01951ab1/iphone/dd/Build/Products/Debug-iphonesimulator/FolioHostedIntegration.swiftmodule/arm64-apple-ios-simulator.swiftdoc

Copy /tmp/folio-hosted-queue-1622d9963f2d480fad43029d01951ab1/iphone/dd/Build/Products/Debug-iphonesimulator/FolioHostedIntegration.swiftmodule/arm64-apple-ios-simulator.abi.json /tmp/folio-hosted-queue-1622d9963f2d480fad43029d01951ab1/iphone/dd/Build/Intermediates.noindex/FolioMobile.build/Debug-iphonesimulator/FolioHostedIntegration.build/Objects-normal/arm64/FolioHostedIntegration.abi.json (in target 'FolioHostedIntegration' from project 'FolioMobile')
    cd /tmp/folio-hosted-queue-1622d9963f2d480fad43029d01951ab1/iphone
    builtin-copy -exclude .DS_Store -exclude CVS -exclude .svn -exclude .git -exclude .hg -resolve-src-symlinks -rename /tmp/folio-hosted-queue-1622d9963f2d480fad43029d01951ab1/iphone/dd/Build/Intermediates.noindex/FolioMobile.build/Debug-iphonesimulator/FolioHostedIntegration.build/Objects-normal/arm64/FolioHostedIntegration.abi.json /tmp/folio-hosted-queue-1622d9963f2d480fad43029d01951ab1/iphone/dd/Build/Products/Debug-iphonesimulator/FolioHostedIntegration.swiftmodule/arm64-apple-ios-simulator.abi.json

Copy /tmp/folio-hosted-queue-1622d9963f2d480fad43029d01951ab1/iphone/dd/Build/Products/Debug-iphonesimulator/FolioHostedIntegration.swiftmodule/Project/x86_64-apple-ios-simulator.swiftsourceinfo /tmp/folio-hosted-queue-1622d9963f2d480fad43029d01951ab1/iphone/dd/Build/Intermediates.noindex/FolioMobile.build/Debug-iphonesimulator/FolioHostedIntegration.build/Objects-normal/x86_64/FolioHostedIntegration.swiftsourceinfo (in target 'FolioHostedIntegration' from project 'FolioMobile')
    cd /tmp/folio-hosted-queue-1622d9963f2d480fad43029d01951ab1/iphone
    builtin-copy -exclude .DS_Store -exclude CVS -exclude .svn -exclude .git -exclude .hg -resolve-src-symlinks -rename /tmp/folio-hosted-queue-1622d9963f2d480fad43029d01951ab1/iphone/dd/Build/Intermediates.noindex/FolioMobile.build/Debug-iphonesimulator/FolioHostedIntegration.build/Objects-normal/x86_64/FolioHostedIntegration.swiftsourceinfo /tmp/folio-hosted-queue-1622d9963f2d480fad43029d01951ab1/iphone/dd/Build/Products/Debug-iphonesimulator/FolioHostedIntegration.swiftmodule/Project/x86_64-apple-ios-simulator.swiftsourceinfo

Copy /tmp/folio-hosted-queue-1622d9963f2d480fad43029d01951ab1/iphone/dd/Build/Products/Debug-iphonesimulator/FolioHostedIntegration.swiftmodule/Project/arm64-apple-ios-simulator.swiftsourceinfo /tmp/folio-hosted-queue-1622d9963f2d480fad43029d01951ab1/iphone/dd/Build/Intermediates.noindex/FolioMobile.build/Debug-iphonesimulator/FolioHostedIntegration.build/Objects-normal/arm64/FolioHostedIntegration.swiftsourceinfo (in target 'FolioHostedIntegration' from project 'FolioMobile')
    cd /tmp/folio-hosted-queue-1622d9963f2d480fad43029d01951ab1/iphone
    builtin-copy -exclude .DS_Store -exclude CVS -exclude .svn -exclude .git -exclude .hg -resolve-src-symlinks -rename /tmp/folio-hosted-queue-1622d9963f2d480fad43029d01951ab1/iphone/dd/Build/Intermediates.noindex/FolioMobile.build/Debug-iphonesimulator/FolioHostedIntegration.build/Objects-normal/arm64/FolioHostedIntegration.swiftsourceinfo /tmp/folio-hosted-queue-1622d9963f2d480fad43029d01951ab1/iphone/dd/Build/Products/Debug-iphonesimulator/FolioHostedIntegration.swiftmodule/Project/arm64-apple-ios-simulator.swiftsourceinfo

SwiftDriverJobDiscovery normal arm64 Compiling PlatformCompat.swift (in target 'FolioMobile' from project 'FolioMobile')

SwiftDriverJobDiscovery normal arm64 Compiling DocumentWorkspace.swift, FolioMobileApp.swift (in target 'FolioMobile' from project 'FolioMobile')

SwiftDriverJobDiscovery normal arm64 Compiling AppLifecycleMobile.swift, ContentView.swift (in target 'FolioMobile' from project 'FolioMobile')

SwiftDriverJobDiscovery normal arm64 Compiling MobileStore.swift (in target 'FolioMobile' from project 'FolioMobile')

SwiftDriverJobDiscovery normal arm64 Compiling IndexEngine.swift, LaneSignal.swift (in target 'FolioMobile' from project 'FolioMobile')

SwiftDriverJobDiscovery normal arm64 Compiling MarkdownExport.swift, MobileEditor.swift (in target 'FolioMobile' from project 'FolioMobile')

SwiftDriver\ Compilation FolioMobile normal arm64 com.apple.xcode.tools.swift.compiler (in target 'FolioMobile' from project 'FolioMobile')
    cd /tmp/folio-hosted-queue-1622d9963f2d480fad43029d01951ab1/iphone
    builtin-Swift-Compilation -- /Applications/Xcode.app/Contents/Developer/Toolchains/XcodeDefault.xctoolchain/usr/bin/swiftc -module-name Folio -Onone @/tmp/folio-hosted-queue-1622d9963f2d480fad43029d01951ab1/iphone/dd/Build/Intermediates.noindex/FolioMobile.build/Debug-iphonesimulator/FolioMobile.build/Objects-normal/arm64/Folio.SwiftFileList -DDEBUG -enable-bare-slash-regex -enable-experimental-feature DebugDescriptionMacro -sdk /Applications/Xcode.app/Contents/Developer/Platforms/iPhoneSimulator.platform/Developer/SDKs/iPhoneSimulator27.0.sdk -target arm64-apple-ios18.0-simulator -g -module-cache-path /tmp/folio-hosted-queue-1622d9963f2d480fad43029d01951ab1/iphone/dd/ModuleCache.noindex -Xfrontend -serialize-debugging-options -enable-testing -index-store-path /tmp/folio-hosted-queue-1622d9963f2d480fad43029d01951ab1/iphone/dd/Index.noindex/DataStore -Xcc -D_LIBCPP_HARDENING_MODE\=_LIBCPP_HARDENING_MODE_DEBUG -swift-version 5 -I /tmp/folio-hosted-queue-1622d9963f2d480fad43029d01951ab1/iphone/dd/Build/Products/Debug-iphonesimulator -F /tmp/folio-hosted-queue-1622d9963f2d480fad43029d01951ab1/iphone/dd/Build/Products/Debug-iphonesimulator -c -j10 -enable-batch-mode -incremental -output-file-map /tmp/folio-hosted-queue-1622d9963f2d480fad43029d01951ab1/iphone/dd/Build/Intermediates.noindex/FolioMobile.build/Debug-iphonesimulator/FolioMobile.build/Objects-normal/arm64/FolioMobile-OutputFileMap.json -save-temps -no-color-diagnostics -explicit-module-build -module-cache-path /tmp/folio-hosted-queue-1622d9963f2d480fad43029d01951ab1/iphone/dd/Build/Intermediates.noindex/SwiftExplicitPrecompiledModules -clang-scanner-module-cache-path /tmp/folio-hosted-queue-1622d9963f2d480fad43029d01951ab1/iphone/dd/ModuleCache.noindex -sdk-module-cache-path /tmp/folio-hosted-queue-1622d9963f2d480fad43029d01951ab1/iphone/dd/SDKExplicitPrecompiledModules -emit-dependencies -emit-module -emit-module-path /tmp/folio-hosted-queue-1622d9963f2d480fad43029d01951ab1/iphone/dd/Build/Intermediates.noindex/FolioMobile.build/Debug-iphonesimulator/FolioMobile.build/Objects-normal/arm64/Folio.swiftmodule -serialize-diagnostics -dependency-scan-serialize-diagnostics-path /tmp/folio-hosted-queue-1622d9963f2d480fad43029d01951ab1/iphone/dd/Build/Intermediates.noindex/FolioMobile.build/Debug-iphonesimulator/FolioMobile.build/Objects-normal/arm64/Folio-dependency-scan.dia -validate-clang-modules-once -clang-build-session-file /tmp/folio-hosted-queue-1622d9963f2d480fad43029d01951ab1/iphone/dd/ModuleCache.noindex/Session.modulevalidation -Xcc -fmodules-prune-interval\=86400 -Xcc -fmodules-prune-after\=345600 -emit-const-values -const-gather-protocols-list /tmp/folio-hosted-queue-1622d9963f2d480fad43029d01951ab1/iphone/dd/Build/Intermediates.noindex/FolioMobile.build/Debug-iphonesimulator/FolioMobile.build/Objects-normal/arm64/FolioMobile_const_extract_protocols.json -Xcc -iquote -Xcc /tmp/folio-hosted-queue-1622d9963f2d480fad43029d01951ab1/iphone/dd/Build/Intermediates.noindex/FolioMobile.build/Debug-iphonesimulator/FolioMobile.build/Folio-generated-files.hmap -Xcc -I/tmp/folio-hosted-queue-1622d9963f2d480fad43029d01951ab1/iphone/dd/Build/Intermediates.noindex/FolioMobile.build/Debug-iphonesimulator/FolioMobile.build/Folio-own-target-headers.hmap -Xcc -I/tmp/folio-hosted-queue-1622d9963f2d480fad43029d01951ab1/iphone/dd/Build/Intermediates.noindex/FolioMobile.build/Debug-iphonesimulator/FolioMobile.build/Folio-all-target-headers.hmap -Xcc -iquote -Xcc /tmp/folio-hosted-queue-1622d9963f2d480fad43029d01951ab1/iphone/dd/Build/Intermediates.noindex/FolioMobile.build/Debug-iphonesimulator/FolioMobile.build/Folio-project-headers.hmap -Xcc -I/tmp/folio-hosted-queue-1622d9963f2d480fad43029d01951ab1/iphone/dd/Build/Products/Debug-iphonesimulator/include -Xcc -I/tmp/folio-hosted-queue-1622d9963f2d480fad43029d01951ab1/iphone/dd/Build/Intermediates.noindex/FolioMobile.build/Debug-iphonesimulator/FolioMobile.build/DerivedSources-normal/arm64 -Xcc -I/tmp/folio-hosted-queue-1622d9963f2d480fad43029d01951ab1/iphone/dd/Build/Intermediates.noindex/FolioMobile.build/Debug-iphonesimulator/FolioMobile.build/DerivedSources/arm64 -Xcc -I/tmp/folio-hosted-queue-1622d9963f2d480fad43029d01951ab1/iphone/dd/Build/Intermediates.noindex/FolioMobile.build/Debug-iphonesimulator/FolioMobile.build/DerivedSources -Xcc -DDEBUG\=1 -emit-objc-header -emit-objc-header-path /tmp/folio-hosted-queue-1622d9963f2d480fad43029d01951ab1/iphone/dd/Build/Intermediates.noindex/FolioMobile.build/Debug-iphonesimulator/FolioMobile.build/Objects-normal/arm64/Folio-Swift.h -working-directory /tmp/folio-hosted-queue-1622d9963f2d480fad43029d01951ab1/iphone -experimental-emit-module-separately -disable-cmo

Ld /tmp/folio-hosted-queue-1622d9963f2d480fad43029d01951ab1/iphone/dd/Build/Intermediates.noindex/FolioMobile.build/Debug-iphonesimulator/FolioMobile.build/Objects-normal/arm64/Binary/Folio.debug.dylib normal arm64 (in target 'FolioMobile' from project 'FolioMobile')
    cd /tmp/folio-hosted-queue-1622d9963f2d480fad43029d01951ab1/iphone
    /Applications/Xcode.app/Contents/Developer/Toolchains/XcodeDefault.xctoolchain/usr/bin/clang -Xlinker -reproducible -target arm64-apple-ios18.0-simulator -dynamiclib -isysroot /Applications/Xcode.app/Contents/Developer/Platforms/iPhoneSimulator.platform/Developer/SDKs/iPhoneSimulator27.0.sdk -O0 -Xlinker -no_warn_duplicate_libraries -L/tmp/folio-hosted-queue-1622d9963f2d480fad43029d01951ab1/iphone/dd/Build/Intermediates.noindex/EagerLinkingTBDs/Debug-iphonesimulator -L/tmp/folio-hosted-queue-1622d9963f2d480fad43029d01951ab1/iphone/dd/Build/Products/Debug-iphonesimulator -F/tmp/folio-hosted-queue-1622d9963f2d480fad43029d01951ab1/iphone/dd/Build/Intermediates.noindex/EagerLinkingTBDs/Debug-iphonesimulator -F/tmp/folio-hosted-queue-1622d9963f2d480fad43029d01951ab1/iphone/dd/Build/Products/Debug-iphonesimulator -filelist /tmp/folio-hosted-queue-1622d9963f2d480fad43029d01951ab1/iphone/dd/Build/Intermediates.noindex/FolioMobile.build/Debug-iphonesimulator/FolioMobile.build/Objects-normal/arm64/Folio.LinkFileList -install_name @rpath/Folio.debug.dylib -Xlinker -rpath -Xlinker /usr/lib/swift -Xlinker -rpath -Xlinker @executable_path/Frameworks -Xlinker -dead_strip -Xlinker -object_path_lto -Xlinker /tmp/folio-hosted-queue-1622d9963f2d480fad43029d01951ab1/iphone/dd/Build/Intermediates.noindex/FolioMobile.build/Debug-iphonesimulator/FolioMobile.build/Objects-normal/arm64/Folio_lto.o -rdynamic -Xlinker -no_deduplicate -Xlinker -objc_abi_version -Xlinker 2 -Xlinker -dependency_info -Xlinker /tmp/folio-hosted-queue-1622d9963f2d480fad43029d01951ab1/iphone/dd/Build/Intermediates.noindex/FolioMobile.build/Debug-iphonesimulator/FolioMobile.build/Objects-normal/arm64/Folio_dependency_info.dat -fobjc-link-runtime -L/Applications/Xcode.app/Contents/Developer/Toolchains/XcodeDefault.xctoolchain/usr/lib/swift/iphonesimulator -L/usr/lib/swift -Xlinker -add_ast_path -Xlinker /tmp/folio-hosted-queue-1622d9963f2d480fad43029d01951ab1/iphone/dd/Build/Intermediates.noindex/FolioMobile.build/Debug-iphonesimulator/FolioMobile.build/Objects-normal/arm64/Folio.swiftmodule -Xlinker -alias -Xlinker _main -Xlinker ___debug_main_executable_dylib_entry_point -lsqlite3 -o /tmp/folio-hosted-queue-1622d9963f2d480fad43029d01951ab1/iphone/dd/Build/Intermediates.noindex/FolioMobile.build/Debug-iphonesimulator/FolioMobile.build/Objects-normal/arm64/Binary/Folio.debug.dylib

ConstructStubExecutorLinkFileList /tmp/folio-hosted-queue-1622d9963f2d480fad43029d01951ab1/iphone/dd/Build/Intermediates.noindex/FolioMobile.build/Debug-iphonesimulator/FolioMobile.build/Folio-ExecutorLinkFileList-normal-x86_64.txt (in target 'FolioMobile' from project 'FolioMobile')
    cd /tmp/folio-hosted-queue-1622d9963f2d480fad43029d01951ab1/iphone
    construct-stub-executor-link-file-list /tmp/folio-hosted-queue-1622d9963f2d480fad43029d01951ab1/iphone/dd/Build/Intermediates.noindex/FolioMobile.build/Debug-iphonesimulator/FolioMobile.build/Objects-normal/x86_64/Binary/Folio.debug.dylib /Applications/Xcode.app/Contents/Developer/Platforms/iPhoneSimulator.platform/Developer/usr/lib/libPreviewsJITStubExecutor_no_swift_entry_point.a /Applications/Xcode.app/Contents/Developer/Platforms/iPhoneSimulator.platform/Developer/usr/lib/libPreviewsJITStubExecutor.a --output /tmp/folio-hosted-queue-1622d9963f2d480fad43029d01951ab1/iphone/dd/Build/Intermediates.noindex/FolioMobile.build/Debug-iphonesimulator/FolioMobile.build/Folio-ExecutorLinkFileList-normal-x86_64.txt
note: Using stub executor library with Swift entry point. (in target 'FolioMobile' from project 'FolioMobile')

CreateUniversalBinary /tmp/folio-hosted-queue-1622d9963f2d480fad43029d01951ab1/iphone/dd/Build/Products/Debug-iphonesimulator/Folio.app/Folio.debug.dylib normal arm64\ x86_64 (in target 'FolioMobile' from project 'FolioMobile')
    cd /tmp/folio-hosted-queue-1622d9963f2d480fad43029d01951ab1/iphone
    /Applications/Xcode.app/Contents/Developer/Toolchains/XcodeDefault.xctoolchain/usr/bin/lipo -create /tmp/folio-hosted-queue-1622d9963f2d480fad43029d01951ab1/iphone/dd/Build/Intermediates.noindex/FolioMobile.build/Debug-iphonesimulator/FolioMobile.build/Objects-normal/arm64/Binary/Folio.debug.dylib /tmp/folio-hosted-queue-1622d9963f2d480fad43029d01951ab1/iphone/dd/Build/Intermediates.noindex/FolioMobile.build/Debug-iphonesimulator/FolioMobile.build/Objects-normal/x86_64/Binary/Folio.debug.dylib -output /tmp/folio-hosted-queue-1622d9963f2d480fad43029d01951ab1/iphone/dd/Build/Products/Debug-iphonesimulator/Folio.app/Folio.debug.dylib

ConstructStubExecutorLinkFileList /tmp/folio-hosted-queue-1622d9963f2d480fad43029d01951ab1/iphone/dd/Build/Intermediates.noindex/FolioMobile.build/Debug-iphonesimulator/FolioMobile.build/Folio-ExecutorLinkFileList-normal-arm64.txt (in target 'FolioMobile' from project 'FolioMobile')
    cd /tmp/folio-hosted-queue-1622d9963f2d480fad43029d01951ab1/iphone
    construct-stub-executor-link-file-list /tmp/folio-hosted-queue-1622d9963f2d480fad43029d01951ab1/iphone/dd/Build/Intermediates.noindex/FolioMobile.build/Debug-iphonesimulator/FolioMobile.build/Objects-normal/arm64/Binary/Folio.debug.dylib /Applications/Xcode.app/Contents/Developer/Platforms/iPhoneSimulator.platform/Developer/usr/lib/libPreviewsJITStubExecutor_no_swift_entry_point.a /Applications/Xcode.app/Contents/Developer/Platforms/iPhoneSimulator.platform/Developer/usr/lib/libPreviewsJITStubExecutor.a --output /tmp/folio-hosted-queue-1622d9963f2d480fad43029d01951ab1/iphone/dd/Build/Intermediates.noindex/FolioMobile.build/Debug-iphonesimulator/FolioMobile.build/Folio-ExecutorLinkFileList-normal-arm64.txt
note: Using stub executor library with Swift entry point. (in target 'FolioMobile' from project 'FolioMobile')

Ld /tmp/folio-hosted-queue-1622d9963f2d480fad43029d01951ab1/iphone/dd/Build/Intermediates.noindex/FolioMobile.build/Debug-iphonesimulator/FolioMobile.build/Objects-normal/x86_64/Binary/Folio normal x86_64 (in target 'FolioMobile' from project 'FolioMobile')
    cd /tmp/folio-hosted-queue-1622d9963f2d480fad43029d01951ab1/iphone
    /Applications/Xcode.app/Contents/Developer/Toolchains/XcodeDefault.xctoolchain/usr/bin/clang -Xlinker -reproducible -target x86_64-apple-ios18.0-simulator -isysroot /Applications/Xcode.app/Contents/Developer/Platforms/iPhoneSimulator.platform/Developer/SDKs/iPhoneSimulator27.0.sdk -O0 -Xlinker -no_warn_duplicate_libraries -L/tmp/folio-hosted-queue-1622d9963f2d480fad43029d01951ab1/iphone/dd/Build/Products/Debug-iphonesimulator -F/tmp/folio-hosted-queue-1622d9963f2d480fad43029d01951ab1/iphone/dd/Build/Products/Debug-iphonesimulator -Xlinker -rpath -Xlinker @executable_path -Xlinker -rpath -Xlinker @executable_path/Frameworks -rdynamic -Xlinker -no_deduplicate -Xlinker -objc_abi_version -Xlinker 2 -e ___debug_blank_executor_main -Xlinker -sectcreate -Xlinker __TEXT -Xlinker __debug_dylib -Xlinker /tmp/folio-hosted-queue-1622d9963f2d480fad43029d01951ab1/iphone/dd/Build/Intermediates.noindex/FolioMobile.build/Debug-iphonesimulator/FolioMobile.build/Folio-DebugDylibPath-normal-x86_64.txt -Xlinker -sectcreate -Xlinker __TEXT -Xlinker __debug_instlnm -Xlinker /tmp/folio-hosted-queue-1622d9963f2d480fad43029d01951ab1/iphone/dd/Build/Intermediates.noindex/FolioMobile.build/Debug-iphonesimulator/FolioMobile.build/Folio-DebugDylibInstallName-normal-x86_64.txt -Xlinker -filelist -Xlinker /tmp/folio-hosted-queue-1622d9963f2d480fad43029d01951ab1/iphone/dd/Build/Intermediates.noindex/FolioMobile.build/Debug-iphonesimulator/FolioMobile.build/Folio-ExecutorLinkFileList-normal-x86_64.txt /tmp/folio-hosted-queue-1622d9963f2d480fad43029d01951ab1/iphone/dd/Build/Intermediates.noindex/FolioMobile.build/Debug-iphonesimulator/FolioMobile.build/Objects-normal/x86_64/Binary/Folio.debug.dylib -o /tmp/folio-hosted-queue-1622d9963f2d480fad43029d01951ab1/iphone/dd/Build/Intermediates.noindex/FolioMobile.build/Debug-iphonesimulator/FolioMobile.build/Objects-normal/x86_64/Binary/Folio

Ld /tmp/folio-hosted-queue-1622d9963f2d480fad43029d01951ab1/iphone/dd/Build/Intermediates.noindex/FolioMobile.build/Debug-iphonesimulator/FolioMobile.build/Objects-normal/arm64/Binary/Folio normal arm64 (in target 'FolioMobile' from project 'FolioMobile')
    cd /tmp/folio-hosted-queue-1622d9963f2d480fad43029d01951ab1/iphone
    /Applications/Xcode.app/Contents/Developer/Toolchains/XcodeDefault.xctoolchain/usr/bin/clang -Xlinker -reproducible -target arm64-apple-ios18.0-simulator -isysroot /Applications/Xcode.app/Contents/Developer/Platforms/iPhoneSimulator.platform/Developer/SDKs/iPhoneSimulator27.0.sdk -O0 -Xlinker -no_warn_duplicate_libraries -L/tmp/folio-hosted-queue-1622d9963f2d480fad43029d01951ab1/iphone/dd/Build/Products/Debug-iphonesimulator -F/tmp/folio-hosted-queue-1622d9963f2d480fad43029d01951ab1/iphone/dd/Build/Products/Debug-iphonesimulator -Xlinker -rpath -Xlinker @executable_path -Xlinker -rpath -Xlinker @executable_path/Frameworks -rdynamic -Xlinker -no_deduplicate -Xlinker -objc_abi_version -Xlinker 2 -e ___debug_blank_executor_main -Xlinker -sectcreate -Xlinker __TEXT -Xlinker __debug_dylib -Xlinker /tmp/folio-hosted-queue-1622d9963f2d480fad43029d01951ab1/iphone/dd/Build/Intermediates.noindex/FolioMobile.build/Debug-iphonesimulator/FolioMobile.build/Folio-DebugDylibPath-normal-arm64.txt -Xlinker -sectcreate -Xlinker __TEXT -Xlinker __debug_instlnm -Xlinker /tmp/folio-hosted-queue-1622d9963f2d480fad43029d01951ab1/iphone/dd/Build/Intermediates.noindex/FolioMobile.build/Debug-iphonesimulator/FolioMobile.build/Folio-DebugDylibInstallName-normal-arm64.txt -Xlinker -filelist -Xlinker /tmp/folio-hosted-queue-1622d9963f2d480fad43029d01951ab1/iphone/dd/Build/Intermediates.noindex/FolioMobile.build/Debug-iphonesimulator/FolioMobile.build/Folio-ExecutorLinkFileList-normal-arm64.txt /tmp/folio-hosted-queue-1622d9963f2d480fad43029d01951ab1/iphone/dd/Build/Intermediates.noindex/FolioMobile.build/Debug-iphonesimulator/FolioMobile.build/Objects-normal/arm64/Binary/Folio.debug.dylib -o /tmp/folio-hosted-queue-1622d9963f2d480fad43029d01951ab1/iphone/dd/Build/Intermediates.noindex/FolioMobile.build/Debug-iphonesimulator/FolioMobile.build/Objects-normal/arm64/Binary/Folio

CreateUniversalBinary /tmp/folio-hosted-queue-1622d9963f2d480fad43029d01951ab1/iphone/dd/Build/Products/Debug-iphonesimulator/Folio.app/Folio normal arm64\ x86_64 (in target 'FolioMobile' from project 'FolioMobile')
    cd /tmp/folio-hosted-queue-1622d9963f2d480fad43029d01951ab1/iphone
    /Applications/Xcode.app/Contents/Developer/Toolchains/XcodeDefault.xctoolchain/usr/bin/lipo -create /tmp/folio-hosted-queue-1622d9963f2d480fad43029d01951ab1/iphone/dd/Build/Intermediates.noindex/FolioMobile.build/Debug-iphonesimulator/FolioMobile.build/Objects-normal/arm64/Binary/Folio /tmp/folio-hosted-queue-1622d9963f2d480fad43029d01951ab1/iphone/dd/Build/Intermediates.noindex/FolioMobile.build/Debug-iphonesimulator/FolioMobile.build/Objects-normal/x86_64/Binary/Folio -output /tmp/folio-hosted-queue-1622d9963f2d480fad43029d01951ab1/iphone/dd/Build/Products/Debug-iphonesimulator/Folio.app/Folio

CopySwiftLibs /tmp/folio-hosted-queue-1622d9963f2d480fad43029d01951ab1/iphone/dd/Build/Products/Debug-iphonesimulator/Folio.app (in target 'FolioMobile' from project 'FolioMobile')
    cd /tmp/folio-hosted-queue-1622d9963f2d480fad43029d01951ab1/iphone
    builtin-swiftStdLibTool --copy --verbose --scan-executable /tmp/folio-hosted-queue-1622d9963f2d480fad43029d01951ab1/iphone/dd/Build/Products/Debug-iphonesimulator/Folio.app/Folio.debug.dylib --scan-folder /tmp/folio-hosted-queue-1622d9963f2d480fad43029d01951ab1/iphone/dd/Build/Products/Debug-iphonesimulator/Folio.app/Frameworks --scan-folder /tmp/folio-hosted-queue-1622d9963f2d480fad43029d01951ab1/iphone/dd/Build/Products/Debug-iphonesimulator/Folio.app/PlugIns --scan-folder /tmp/folio-hosted-queue-1622d9963f2d480fad43029d01951ab1/iphone/dd/Build/Products/Debug-iphonesimulator/Folio.app/SystemExtensions --scan-folder /tmp/folio-hosted-queue-1622d9963f2d480fad43029d01951ab1/iphone/dd/Build/Products/Debug-iphonesimulator/Folio.app/Extensions --platform iphonesimulator --toolchain /Applications/Xcode.app/Contents/Developer/Toolchains/XcodeDefault.xctoolchain --destination /tmp/folio-hosted-queue-1622d9963f2d480fad43029d01951ab1/iphone/dd/Build/Products/Debug-iphonesimulator/Folio.app/Frameworks --strip-bitcode --strip-bitcode-tool /Applications/Xcode.app/Contents/Developer/Toolchains/XcodeDefault.xctoolchain/usr/bin/bitcode_strip --emit-dependency-info /tmp/folio-hosted-queue-1622d9963f2d480fad43029d01951ab1/iphone/dd/Build/Intermediates.noindex/FolioMobile.build/Debug-iphonesimulator/FolioMobile.build/SwiftStdLibToolInputDependencies.dep --filter-for-swift-os --back-deploy-swift-span
Ignoring --strip-bitcode because --sign was not passed

ExtractAppIntentsMetadata (in target 'FolioMobile' from project 'FolioMobile')
    cd /tmp/folio-hosted-queue-1622d9963f2d480fad43029d01951ab1/iphone
    /Applications/Xcode.app/Contents/Developer/Toolchains/XcodeDefault.xctoolchain/usr/bin/appintentsmetadataprocessor --toolchain-dir /Applications/Xcode.app/Contents/Developer/Toolchains/XcodeDefault.xctoolchain --module-name Folio --sdk-root /Applications/Xcode.app/Contents/Developer/Platforms/iPhoneSimulator.platform/Developer/SDKs/iPhoneSimulator27.0.sdk --xcode-version 27A266a --platform-family iOS --deployment-target 18.0 --bundle-identifier cyou.tianli.TLMarkdown.mobile --output /tmp/folio-hosted-queue-1622d9963f2d480fad43029d01951ab1/iphone/dd/Build/Products/Debug-iphonesimulator/Folio.app --target-triple arm64-apple-ios18.0-simulator --target-triple x86_64-apple-ios18.0-simulator --binary-file /tmp/folio-hosted-queue-1622d9963f2d480fad43029d01951ab1/iphone/dd/Build/Products/Debug-iphonesimulator/Folio.app/Folio --dependency-file /tmp/folio-hosted-queue-1622d9963f2d480fad43029d01951ab1/iphone/dd/Build/Intermediates.noindex/FolioMobile.build/Debug-iphonesimulator/FolioMobile.build/Objects-normal/arm64/Folio_dependency_info.dat --dependency-file /tmp/folio-hosted-queue-1622d9963f2d480fad43029d01951ab1/iphone/dd/Build/Intermediates.noindex/FolioMobile.build/Debug-iphonesimulator/FolioMobile.build/Objects-normal/x86_64/Folio_dependency_info.dat --stringsdata-file /tmp/folio-hosted-queue-1622d9963f2d480fad43029d01951ab1/iphone/dd/Build/Intermediates.noindex/FolioMobile.build/Debug-iphonesimulator/FolioMobile.build/Objects-normal/arm64/ExtractedAppShortcutsMetadata.stringsdata --stringsdata-file /tmp/folio-hosted-queue-1622d9963f2d480fad43029d01951ab1/iphone/dd/Build/Intermediates.noindex/FolioMobile.build/Debug-iphonesimulator/FolioMobile.build/Objects-normal/x86_64/ExtractedAppShortcutsMetadata.stringsdata --source-file-list /tmp/folio-hosted-queue-1622d9963f2d480fad43029d01951ab1/iphone/dd/Build/Intermediates.noindex/FolioMobile.build/Debug-iphonesimulator/FolioMobile.build/Objects-normal/arm64/Folio.SwiftFileList --source-file-list /tmp/folio-hosted-queue-1622d9963f2d480fad43029d01951ab1/iphone/dd/Build/Intermediates.noindex/FolioMobile.build/Debug-iphonesimulator/FolioMobile.build/Objects-normal/x86_64/Folio.SwiftFileList --metadata-file-list /tmp/folio-hosted-queue-1622d9963f2d480fad43029d01951ab1/iphone/dd/Build/Intermediates.noindex/FolioMobile.build/Debug-iphonesimulator/FolioMobile.build/Folio.DependencyMetadataFileList --static-metadata-file-list /tmp/folio-hosted-queue-1622d9963f2d480fad43029d01951ab1/iphone/dd/Build/Intermediates.noindex/FolioMobile.build/Debug-iphonesimulator/FolioMobile.build/Folio.DependencyStaticMetadataFileList --swift-const-vals-list /tmp/folio-hosted-queue-1622d9963f2d480fad43029d01951ab1/iphone/dd/Build/Intermediates.noindex/FolioMobile.build/Debug-iphonesimulator/FolioMobile.build/Objects-normal/arm64/Folio.SwiftConstValuesFileList --swift-const-vals-list /tmp/folio-hosted-queue-1622d9963f2d480fad43029d01951ab1/iphone/dd/Build/Intermediates.noindex/FolioMobile.build/Debug-iphonesimulator/FolioMobile.build/Objects-normal/x86_64/Folio.SwiftConstValuesFileList --compile-time-extraction --deployment-aware-processing --no-app-shortcuts-localization
2026-10-04 18:21:57.436 appintentsmetadataprocessor[82137:51213829] Starting appintentsmetadataprocessor export
2026-10-04 18:21:57.444 appintentsmetadataprocessor[82137:51213829] warning: Metadata extraction skipped, no AppIntents.framework dependency found

AppIntentsSSUTraining (in target 'FolioMobile' from project 'FolioMobile')
    cd /tmp/folio-hosted-queue-1622d9963f2d480fad43029d01951ab1/iphone
    /Applications/Xcode.app/Contents/Developer/Toolchains/XcodeDefault.xctoolchain/usr/bin/appintentsnltrainingprocessor --infoplist-path /tmp/folio-hosted-queue-1622d9963f2d480fad43029d01951ab1/iphone/dd/Build/Products/Debug-iphonesimulator/Folio.app/Info.plist --temp-dir-path /tmp/folio-hosted-queue-1622d9963f2d480fad43029d01951ab1/iphone/dd/Build/Intermediates.noindex/FolioMobile.build/Debug-iphonesimulator/FolioMobile.build/ssu --bundle-id cyou.tianli.TLMarkdown.mobile --product-path /tmp/folio-hosted-queue-1622d9963f2d480fad43029d01951ab1/iphone/dd/Build/Products/Debug-iphonesimulator/Folio.app --extracted-metadata-path /tmp/folio-hosted-queue-1622d9963f2d480fad43029d01951ab1/iphone/dd/Build/Products/Debug-iphonesimulator/Folio.app/Metadata.appintents --metadata-file-list /tmp/folio-hosted-queue-1622d9963f2d480fad43029d01951ab1/iphone/dd/Build/Intermediates.noindex/FolioMobile.build/Debug-iphonesimulator/FolioMobile.build/Folio.DependencyMetadataFileList --source-file /tmp/folio-hosted-queue-1622d9963f2d480fad43029d01951ab1/iphone/dd/Build/Products/Debug-iphonesimulator/Folio.app/Info.plist --archive-ssu-assets
2026-10-04 18:21:57.476 appintentsnltrainingprocessor[82145:51213869] Parsing options for appintentsnltrainingprocessor
2026-10-04 18:21:57.477 appintentsnltrainingprocessor[82145:51213869] Starting AppIntents SSU YAML Generation
2026-10-04 18:21:57.479 appintentsnltrainingprocessor[82145:51213869] No AppShortcuts found - Skipping.

SwiftDriverJobDiscovery normal x86_64 Compiling HostedIntegrationTests.swift (in target 'FolioHostedIntegration' from project 'FolioMobile')

SwiftDriver\ Compilation FolioHostedIntegration normal x86_64 com.apple.xcode.tools.swift.compiler (in target 'FolioHostedIntegration' from project 'FolioMobile')
    cd /tmp/folio-hosted-queue-1622d9963f2d480fad43029d01951ab1/iphone
    builtin-Swift-Compilation -- /Applications/Xcode.app/Contents/Developer/Toolchains/XcodeDefault.xctoolchain/usr/bin/swiftc -module-name FolioHostedIntegration -Onone @/tmp/folio-hosted-queue-1622d9963f2d480fad43029d01951ab1/iphone/dd/Build/Intermediates.noindex/FolioMobile.build/Debug-iphonesimulator/FolioHostedIntegration.build/Objects-normal/x86_64/FolioHostedIntegration.SwiftFileList -DDEBUG -plugin-path /Applications/Xcode.app/Contents/Developer/Toolchains/XcodeDefault.xctoolchain/usr/lib/swift/host/plugins/testing -enable-bare-slash-regex -enable-experimental-feature DebugDescriptionMacro -sdk /Applications/Xcode.app/Contents/Developer/Platforms/iPhoneSimulator.platform/Developer/SDKs/iPhoneSimulator27.0.sdk -target x86_64-apple-ios18.0-simulator -g -module-cache-path /tmp/folio-hosted-queue-1622d9963f2d480fad43029d01951ab1/iphone/dd/ModuleCache.noindex -Xfrontend -serialize-debugging-options -enable-testing -index-store-path /tmp/folio-hosted-queue-1622d9963f2d480fad43029d01951ab1/iphone/dd/Index.noindex/DataStore -Xcc -D_LIBCPP_HARDENING_MODE\=_LIBCPP_HARDENING_MODE_DEBUG -swift-version 5 -I /tmp/folio-hosted-queue-1622d9963f2d480fad43029d01951ab1/iphone/dd/Build/Products/Debug-iphonesimulator -Isystem /Applications/Xcode.app/Contents/Developer/Platforms/iPhoneSimulator.platform/Developer/usr/lib -F /tmp/folio-hosted-queue-1622d9963f2d480fad43029d01951ab1/iphone/dd/Build/Products/Debug-iphonesimulator -F /Applications/Xcode.app/Contents/Developer/Platforms/iPhoneSimulator.platform/Developer/Library/Frameworks -F /Applications/Xcode.app/Contents/Developer/Platforms/iPhoneSimulator.platform/Developer/SDKs/iPhoneSimulator27.0.sdk/Developer/Library/Frameworks -parse-as-library -c -j10 -enable-batch-mode -incremental -output-file-map /tmp/folio-hosted-queue-1622d9963f2d480fad43029d01951ab1/iphone/dd/Build/Intermediates.noindex/FolioMobile.build/Debug-iphonesimulator/FolioHostedIntegration.build/Objects-normal/x86_64/FolioHostedIntegration-OutputFileMap.json -save-temps -no-color-diagnostics -explicit-module-build -module-cache-path /tmp/folio-hosted-queue-1622d9963f2d480fad43029d01951ab1/iphone/dd/Build/Intermediates.noindex/SwiftExplicitPrecompiledModules -clang-scanner-module-cache-path /tmp/folio-hosted-queue-1622d9963f2d480fad43029d01951ab1/iphone/dd/ModuleCache.noindex -sdk-module-cache-path /tmp/folio-hosted-queue-1622d9963f2d480fad43029d01951ab1/iphone/dd/SDKExplicitPrecompiledModules -emit-dependencies -emit-module -emit-module-path /tmp/folio-hosted-queue-1622d9963f2d480fad43029d01951ab1/iphone/dd/Build/Intermediates.noindex/FolioMobile.build/Debug-iphonesimulator/FolioHostedIntegration.build/Objects-normal/x86_64/FolioHostedIntegration.swiftmodule -serialize-diagnostics -dependency-scan-serialize-diagnostics-path /tmp/folio-hosted-queue-1622d9963f2d480fad43029d01951ab1/iphone/dd/Build/Intermediates.noindex/FolioMobile.build/Debug-iphonesimulator/FolioHostedIntegration.build/Objects-normal/x86_64/FolioHostedIntegration-dependency-scan.dia -validate-clang-modules-once -clang-build-session-file /tmp/folio-hosted-queue-1622d9963f2d480fad43029d01951ab1/iphone/dd/ModuleCache.noindex/Session.modulevalidation -Xcc -fmodules-prune-interval\=86400 -Xcc -fmodules-prune-after\=345600 -emit-const-values -const-gather-protocols-list /tmp/folio-hosted-queue-1622d9963f2d480fad43029d01951ab1/iphone/dd/Build/Intermediates.noindex/FolioMobile.build/Debug-iphonesimulator/FolioHostedIntegration.build/Objects-normal/x86_64/FolioHostedIntegration_const_extract_protocols.json -Xcc -iquote -Xcc /tmp/folio-hosted-queue-1622d9963f2d480fad43029d01951ab1/iphone/dd/Build/Intermediates.noindex/FolioMobile.build/Debug-iphonesimulator/FolioHostedIntegration.build/FolioHostedIntegration-generated-files.hmap -Xcc -I/tmp/folio-hosted-queue-1622d9963f2d480fad43029d01951ab1/iphone/dd/Build/Intermediates.noindex/FolioMobile.build/Debug-iphonesimulator/FolioHostedIntegration.build/FolioHostedIntegration-own-target-headers.hmap -Xcc -I/tmp/folio-hosted-queue-1622d9963f2d480fad43029d01951ab1/iphone/dd/Build/Intermediates.noindex/FolioMobile.build/Debug-iphonesimulator/FolioHostedIntegration.build/FolioHostedIntegration-all-target-headers.hmap -Xcc -iquote -Xcc /tmp/folio-hosted-queue-1622d9963f2d480fad43029d01951ab1/iphone/dd/Build/Intermediates.noindex/FolioMobile.build/Debug-iphonesimulator/FolioHostedIntegration.build/FolioHostedIntegration-project-headers.hmap -Xcc -I/tmp/folio-hosted-queue-1622d9963f2d480fad43029d01951ab1/iphone/dd/Build/Products/Debug-iphonesimulator/include -Xcc -I/tmp/folio-hosted-queue-1622d9963f2d480fad43029d01951ab1/iphone/dd/Build/Intermediates.noindex/FolioMobile.build/Debug-iphonesimulator/FolioHostedIntegration.build/DerivedSources-normal/x86_64 -Xcc -I/tmp/folio-hosted-queue-1622d9963f2d480fad43029d01951ab1/iphone/dd/Build/Intermediates.noindex/FolioMobile.build/Debug-iphonesimulator/FolioHostedIntegration.build/DerivedSources/x86_64 -Xcc -I/tmp/folio-hosted-queue-1622d9963f2d480fad43029d01951ab1/iphone/dd/Build/Intermediates.noindex/FolioMobile.build/Debug-iphonesimulator/FolioHostedIntegration.build/DerivedSources -Xcc -DDEBUG\=1 -emit-objc-header -emit-objc-header-path /tmp/folio-hosted-queue-1622d9963f2d480fad43029d01951ab1/iphone/dd/Build/Intermediates.noindex/FolioMobile.build/Debug-iphonesimulator/FolioHostedIntegration.build/Objects-normal/x86_64/FolioHostedIntegration-Swift.h -working-directory /tmp/folio-hosted-queue-1622d9963f2d480fad43029d01951ab1/iphone -experimental-emit-module-separately -disable-cmo

ProcessInfoPlistFile /tmp/folio-hosted-queue-1622d9963f2d480fad43029d01951ab1/iphone/dd/Build/Products/Debug-iphonesimulator/Folio.app/PlugIns/FolioHostedIntegration.xctest/Info.plist /tmp/folio-hosted-queue-1622d9963f2d480fad43029d01951ab1/iphone/dd/Build/Intermediates.noindex/FolioMobile.build/Debug-iphonesimulator/FolioHostedIntegration.build/empty-FolioHostedIntegration.plist (in target 'FolioHostedIntegration' from project 'FolioMobile')
    cd /tmp/folio-hosted-queue-1622d9963f2d480fad43029d01951ab1/iphone
    builtin-infoPlistUtility /tmp/folio-hosted-queue-1622d9963f2d480fad43029d01951ab1/iphone/dd/Build/Intermediates.noindex/FolioMobile.build/Debug-iphonesimulator/FolioHostedIntegration.build/empty-FolioHostedIntegration.plist -producttype com.apple.product-type.bundle.unit-test -expandbuildsettings -format binary -platform iphonesimulator -o /tmp/folio-hosted-queue-1622d9963f2d480fad43029d01951ab1/iphone/dd/Build/Products/Debug-iphonesimulator/Folio.app/PlugIns/FolioHostedIntegration.xctest/Info.plist

Ld /tmp/folio-hosted-queue-1622d9963f2d480fad43029d01951ab1/iphone/dd/Build/Intermediates.noindex/FolioMobile.build/Debug-iphonesimulator/FolioHostedIntegration.build/Objects-normal/x86_64/Binary/FolioHostedIntegration normal x86_64 (in target 'FolioHostedIntegration' from project 'FolioMobile')
    cd /tmp/folio-hosted-queue-1622d9963f2d480fad43029d01951ab1/iphone
    /Applications/Xcode.app/Contents/Developer/Toolchains/XcodeDefault.xctoolchain/usr/bin/clang -Xlinker -reproducible -target x86_64-apple-ios18.0-simulator -bundle -isysroot /Applications/Xcode.app/Contents/Developer/Platforms/iPhoneSimulator.platform/Developer/SDKs/iPhoneSimulator27.0.sdk -O0 -Xlinker -no_warn_duplicate_libraries -L/tmp/folio-hosted-queue-1622d9963f2d480fad43029d01951ab1/iphone/dd/Build/Intermediates.noindex/EagerLinkingTBDs/Debug-iphonesimulator -L/tmp/folio-hosted-queue-1622d9963f2d480fad43029d01951ab1/iphone/dd/Build/Products/Debug-iphonesimulator -L/Applications/Xcode.app/Contents/Developer/Platforms/iPhoneSimulator.platform/Developer/usr/lib -F/tmp/folio-hosted-queue-1622d9963f2d480fad43029d01951ab1/iphone/dd/Build/Intermediates.noindex/EagerLinkingTBDs/Debug-iphonesimulator -F/tmp/folio-hosted-queue-1622d9963f2d480fad43029d01951ab1/iphone/dd/Build/Products/Debug-iphonesimulator -iframework /Applications/Xcode.app/Contents/Developer/Platforms/iPhoneSimulator.platform/Developer/Library/Frameworks -iframework /Applications/Xcode.app/Contents/Developer/Platforms/iPhoneSimulator.platform/Developer/SDKs/iPhoneSimulator27.0.sdk/Developer/Library/Frameworks -filelist /tmp/folio-hosted-queue-1622d9963f2d480fad43029d01951ab1/iphone/dd/Build/Intermediates.noindex/FolioMobile.build/Debug-iphonesimulator/FolioHostedIntegration.build/Objects-normal/x86_64/FolioHostedIntegration.LinkFileList -Xlinker -rpath -Xlinker /usr/lib/swift -Xlinker -rpath -Xlinker @loader_path/Frameworks -Xlinker -rpath -Xlinker @executable_path/Frameworks -Xlinker -dead_strip -bundle_loader /tmp/folio-hosted-queue-1622d9963f2d480fad43029d01951ab1/iphone/dd/Build/Products/Debug-iphonesimulator/Folio.app/Folio -Xlinker -object_path_lto -Xlinker /tmp/folio-hosted-queue-1622d9963f2d480fad43029d01951ab1/iphone/dd/Build/Intermediates.noindex/FolioMobile.build/Debug-iphonesimulator/FolioHostedIntegration.build/Objects-normal/x86_64/FolioHostedIntegration_lto.o -rdynamic -Xlinker -no_deduplicate -Xlinker -objc_abi_version -Xlinker 2 -Xlinker -dependency_info -Xlinker /tmp/folio-hosted-queue-1622d9963f2d480fad43029d01951ab1/iphone/dd/Build/Intermediates.noindex/FolioMobile.build/Debug-iphonesimulator/FolioHostedIntegration.build/Objects-normal/x86_64/FolioHostedIntegration_dependency_info.dat -fobjc-link-runtime -L/Applications/Xcode.app/Contents/Developer/Toolchains/XcodeDefault.xctoolchain/usr/lib/swift/iphonesimulator -L/usr/lib/swift -Xlinker -add_ast_path -Xlinker /tmp/folio-hosted-queue-1622d9963f2d480fad43029d01951ab1/iphone/dd/Build/Intermediates.noindex/FolioMobile.build/Debug-iphonesimulator/FolioHostedIntegration.build/Objects-normal/x86_64/FolioHostedIntegration.swiftmodule -Xlinker -needed_framework -Xlinker XCTest -framework XCTest -Xlinker -needed-lXCTestSwiftSupport -lXCTestSwiftSupport /tmp/folio-hosted-queue-1622d9963f2d480fad43029d01951ab1/iphone/dd/Build/Products/Debug-iphonesimulator/Folio.app/Folio.debug.dylib -o /tmp/folio-hosted-queue-1622d9963f2d480fad43029d01951ab1/iphone/dd/Build/Intermediates.noindex/FolioMobile.build/Debug-iphonesimulator/FolioHostedIntegration.build/Objects-normal/x86_64/Binary/FolioHostedIntegration

SwiftDriverJobDiscovery normal arm64 Compiling HostedIntegrationTests.swift (in target 'FolioHostedIntegration' from project 'FolioMobile')

SwiftDriver\ Compilation FolioHostedIntegration normal arm64 com.apple.xcode.tools.swift.compiler (in target 'FolioHostedIntegration' from project 'FolioMobile')
    cd /tmp/folio-hosted-queue-1622d9963f2d480fad43029d01951ab1/iphone
    builtin-Swift-Compilation -- /Applications/Xcode.app/Contents/Developer/Toolchains/XcodeDefault.xctoolchain/usr/bin/swiftc -module-name FolioHostedIntegration -Onone @/tmp/folio-hosted-queue-1622d9963f2d480fad43029d01951ab1/iphone/dd/Build/Intermediates.noindex/FolioMobile.build/Debug-iphonesimulator/FolioHostedIntegration.build/Objects-normal/arm64/FolioHostedIntegration.SwiftFileList -DDEBUG -plugin-path /Applications/Xcode.app/Contents/Developer/Toolchains/XcodeDefault.xctoolchain/usr/lib/swift/host/plugins/testing -enable-bare-slash-regex -enable-experimental-feature DebugDescriptionMacro -sdk /Applications/Xcode.app/Contents/Developer/Platforms/iPhoneSimulator.platform/Developer/SDKs/iPhoneSimulator27.0.sdk -target arm64-apple-ios18.0-simulator -g -module-cache-path /tmp/folio-hosted-queue-1622d9963f2d480fad43029d01951ab1/iphone/dd/ModuleCache.noindex -Xfrontend -serialize-debugging-options -enable-testing -index-store-path /tmp/folio-hosted-queue-1622d9963f2d480fad43029d01951ab1/iphone/dd/Index.noindex/DataStore -Xcc -D_LIBCPP_HARDENING_MODE\=_LIBCPP_HARDENING_MODE_DEBUG -swift-version 5 -I /tmp/folio-hosted-queue-1622d9963f2d480fad43029d01951ab1/iphone/dd/Build/Products/Debug-iphonesimulator -Isystem /Applications/Xcode.app/Contents/Developer/Platforms/iPhoneSimulator.platform/Developer/usr/lib -F /tmp/folio-hosted-queue-1622d9963f2d480fad43029d01951ab1/iphone/dd/Build/Products/Debug-iphonesimulator -F /Applications/Xcode.app/Contents/Developer/Platforms/iPhoneSimulator.platform/Developer/Library/Frameworks -F /Applications/Xcode.app/Contents/Developer/Platforms/iPhoneSimulator.platform/Developer/SDKs/iPhoneSimulator27.0.sdk/Developer/Library/Frameworks -parse-as-library -c -j10 -enable-batch-mode -incremental -output-file-map /tmp/folio-hosted-queue-1622d9963f2d480fad43029d01951ab1/iphone/dd/Build/Intermediates.noindex/FolioMobile.build/Debug-iphonesimulator/FolioHostedIntegration.build/Objects-normal/arm64/FolioHostedIntegration-OutputFileMap.json -save-temps -no-color-diagnostics -explicit-module-build -module-cache-path /tmp/folio-hosted-queue-1622d9963f2d480fad43029d01951ab1/iphone/dd/Build/Intermediates.noindex/SwiftExplicitPrecompiledModules -clang-scanner-module-cache-path /tmp/folio-hosted-queue-1622d9963f2d480fad43029d01951ab1/iphone/dd/ModuleCache.noindex -sdk-module-cache-path /tmp/folio-hosted-queue-1622d9963f2d480fad43029d01951ab1/iphone/dd/SDKExplicitPrecompiledModules -emit-dependencies -emit-module -emit-module-path /tmp/folio-hosted-queue-1622d9963f2d480fad43029d01951ab1/iphone/dd/Build/Intermediates.noindex/FolioMobile.build/Debug-iphonesimulator/FolioHostedIntegration.build/Objects-normal/arm64/FolioHostedIntegration.swiftmodule -serialize-diagnostics -dependency-scan-serialize-diagnostics-path /tmp/folio-hosted-queue-1622d9963f2d480fad43029d01951ab1/iphone/dd/Build/Intermediates.noindex/FolioMobile.build/Debug-iphonesimulator/FolioHostedIntegration.build/Objects-normal/arm64/FolioHostedIntegration-dependency-scan.dia -validate-clang-modules-once -clang-build-session-file /tmp/folio-hosted-queue-1622d9963f2d480fad43029d01951ab1/iphone/dd/ModuleCache.noindex/Session.modulevalidation -Xcc -fmodules-prune-interval\=86400 -Xcc -fmodules-prune-after\=345600 -emit-const-values -const-gather-protocols-list /tmp/folio-hosted-queue-1622d9963f2d480fad43029d01951ab1/iphone/dd/Build/Intermediates.noindex/FolioMobile.build/Debug-iphonesimulator/FolioHostedIntegration.build/Objects-normal/arm64/FolioHostedIntegration_const_extract_protocols.json -Xcc -iquote -Xcc /tmp/folio-hosted-queue-1622d9963f2d480fad43029d01951ab1/iphone/dd/Build/Intermediates.noindex/FolioMobile.build/Debug-iphonesimulator/FolioHostedIntegration.build/FolioHostedIntegration-generated-files.hmap -Xcc -I/tmp/folio-hosted-queue-1622d9963f2d480fad43029d01951ab1/iphone/dd/Build/Intermediates.noindex/FolioMobile.build/Debug-iphonesimulator/FolioHostedIntegration.build/FolioHostedIntegration-own-target-headers.hmap -Xcc -I/tmp/folio-hosted-queue-1622d9963f2d480fad43029d01951ab1/iphone/dd/Build/Intermediates.noindex/FolioMobile.build/Debug-iphonesimulator/FolioHostedIntegration.build/FolioHostedIntegration-all-target-headers.hmap -Xcc -iquote -Xcc /tmp/folio-hosted-queue-1622d9963f2d480fad43029d01951ab1/iphone/dd/Build/Intermediates.noindex/FolioMobile.build/Debug-iphonesimulator/FolioHostedIntegration.build/FolioHostedIntegration-project-headers.hmap -Xcc -I/tmp/folio-hosted-queue-1622d9963f2d480fad43029d01951ab1/iphone/dd/Build/Products/Debug-iphonesimulator/include -Xcc -I/tmp/folio-hosted-queue-1622d9963f2d480fad43029d01951ab1/iphone/dd/Build/Intermediates.noindex/FolioMobile.build/Debug-iphonesimulator/FolioHostedIntegration.build/DerivedSources-normal/arm64 -Xcc -I/tmp/folio-hosted-queue-1622d9963f2d480fad43029d01951ab1/iphone/dd/Build/Intermediates.noindex/FolioMobile.build/Debug-iphonesimulator/FolioHostedIntegration.build/DerivedSources/arm64 -Xcc -I/tmp/folio-hosted-queue-1622d9963f2d480fad43029d01951ab1/iphone/dd/Build/Intermediates.noindex/FolioMobile.build/Debug-iphonesimulator/FolioHostedIntegration.build/DerivedSources -Xcc -DDEBUG\=1 -emit-objc-header -emit-objc-header-path /tmp/folio-hosted-queue-1622d9963f2d480fad43029d01951ab1/iphone/dd/Build/Intermediates.noindex/FolioMobile.build/Debug-iphonesimulator/FolioHostedIntegration.build/Objects-normal/arm64/FolioHostedIntegration-Swift.h -working-directory /tmp/folio-hosted-queue-1622d9963f2d480fad43029d01951ab1/iphone -experimental-emit-module-separately -disable-cmo

Ld /tmp/folio-hosted-queue-1622d9963f2d480fad43029d01951ab1/iphone/dd/Build/Intermediates.noindex/FolioMobile.build/Debug-iphonesimulator/FolioHostedIntegration.build/Objects-normal/arm64/Binary/FolioHostedIntegration normal arm64 (in target 'FolioHostedIntegration' from project 'FolioMobile')
    cd /tmp/folio-hosted-queue-1622d9963f2d480fad43029d01951ab1/iphone
    /Applications/Xcode.app/Contents/Developer/Toolchains/XcodeDefault.xctoolchain/usr/bin/clang -Xlinker -reproducible -target arm64-apple-ios18.0-simulator -bundle -isysroot /Applications/Xcode.app/Contents/Developer/Platforms/iPhoneSimulator.platform/Developer/SDKs/iPhoneSimulator27.0.sdk -O0 -Xlinker -no_warn_duplicate_libraries -L/tmp/folio-hosted-queue-1622d9963f2d480fad43029d01951ab1/iphone/dd/Build/Intermediates.noindex/EagerLinkingTBDs/Debug-iphonesimulator -L/tmp/folio-hosted-queue-1622d9963f2d480fad43029d01951ab1/iphone/dd/Build/Products/Debug-iphonesimulator -L/Applications/Xcode.app/Contents/Developer/Platforms/iPhoneSimulator.platform/Developer/usr/lib -F/tmp/folio-hosted-queue-1622d9963f2d480fad43029d01951ab1/iphone/dd/Build/Intermediates.noindex/EagerLinkingTBDs/Debug-iphonesimulator -F/tmp/folio-hosted-queue-1622d9963f2d480fad43029d01951ab1/iphone/dd/Build/Products/Debug-iphonesimulator -iframework /Applications/Xcode.app/Contents/Developer/Platforms/iPhoneSimulator.platform/Developer/Library/Frameworks -iframework /Applications/Xcode.app/Contents/Developer/Platforms/iPhoneSimulator.platform/Developer/SDKs/iPhoneSimulator27.0.sdk/Developer/Library/Frameworks -filelist /tmp/folio-hosted-queue-1622d9963f2d480fad43029d01951ab1/iphone/dd/Build/Intermediates.noindex/FolioMobile.build/Debug-iphonesimulator/FolioHostedIntegration.build/Objects-normal/arm64/FolioHostedIntegration.LinkFileList -Xlinker -rpath -Xlinker /usr/lib/swift -Xlinker -rpath -Xlinker @loader_path/Frameworks -Xlinker -rpath -Xlinker @executable_path/Frameworks -Xlinker -dead_strip -bundle_loader /tmp/folio-hosted-queue-1622d9963f2d480fad43029d01951ab1/iphone/dd/Build/Products/Debug-iphonesimulator/Folio.app/Folio -Xlinker -object_path_lto -Xlinker /tmp/folio-hosted-queue-1622d9963f2d480fad43029d01951ab1/iphone/dd/Build/Intermediates.noindex/FolioMobile.build/Debug-iphonesimulator/FolioHostedIntegration.build/Objects-normal/arm64/FolioHostedIntegration_lto.o -rdynamic -Xlinker -no_deduplicate -Xlinker -objc_abi_version -Xlinker 2 -Xlinker -dependency_info -Xlinker /tmp/folio-hosted-queue-1622d9963f2d480fad43029d01951ab1/iphone/dd/Build/Intermediates.noindex/FolioMobile.build/Debug-iphonesimulator/FolioHostedIntegration.build/Objects-normal/arm64/FolioHostedIntegration_dependency_info.dat -fobjc-link-runtime -L/Applications/Xcode.app/Contents/Developer/Toolchains/XcodeDefault.xctoolchain/usr/lib/swift/iphonesimulator -L/usr/lib/swift -Xlinker -add_ast_path -Xlinker /tmp/folio-hosted-queue-1622d9963f2d480fad43029d01951ab1/iphone/dd/Build/Intermediates.noindex/FolioMobile.build/Debug-iphonesimulator/FolioHostedIntegration.build/Objects-normal/arm64/FolioHostedIntegration.swiftmodule -Xlinker -needed_framework -Xlinker XCTest -framework XCTest -Xlinker -needed-lXCTestSwiftSupport -lXCTestSwiftSupport /tmp/folio-hosted-queue-1622d9963f2d480fad43029d01951ab1/iphone/dd/Build/Products/Debug-iphonesimulator/Folio.app/Folio.debug.dylib -o /tmp/folio-hosted-queue-1622d9963f2d480fad43029d01951ab1/iphone/dd/Build/Intermediates.noindex/FolioMobile.build/Debug-iphonesimulator/FolioHostedIntegration.build/Objects-normal/arm64/Binary/FolioHostedIntegration

CreateUniversalBinary /tmp/folio-hosted-queue-1622d9963f2d480fad43029d01951ab1/iphone/dd/Build/Products/Debug-iphonesimulator/Folio.app/PlugIns/FolioHostedIntegration.xctest/FolioHostedIntegration normal arm64\ x86_64 (in target 'FolioHostedIntegration' from project 'FolioMobile')
    cd /tmp/folio-hosted-queue-1622d9963f2d480fad43029d01951ab1/iphone
    /Applications/Xcode.app/Contents/Developer/Toolchains/XcodeDefault.xctoolchain/usr/bin/lipo -create /tmp/folio-hosted-queue-1622d9963f2d480fad43029d01951ab1/iphone/dd/Build/Intermediates.noindex/FolioMobile.build/Debug-iphonesimulator/FolioHostedIntegration.build/Objects-normal/arm64/Binary/FolioHostedIntegration /tmp/folio-hosted-queue-1622d9963f2d480fad43029d01951ab1/iphone/dd/Build/Intermediates.noindex/FolioMobile.build/Debug-iphonesimulator/FolioHostedIntegration.build/Objects-normal/x86_64/Binary/FolioHostedIntegration -output /tmp/folio-hosted-queue-1622d9963f2d480fad43029d01951ab1/iphone/dd/Build/Products/Debug-iphonesimulator/Folio.app/PlugIns/FolioHostedIntegration.xctest/FolioHostedIntegration

CopySwiftLibs /tmp/folio-hosted-queue-1622d9963f2d480fad43029d01951ab1/iphone/dd/Build/Products/Debug-iphonesimulator/Folio.app/PlugIns/FolioHostedIntegration.xctest (in target 'FolioHostedIntegration' from project 'FolioMobile')
    cd /tmp/folio-hosted-queue-1622d9963f2d480fad43029d01951ab1/iphone
    builtin-swiftStdLibTool --copy --verbose --scan-executable /tmp/folio-hosted-queue-1622d9963f2d480fad43029d01951ab1/iphone/dd/Build/Products/Debug-iphonesimulator/Folio.app/PlugIns/FolioHostedIntegration.xctest/FolioHostedIntegration --scan-folder /tmp/folio-hosted-queue-1622d9963f2d480fad43029d01951ab1/iphone/dd/Build/Products/Debug-iphonesimulator/Folio.app/PlugIns/FolioHostedIntegration.xctest/Frameworks --scan-folder /tmp/folio-hosted-queue-1622d9963f2d480fad43029d01951ab1/iphone/dd/Build/Products/Debug-iphonesimulator/Folio.app/PlugIns/FolioHostedIntegration.xctest/PlugIns --scan-folder /tmp/folio-hosted-queue-1622d9963f2d480fad43029d01951ab1/iphone/dd/Build/Products/Debug-iphonesimulator/Folio.app/PlugIns/FolioHostedIntegration.xctest/SystemExtensions --scan-folder /tmp/folio-hosted-queue-1622d9963f2d480fad43029d01951ab1/iphone/dd/Build/Products/Debug-iphonesimulator/Folio.app/PlugIns/FolioHostedIntegration.xctest/Extensions --platform iphonesimulator --toolchain /Applications/Xcode.app/Contents/Developer/Toolchains/XcodeDefault.xctoolchain --destination /tmp/folio-hosted-queue-1622d9963f2d480fad43029d01951ab1/iphone/dd/Build/Products/Debug-iphonesimulator/Folio.app/PlugIns/FolioHostedIntegration.xctest/Frameworks --strip-bitcode --scan-executable /Applications/Xcode.app/Contents/Developer/Platforms/iPhoneSimulator.platform/Developer/usr/lib/libXCTestSwiftSupport.dylib --strip-bitcode-tool /Applications/Xcode.app/Contents/Developer/Toolchains/XcodeDefault.xctoolchain/usr/bin/bitcode_strip --emit-dependency-info /tmp/folio-hosted-queue-1622d9963f2d480fad43029d01951ab1/iphone/dd/Build/Intermediates.noindex/FolioMobile.build/Debug-iphonesimulator/FolioHostedIntegration.build/SwiftStdLibToolInputDependencies.dep --filter-for-swift-os --back-deploy-swift-span
Ignoring --strip-bitcode because --sign was not passed

ExtractAppIntentsMetadata (in target 'FolioHostedIntegration' from project 'FolioMobile')
    cd /tmp/folio-hosted-queue-1622d9963f2d480fad43029d01951ab1/iphone
    /Applications/Xcode.app/Contents/Developer/Toolchains/XcodeDefault.xctoolchain/usr/bin/appintentsmetadataprocessor --toolchain-dir /Applications/Xcode.app/Contents/Developer/Toolchains/XcodeDefault.xctoolchain --module-name FolioHostedIntegration --sdk-root /Applications/Xcode.app/Contents/Developer/Platforms/iPhoneSimulator.platform/Developer/SDKs/iPhoneSimulator27.0.sdk --xcode-version 27A266a --platform-family iOS --deployment-target 18.0 --bundle-identifier cyou.tianli.TLMarkdown.mobile.hosted-tests --output /tmp/folio-hosted-queue-1622d9963f2d480fad43029d01951ab1/iphone/dd/Build/Products/Debug-iphonesimulator/Folio.app/PlugIns/FolioHostedIntegration.xctest --target-triple arm64-apple-ios18.0-simulator --target-triple x86_64-apple-ios18.0-simulator --binary-file /tmp/folio-hosted-queue-1622d9963f2d480fad43029d01951ab1/iphone/dd/Build/Products/Debug-iphonesimulator/Folio.app/PlugIns/FolioHostedIntegration.xctest/FolioHostedIntegration --dependency-file /tmp/folio-hosted-queue-1622d9963f2d480fad43029d01951ab1/iphone/dd/Build/Intermediates.noindex/FolioMobile.build/Debug-iphonesimulator/FolioHostedIntegration.build/Objects-normal/arm64/FolioHostedIntegration_dependency_info.dat --dependency-file /tmp/folio-hosted-queue-1622d9963f2d480fad43029d01951ab1/iphone/dd/Build/Intermediates.noindex/FolioMobile.build/Debug-iphonesimulator/FolioHostedIntegration.build/Objects-normal/x86_64/FolioHostedIntegration_dependency_info.dat --stringsdata-file /tmp/folio-hosted-queue-1622d9963f2d480fad43029d01951ab1/iphone/dd/Build/Intermediates.noindex/FolioMobile.build/Debug-iphonesimulator/FolioHostedIntegration.build/Objects-normal/arm64/ExtractedAppShortcutsMetadata.stringsdata --stringsdata-file /tmp/folio-hosted-queue-1622d9963f2d480fad43029d01951ab1/iphone/dd/Build/Intermediates.noindex/FolioMobile.build/Debug-iphonesimulator/FolioHostedIntegration.build/Objects-normal/x86_64/ExtractedAppShortcutsMetadata.stringsdata --source-file-list /tmp/folio-hosted-queue-1622d9963f2d480fad43029d01951ab1/iphone/dd/Build/Intermediates.noindex/FolioMobile.build/Debug-iphonesimulator/FolioHostedIntegration.build/Objects-normal/arm64/FolioHostedIntegration.SwiftFileList --source-file-list /tmp/folio-hosted-queue-1622d9963f2d480fad43029d01951ab1/iphone/dd/Build/Intermediates.noindex/FolioMobile.build/Debug-iphonesimulator/FolioHostedIntegration.build/Objects-normal/x86_64/FolioHostedIntegration.SwiftFileList --metadata-file-list /tmp/folio-hosted-queue-1622d9963f2d480fad43029d01951ab1/iphone/dd/Build/Intermediates.noindex/FolioMobile.build/Debug-iphonesimulator/FolioHostedIntegration.build/FolioHostedIntegration.DependencyMetadataFileList --static-metadata-file-list /tmp/folio-hosted-queue-1622d9963f2d480fad43029d01951ab1/iphone/dd/Build/Intermediates.noindex/FolioMobile.build/Debug-iphonesimulator/FolioHostedIntegration.build/FolioHostedIntegration.DependencyStaticMetadataFileList --swift-const-vals-list /tmp/folio-hosted-queue-1622d9963f2d480fad43029d01951ab1/iphone/dd/Build/Intermediates.noindex/FolioMobile.build/Debug-iphonesimulator/FolioHostedIntegration.build/Objects-normal/arm64/FolioHostedIntegration.SwiftConstValuesFileList --swift-const-vals-list /tmp/folio-hosted-queue-1622d9963f2d480fad43029d01951ab1/iphone/dd/Build/Intermediates.noindex/FolioMobile.build/Debug-iphonesimulator/FolioHostedIntegration.build/Objects-normal/x86_64/FolioHostedIntegration.SwiftConstValuesFileList --compile-time-extraction --deployment-aware-processing --no-app-shortcuts-localization
2026-10-04 18:21:57.798 appintentsmetadataprocessor[82151:51213898] Starting appintentsmetadataprocessor export
2026-10-04 18:21:57.799 appintentsmetadataprocessor[82151:51213898] warning: Metadata extraction skipped, no AppIntents.framework dependency found

AppIntentsSSUTraining (in target 'FolioHostedIntegration' from project 'FolioMobile')
    cd /tmp/folio-hosted-queue-1622d9963f2d480fad43029d01951ab1/iphone
    /Applications/Xcode.app/Contents/Developer/Toolchains/XcodeDefault.xctoolchain/usr/bin/appintentsnltrainingprocessor --infoplist-path /tmp/folio-hosted-queue-1622d9963f2d480fad43029d01951ab1/iphone/dd/Build/Products/Debug-iphonesimulator/Folio.app/PlugIns/FolioHostedIntegration.xctest/Info.plist --temp-dir-path /tmp/folio-hosted-queue-1622d9963f2d480fad43029d01951ab1/iphone/dd/Build/Intermediates.noindex/FolioMobile.build/Debug-iphonesimulator/FolioHostedIntegration.build/ssu --bundle-id cyou.tianli.TLMarkdown.mobile.hosted-tests --product-path /tmp/folio-hosted-queue-1622d9963f2d480fad43029d01951ab1/iphone/dd/Build/Products/Debug-iphonesimulator/Folio.app/PlugIns/FolioHostedIntegration.xctest --extracted-metadata-path /tmp/folio-hosted-queue-1622d9963f2d480fad43029d01951ab1/iphone/dd/Build/Products/Debug-iphonesimulator/Folio.app/PlugIns/FolioHostedIntegration.xctest/Metadata.appintents --metadata-file-list /tmp/folio-hosted-queue-1622d9963f2d480fad43029d01951ab1/iphone/dd/Build/Intermediates.noindex/FolioMobile.build/Debug-iphonesimulator/FolioHostedIntegration.build/FolioHostedIntegration.DependencyMetadataFileList --source-file /tmp/folio-hosted-queue-1622d9963f2d480fad43029d01951ab1/iphone/dd/Build/Products/Debug-iphonesimulator/Folio.app/PlugIns/FolioHostedIntegration.xctest/Info.plist --archive-ssu-assets
2026-10-04 18:21:57.821 appintentsnltrainingprocessor[82152:51213899] Parsing options for appintentsnltrainingprocessor
2026-10-04 18:21:57.821 appintentsnltrainingprocessor[82152:51213899] Starting AppIntents SSU YAML Generation
2026-10-04 18:21:57.822 appintentsnltrainingprocessor[82152:51213899] No AppShortcuts found - Skipping.

RegisterExecutionPolicyException /tmp/folio-hosted-queue-1622d9963f2d480fad43029d01951ab1/iphone/dd/Build/Products/Debug-iphonesimulator/Folio.app/PlugIns/FolioHostedIntegration.xctest (in target 'FolioHostedIntegration' from project 'FolioMobile')
    cd /tmp/folio-hosted-queue-1622d9963f2d480fad43029d01951ab1/iphone
    builtin-RegisterExecutionPolicyException /tmp/folio-hosted-queue-1622d9963f2d480fad43029d01951ab1/iphone/dd/Build/Products/Debug-iphonesimulator/Folio.app/PlugIns/FolioHostedIntegration.xctest

Touch /tmp/folio-hosted-queue-1622d9963f2d480fad43029d01951ab1/iphone/dd/Build/Products/Debug-iphonesimulator/Folio.app/PlugIns/FolioHostedIntegration.xctest (in target 'FolioHostedIntegration' from project 'FolioMobile')
    cd /tmp/folio-hosted-queue-1622d9963f2d480fad43029d01951ab1/iphone
    /usr/bin/touch -c /tmp/folio-hosted-queue-1622d9963f2d480fad43029d01951ab1/iphone/dd/Build/Products/Debug-iphonesimulator/Folio.app/PlugIns/FolioHostedIntegration.xctest

RegisterExecutionPolicyException /tmp/folio-hosted-queue-1622d9963f2d480fad43029d01951ab1/iphone/dd/Build/Products/Debug-iphonesimulator/Folio.app (in target 'FolioMobile' from project 'FolioMobile')
    cd /tmp/folio-hosted-queue-1622d9963f2d480fad43029d01951ab1/iphone
    builtin-RegisterExecutionPolicyException /tmp/folio-hosted-queue-1622d9963f2d480fad43029d01951ab1/iphone/dd/Build/Products/Debug-iphonesimulator/Folio.app

Validate /tmp/folio-hosted-queue-1622d9963f2d480fad43029d01951ab1/iphone/dd/Build/Products/Debug-iphonesimulator/Folio.app (in target 'FolioMobile' from project 'FolioMobile')
    cd /tmp/folio-hosted-queue-1622d9963f2d480fad43029d01951ab1/iphone
    builtin-validationUtility /tmp/folio-hosted-queue-1622d9963f2d480fad43029d01951ab1/iphone/dd/Build/Products/Debug-iphonesimulator/Folio.app -shallow-bundle -infoplist-subpath Info.plist

Touch /tmp/folio-hosted-queue-1622d9963f2d480fad43029d01951ab1/iphone/dd/Build/Products/Debug-iphonesimulator/Folio.app (in target 'FolioMobile' from project 'FolioMobile')
    cd /tmp/folio-hosted-queue-1622d9963f2d480fad43029d01951ab1/iphone
    /usr/bin/touch -c /tmp/folio-hosted-queue-1622d9963f2d480fad43029d01951ab1/iphone/dd/Build/Products/Debug-iphonesimulator/Folio.app

PruneExplicitPrecompiledModules /tmp/folio-hosted-queue-1622d9963f2d480fad43029d01951ab1/iphone/dd/Build/Intermediates.noindex/ExplicitPrecompiledModules

PruneExplicitPrecompiledModules /tmp/folio-hosted-queue-1622d9963f2d480fad43029d01951ab1/iphone/dd/Build/Intermediates.noindex/SwiftExplicitPrecompiledModules

PruneExplicitPrecompiledModules /tmp/folio-hosted-queue-1622d9963f2d480fad43029d01951ab1/iphone/dd/SDKExplicitPrecompiledModules

** TEST BUILD SUCCEEDED **

